uf,municipio,ativa,baixada,outras,total,taxa_atividade_pct
SP,ADAMANTINA,7142,9247,1586,17975,39.7
SP,ADOLFO,902,1138,153,2193,41.1
SP,AGUAI,5664,6915,1330,13909,40.7
SP,AGUAS DA PRATA,1674,2006,314,3994,41.9
SP,AGUAS DE LINDOIA,4006,5279,1194,10479,38.2
SP,AGUAS DE SANTA BARBARA,1891,1895,466,4252,44.5
SP,AGUAS DE SAO PEDRO,979,1627,388,2994,32.7
SP,AGUDOS,6578,8597,2220,17395,37.8
SP,ALAMBARI,1092,1106,185,2383,45.8
SP,ALFREDO MARCONDES,1300,1036,149,2485,52.3
SP,ALTAIR,811,912,150,1873,43.3
SP,ALTINOPOLIS,3856,3951,726,8533,45.2
SP,ALTO ALEGRE,2226,1609,152,3987,55.8
SP,ALUMINIO,1819,2818,812,5449,33.4
SP,ALVARES FLORENCE,2359,1400,128,3887,60.7
SP,ALVARES MACHADO,5804,4285,1029,11118,52.2
SP,ALVARO DE CARVALHO,500,823,99,1422,35.2
SP,ALVINLANDIA,559,825,133,1517,36.8
SP,AMERICANA,47461,52727,14961,115149,41.2
SP,AMERICO BRASILIENSE,4138,6799,1707,12644,32.7
SP,AMERICO DE CAMPOS,1819,1705,244,3768,48.3
SP,AMPARO,11923,15154,3122,30199,39.5
SP,ANALANDIA,1076,1394,265,2735,39.3
SP,ANDRADINA,10824,14573,3056,28453,38.0
SP,ANGATUBA,5092,5044,993,11129,45.8
SP,ANHEMBI,1597,1526,421,3544,45.1
SP,ANHUMAS,1496,1033,190,2719,55.0
SP,APARECIDA,5887,12376,2952,21215,27.7
SP,APARECIDA D'OESTE,1599,1409,307,3315,48.2
SP,APIAI,5032,5345,1364,11741,42.9
SP,ARACARIGUAMA,3581,4073,1313,8967,39.9
SP,ARACATUBA,40873,48965,13253,103091,39.6
SP,ARACOIABA DA SERRA,6670,6240,1528,14438,46.2
SP,ARAMINA,1304,1212,251,2767,47.1
SP,ARANDU,1491,1311,368,3170,47.0
SP,ARAPEI,390,755,138,1283,30.4
SP,ARARAQUARA,42269,51835,13150,107254,39.4
SP,ARARAS,22066,24604,6600,53270,41.4
SP,ARCO-IRIS,1224,856,47,2127,57.5
SP,AREALVA,3300,2258,285,5843,56.5
SP,AREIAS,616,1137,154,1907,32.3
SP,AREIOPOLIS,1225,1964,520,3709,33.0
SP,ARIRANHA,1411,1856,297,3564,39.6
SP,ARTUR NOGUEIRA,9997,8905,2219,21121,47.3
SP,ARUJA,15145,14922,4214,34281,44.2
SP,ASPASIA,823,754,61,1638,50.2
SP,ASSIS,20277,24384,6763,51424,39.4
SP,ATIBAIA,36610,35078,8870,80558,45.4
SP,AURIFLAMA,4784,3892,630,9306,51.4
SP,AVAI,1352,1347,189,2888,46.8
SP,AVANHANDAVA,1859,2409,515,4783,38.9
SP,AVARE,15889,20559,5717,42165,37.7
SP,BADY BASSITT,6364,5531,1387,13282,47.9
SP,BALBINOS,376,487,123,986,38.1
SP,BALSAMO,2753,2938,428,6119,45.0
SP,BANANAL,1620,2324,438,4382,37.0
SP,BARAO DE ANTONINA,832,751,130,1713,48.6
SP,BARBOSA,1309,1578,331,3218,40.7
SP,BARIRI,6507,6994,1381,14882,43.7
SP,BARRA BONITA,6189,9193,1722,17104,36.2
SP,BARRA DO CHAPEU,1807,877,167,2851,63.4
SP,BARRA DO TURVO,1685,1173,355,3213,52.4
SP,BARRETOS,23708,24903,6743,55354,42.8
SP,BARRINHA,3772,4839,1648,10259,36.8
SP,BARUERI,85881,72960,22897,181738,47.3
SP,BASTOS,3297,4704,801,8802,37.5
SP,BATATAIS,11232,12031,2876,26139,43.0
SP,BAURU,74064,93357,26623,194044,38.2
SP,BEBEDOURO,14289,16475,4236,35000,40.8
SP,BENTO DE ABREU,573,722,121,1416,40.5
SP,BERNARDINO DE CAMPOS,2219,2561,538,5318,41.7
SP,BERTIOGA,12334,9952,3848,26134,47.2
SP,BILAC,2444,2456,179,5079,48.1
SP,BIRIGUI,23142,26111,6432,55685,41.6
SP,BIRITIBA-MIRIM,3832,5253,1335,10420,36.8
SP,BOA ESPERANCA DO SUL,2217,2873,624,5714,38.8
SP,BOCAINA,2137,2643,517,5297,40.3
SP,BOFETE,3300,2561,635,6496,50.8
SP,BOITUVA,12532,11689,3201,27422,45.7
SP,BOM JESUS DOS PERDOES,4130,4783,1205,10118,40.8
SP,BOM SUCESSO DE ITARARE,620,782,214,1616,38.4
SP,BORA,324,443,54,821,39.5
SP,BORACEIA,1022,1288,255,2565,39.8
SP,BORBOREMA,4910,4558,788,10256,47.9
SP,BOREBI,581,822,153,1556,37.3
SP,BOTUCATU,26560,30179,8339,65078,40.8
SP,BRAGANCA PAULISTA,34742,39120,9337,83199,41.8
SP,BRAUNA,1560,1645,245,3450,45.2
SP,BREJO ALEGRE,670,741,103,1514,44.3
SP,BRODOWSKI,5301,5653,1049,12003,44.2
SP,BROTAS,5216,5342,1100,11658,44.7
SP,BURI,3932,3842,1025,8799,44.7
SP,BURITAMA,4752,4599,917,10268,46.3
SP,BURITIZAL,1653,1290,202,3145,52.6
SP,CABRALIA PAULISTA,998,1626,222,2846,35.1
SP,CABREUVA,7096,7687,2556,17339,40.9
SP,CACAPAVA,12564,17118,4873,34555,36.4
SP,CACHOEIRA PAULISTA,3904,6515,1419,11838,33.0
SP,CACONDE,6370,5163,727,12260,52.0
SP,CAFELANDIA,3691,4134,778,8603,42.9
SP,CAIABU,1071,1148,197,2416,44.3
SP,CAIEIRAS,14440,15318,4535,34293,42.1
SP,CAIUA,1703,1370,151,3224,52.8
SP,CAJAMAR,16412,15387,4774,36573,44.9
SP,CAJATI,3436,3855,1217,8508,40.4
SP,CAJOBI,1919,2433,413,4765,40.3
SP,CAJURU,4719,5251,986,10956,43.1
SP,CAMPINA DO MONTE ALEGRE,1261,2384,571,4216,29.9
SP,CAMPINAS,237022,268896,73445,579363,40.9
SP,CAMPO LIMPO PAULISTA,10602,12944,3746,27292,38.8
SP,CAMPOS DO JORDAO,9673,13335,3927,26935,35.9
SP,CAMPOS NOVOS PAULISTA,1935,1329,238,3502,55.3
SP,CANANEIA,1878,2645,884,5407,34.7
SP,CANAS,630,1154,296,2080,30.3
SP,CANDIDO MOTA,7745,6326,1408,15479,50.0
SP,CANDIDO RODRIGUES,958,880,172,2010,47.7
SP,CANITAR,840,1152,230,2222,37.8
SP,CAPAO BONITO,8040,9359,2061,19460,41.3
SP,CAPELA DO ALTO,3303,3941,769,8013,41.2
SP,CAPIVARI,7761,9408,2333,19502,39.8
SP,CARAGUATATUBA,22872,27348,9516,59736,38.3
SP,CARAPICUIBA,51381,61655,20282,133318,38.5
SP,CARDOSO,3816,3747,740,8303,46.0
SP,CASA BRANCA,5387,6694,1326,13407,40.2
SP,CASSIA DOS COQUEIROS,1077,1044,124,2245,48.0
SP,CASTILHO,4497,4441,835,9773,46.0
SP,CATANDUVA,20974,27756,6530,55260,38.0
SP,CATIGUA,1061,1476,187,2724,39.0
SP,CEDRAL,3464,3190,608,7262,47.7
SP,CERQUEIRA CESAR,4017,4190,921,9128,44.0
SP,CERQUILHO,8069,9418,1955,19442,41.5
SP,CESARIO LANGE,3107,3710,632,7449,41.7
SP,CHARQUEADA,2875,3626,546,7047,40.8
SP,CHAVANTES,1781,3028,584,5393,33.0
SP,CLEMENTINA,1525,1552,350,3427,44.5
SP,COLINA,3467,3521,667,7655,45.3
SP,COLOMBIA,1886,1633,353,3872,48.7
SP,CONCHAL,4409,5314,1040,10763,41.0
SP,CONCHAS,4081,3585,1142,8808,46.3
SP,CORDEIROPOLIS,4439,4820,905,10164,43.7
SP,COROADOS,1899,1999,326,4224,45.0
SP,CORONEL MACEDO,1128,959,142,2229,50.6
SP,CORUMBATAI,1345,1121,163,2629,51.2
SP,COSMOPOLIS,7369,10254,3128,20751,35.5
SP,COSMORAMA,3611,2686,384,6681,54.0
SP,COTIA,50604,46959,15364,112927,44.8
SP,CRAVINHOS,6792,7607,2037,16436,41.3
SP,CRISTAIS PAULISTA,2308,2082,369,4759,48.5
SP,CRUZALIA,1078,923,145,2146,50.2
SP,CRUZEIRO,9417,17050,4530,30997,30.4
SP,CUBATAO,16227,18454,5288,39969,40.6
SP,CUNHA,6353,4436,638,11427,55.6
SP,DESCALVADO,7305,6749,1555,15609,46.8
SP,DIADEMA,54274,66536,22281,143091,37.9
SP,DIRCE REIS,615,571,36,1222,50.3
SP,DIVINOLANDIA,4328,4077,384,8789,49.2
SP,DOBRADA,1099,1649,389,3137,35.0
SP,DOIS CORREGOS,4794,5365,1066,11225,42.7
SP,DOLCINOPOLIS,692,704,101,1497,46.2
SP,DOURADO,1653,2404,462,4519,36.6
SP,DRACENA,9135,10080,2432,21647,42.2
SP,DUARTINA,2597,3588,566,6751,38.5
SP,DUMONT,2284,2057,405,4746,48.1
SP,ECHAPORA,2074,1643,408,4125,50.3
SP,ELDORADO,2885,2430,629,5944,48.5
SP,ELIAS FAUSTO,3408,3114,687,7209,47.3
SP,ELISIARIO,524,725,105,1354,38.7
SP,EMBAUBA,773,785,79,1637,47.2
SP,EMBU DAS ARTES,33916,39261,13621,86798,39.1
SP,EMBU-GUACU,8470,10049,3319,21838,38.8
SP,EMILIANOPOLIS,916,641,103,1660,55.2
SP,ENGENHEIRO COELHO,3405,3335,807,7547,45.1
SP,ESPIRITO SANTO DO PINHAL,7653,9011,1744,18408,41.6
SP,ESPIRITO SANTO DO TURVO,1153,1350,207,2710,42.5
SP,ESTIVA GERBI,1799,2331,479,4609,39.0
SP,ESTRELA D'OESTE,3013,2382,423,5818,51.8
SP,ESTRELA DO NORTE,766,787,114,1667,46.0
SP,EUCLIDES DA CUNHA PAULISTA,2239,1658,301,4198,53.3
SP,FARTURA,3961,3827,715,8503,46.6
SP,FERNANDOPOLIS,12935,16230,3651,32816,39.4
SP,FERNANDO PRESTES,2042,1543,221,3806,53.7
SP,FERNAO,723,535,41,1299,55.7
SP,FERRAZ DE VASCONCELOS,20851,25921,8199,54971,37.9
SP,FLORA RICA,604,623,81,1308,46.2
SP,FLOREAL,1385,1119,117,2621,52.8
SP,FLORIDA PAULISTA,2830,2366,396,5592,50.6
SP,FLORINEA,1178,987,206,2371,49.7
SP,FRANCA,74284,84094,22219,180597,41.1
SP,FRANCISCO MORATO,17666,20526,6907,45099,39.2
SP,FRANCO DA ROCHA,16849,19512,5950,42311,39.8
SP,GABRIEL MONTEIRO,1031,1121,82,2234,46.2
SP,GALIA,1499,1578,320,3397,44.1
SP,GARCA,8054,9960,2233,20247,39.8
SP,GASTAO VIDIGAL,1222,1140,107,2469,49.5
SP,GAVIAO PEIXOTO,841,1167,219,2227,37.8
SP,GENERAL SALGADO,2988,3593,497,7078,42.2
SP,GETULINA,2448,2332,507,5287,46.3
SP,GLICERIO,1431,1533,225,3189,44.9
SP,GUAICARA,2415,2876,714,6005,40.2
SP,GUAIMBE,1159,1605,356,3120,37.1
SP,GUAIRA,7911,8010,1846,17767,44.5
SP,GUAPIACU,4594,4861,867,10322,44.5
SP,GUAPIARA,5331,3575,624,9530,55.9
SP,GUARA,2949,4169,1243,8361,35.3
SP,GUARACAI,2285,2401,213,4899,46.6
SP,GUARACI,2127,2269,511,4907,43.3
SP,GUARANI D'OESTE,731,871,135,1737,42.1
SP,GUARANTA,1471,1749,244,3464,42.5
SP,GUARARAPES,6332,7070,1545,14947,42.4
SP,GUARAREMA,5688,7272,1680,14640,38.9
SP,GUARATINGUETA,17628,25034,6446,49108,35.9
SP,GUAREI,2780,2342,527,5649,49.2
SP,GUARIBA,5354,6632,1661,13647,39.2
SP,GUARUJA,48922,52217,19314,120453,40.6
SP,GUARULHOS,212263,235624,75807,523694,40.5
SP,GUATAPARA,1906,1750,368,4024,47.4
SP,GUZOLANDIA,1734,1473,186,3393,51.1
SP,HERCULANDIA,2441,2273,365,5079,48.1
SP,HOLAMBRA,3970,2718,518,7206,55.1
SP,HORTOLANDIA,38939,39001,12820,90760,42.9
SP,IACANGA,2451,2490,531,5472,44.8
SP,IACRI,2184,1923,212,4319,50.6
SP,IARAS,1467,1144,254,2865,51.2
SP,IBATE,4090,5075,1898,11063,37.0
SP,IBIRA,3084,3520,575,7179,43.0
SP,IBIRAREMA,2153,2676,408,5237,41.1
SP,IBITINGA,14208,16621,3082,33911,41.9
SP,IBIUNA,13639,10731,3511,27881,48.9
SP,ICEM,1441,2022,436,3899,37.0
SP,IEPE,2041,2069,289,4399,46.4
SP,IGARACU DO TIETE,2602,4275,1121,7998,32.5
SP,IGARAPAVA,4607,5483,1392,11482,40.1
SP,IGARATA,2162,2129,495,4786,45.2
SP,IGUAPE,4527,5603,1473,11603,39.0
SP,ILHABELA,7407,7836,2409,17652,42.0
SP,ILHA COMPRIDA,2586,3435,1176,7197,35.9
SP,ILHA SOLTEIRA,4173,4920,1175,10268,40.6
SP,INDAIATUBA,52366,48619,12645,113630,46.1
SP,INDIANA,1327,1477,320,3124,42.5
SP,INDIAPORA,1489,1307,150,2946,50.5
SP,INUBIA PAULISTA,825,1065,182,2072,39.8
SP,IPAUSSU,1948,2938,621,5507,35.4
SP,IPERO,4176,5083,1451,10710,39.0
SP,IPEUNA,1843,1536,238,3617,51.0
SP,IPIGUA,1672,1220,234,3126,53.5
SP,IPORANGA,747,949,196,1892,39.5
SP,IPUA,2278,2698,724,5700,40.0
SP,IRACEMAPOLIS,3504,4653,1067,9224,38.0
SP,IRAPUA,2053,1900,268,4221,48.6
SP,IRAPURU,1849,1790,312,3951,46.8
SP,ITABERA,5018,3866,829,9713,51.7
SP,ITAI,4694,4851,1000,10545,44.5
SP,ITAJOBI,5623,4308,694,10625,52.9
SP,ITAJU,1383,958,101,2442,56.6
SP,ITANHAEM,16421,20816,7330,44567,36.8
SP,ITAOCA,876,644,150,1670,52.5
SP,ITAPECERICA DA SERRA,19981,23357,8301,51639,38.7
SP,ITAPETININGA,24626,34458,7836,66920,36.8
SP,ITAPEVA,16472,21539,5395,43406,37.9
SP,ITAPEVI,27947,30692,10978,69617,40.1
SP,ITAPIRA,11057,13288,3040,27385,40.4
SP,ITAPIRAPUA PAULISTA,1207,676,123,2006,60.2
SP,ITAPOLIS,11256,10757,1372,23385,48.1
SP,ITAPORANGA,3112,3507,649,7268,42.8
SP,ITAPUI,2104,2995,608,5707,36.9
SP,ITAPURA,1002,1154,159,2315,43.3
SP,ITAQUAQUECETUBA,42545,46213,15627,104385,40.8
SP,ITARARE,8122,11701,2595,22418,36.2
SP,ITARIRI,1712,2189,533,4434,38.6
SP,ITATIBA,19829,21411,5046,46286,42.8
SP,ITATINGA,3107,3891,612,7610,40.8
SP,ITIRAPINA,2275,3520,661,6456,35.2
SP,ITIRAPUA,1179,1511,279,2969,39.7
SP,ITOBI,1506,2041,395,3942,38.2
SP,ITU,28911,32915,9342,71168,40.6
SP,ITUPEVA,12931,10736,2828,26495,48.8
SP,ITUVERAVA,6939,8035,1739,16713,41.5
SP,JABORANDI,1611,1495,359,3465,46.5
SP,JABOTICABAL,14499,16349,3783,34631,41.9
SP,JACAREI,36279,43675,12699,92653,39.2
SP,JACI,2108,1760,347,4215,50.0
SP,JACUPIRANGA,2611,4094,945,7650,34.1
SP,JAGUARIUNA,11468,12168,2906,26542,43.2
SP,JALES,11316,13708,2411,27435,41.2
SP,JAMBEIRO,1240,1474,268,2982,41.6
SP,JANDIRA,15661,19108,6001,40770,38.4
SP,JARDINOPOLIS,8039,8931,2637,19607,41.0
SP,JARINU,6408,5629,1501,13538,47.3
SP,JAU,22201,27730,7540,57471,38.6
SP,JERIQUARA,945,835,143,1923,49.1
SP,JOANOPOLIS,3126,2470,586,6182,50.6
SP,JOAO RAMALHO,1049,1157,199,2405,43.6
SP,JOSE BONIFACIO,9712,8738,1651,20101,48.3
SP,JULIO MESQUITA,679,879,178,1736,39.1
SP,JUMIRIM,756,593,110,1459,51.8
SP,JUNDIAI,93717,93683,20391,207791,45.1
SP,JUNQUEIROPOLIS,4705,4998,1108,10811,43.5
SP,JUQUIA,2865,4018,1045,7928,36.1
SP,JUQUITIBA,3502,5836,1852,11190,31.3
SP,LAGOINHA,1776,1331,125,3232,55.0
SP,LARANJAL PAULISTA,5880,5637,1149,12666,46.4
SP,LAVINIA,1648,1431,202,3281,50.2
SP,LAVRINHAS,766,1517,226,2509,30.5
SP,LEME,16355,18703,4088,39146,41.8
SP,LENCOIS PAULISTA,12027,14982,3422,30431,39.5
SP,LIMEIRA,57323,64603,15964,137890,41.6
SP,LINDOIA,1410,1693,408,3511,40.2
SP,LINS,12223,16789,4623,33635,36.3
SP,LORENA,11327,17907,5374,34608,32.7
SP,LOURDES,715,705,70,1490,48.0
SP,LOUVEIRA,8293,10145,1657,20095,41.3
SP,LUCELIA,3619,4523,878,9020,40.1
SP,LUCIANOPOLIS,597,678,57,1332,44.8
SP,LUIS ANTONIO,1946,2715,740,5401,36.0
SP,LUIZIANIA,1135,1179,163,2477,45.8
SP,LUPERCIO,751,999,241,1991,37.7
SP,LUTECIA,1172,1090,137,2399,48.9
SP,MACATUBA,2910,3983,780,7673,37.9
SP,MACAUBAL,2777,2372,236,5385,51.6
SP,MACEDONIA,1806,1281,186,3273,55.2
SP,MAGDA,1137,1297,147,2581,44.1
SP,MAIRINQUE,7197,9924,2632,19753,36.4
SP,MAIRIPORA,13272,14513,4824,32609,40.7
SP,MANDURI,2316,2361,468,5145,45.0
SP,MARABA PAULISTA,1690,1104,126,2920,57.9
SP,MARACAI,3351,3198,802,7351,45.6
SP,MARAPOAMA,1369,952,117,2438,56.2
SP,MARIAPOLIS,1318,1197,83,2598,50.7
SP,MARILIA,46613,54404,14661,115678,40.3
SP,MARINOPOLIS,711,716,55,1482,48.0
SP,MARTINOPOLIS,4969,5267,1046,11282,44.0
SP,MATAO,13147,16268,3956,33371,39.4
SP,MAUA,49672,60787,17867,128326,38.7
SP,MENDONCA,1688,1497,261,3446,49.0
SP,MERIDIANO,1503,1298,202,3003,50.0
SP,MESOPOLIS,767,598,74,1439,53.3
SP,MIGUELOPOLIS,3891,4044,1096,9031,43.1
SP,MINEIROS DO TIETE,2112,3048,751,5911,35.7
SP,MIRACATU,3361,3482,857,7700,43.6
SP,MIRA ESTRELA,1468,1122,120,2710,54.2
SP,MIRANDOPOLIS,5754,5149,1157,12060,47.7
SP,MIRANTE DO PARANAPANEMA,5232,3528,588,9348,56.0
SP,MIRASSOL,12434,14024,3135,29593,42.0
SP,MIRASSOLANDIA,1567,1490,178,3235,48.4
SP,MOCOCA,10928,14727,2982,28637,38.2
SP,MOGI DAS CRUZES,75866,83535,24608,184009,41.2
SP,MOGI GUACU,24043,31489,6827,62359,38.6
SP,MOGI MIRIM,17426,20929,4286,42641,40.9
SP,MOMBUCA,1458,1181,162,2801,52.1
SP,MONCOES,878,798,69,1745,50.3
SP,MONGAGUA,10425,11239,4486,26150,39.9
SP,MONTE ALEGRE DO SUL,2100,1940,307,4347,48.3
SP,MONTE ALTO,9619,11790,1859,23268,41.3
SP,MONTE APRAZIVEL,7198,6868,1099,15165,47.5
SP,MONTE AZUL PAULISTA,4150,3932,855,8937,46.4
SP,MONTE CASTELO,1521,993,158,2672,56.9
SP,MONTEIRO LOBATO,1159,1553,394,3106,37.3
SP,MONTE MOR,10365,10259,2886,23510,44.1
SP,MORRO AGUDO,5335,5824,1050,12209,43.7
SP,MORUNGABA,2744,2963,661,6368,43.1
SP,MOTUCA,967,1026,167,2160,44.8
SP,MURUTINGA DO SUL,1485,1236,155,2876,51.6
SP,NANTES,722,792,133,1647,43.8
SP,NARANDIBA,1145,1098,229,2472,46.3
SP,NATIVIDADE DA SERRA,1933,1759,405,4097,47.2
SP,NAZARE PAULISTA,2927,3325,776,7028,41.6
SP,NEVES PAULISTA,2654,2608,395,5657,46.9
SP,NHANDEARA,4236,4234,403,8873,47.7
SP,NIPOA,1218,1257,209,2684,45.4
SP,NOVA ALIANCA,1858,1514,272,3644,51.0
SP,NOVA CAMPINA,1232,1418,316,2966,41.5
SP,NOVA CANAA PAULISTA,1196,836,60,2092,57.2
SP,NOVA CASTILHO,733,641,40,1414,51.8
SP,NOVA EUROPA,1358,2214,428,4000,34.0
SP,NOVA GRANADA,4222,4764,696,9682,43.6
SP,NOVA GUATAPORANGA,535,617,92,1244,43.0
SP,NOVA INDEPENDENCIA,924,1024,203,2151,43.0
SP,NOVAIS,1080,1055,177,2312,46.7
SP,NOVA LUZITANIA,725,1074,140,1939,37.4
SP,NOVA ODESSA,10585,11947,3195,25727,41.1
SP,NOVO HORIZONTE,8921,8831,1789,19541,45.7
SP,NUPORANGA,2341,1724,425,4490,52.1
SP,OCAUCU,1217,936,187,2340,52.0
SP,OLEO,1120,939,87,2146,52.2
SP,OLIMPIA,12806,13686,3190,29682,43.1
SP,ONDA VERDE,1126,1255,237,2618,43.0
SP,ORIENTE,1341,1750,393,3484,38.5
SP,ORINDIUVA,1417,1395,290,3102,45.7
SP,ORLANDIA,6021,7300,2184,15505,38.8
SP,OSASCO,119387,143373,42596,305356,39.1
SP,OSCAR BRESSANE,1125,849,154,2128,52.9
SP,OSVALDO CRUZ,6222,8613,1378,16213,38.4
SP,OURINHOS,17646,25658,6448,49752,35.5
SP,OUROESTE,2384,1954,418,4756,50.1
SP,OURO VERDE,1522,1777,349,3648,41.7
SP,PACAEMBU,2846,2741,503,6090,46.7
SP,PALESTINA,3638,3564,375,7577,48.0
SP,PALMARES PAULISTA,1100,1975,362,3437,32.0
SP,PALMEIRA D'OESTE,3546,3046,295,6887,51.5
SP,PALMITAL,6223,5493,1214,12930,48.1
SP,PANORAMA,2841,3287,1064,7192,39.5
SP,PARAGUACU PAULISTA,8270,9383,2371,20024,41.3
SP,PARAIBUNA,3300,3636,919,7855,42.0
SP,PARAISO,1656,1418,255,3329,49.7
SP,PARANAPANEMA,4278,3491,1071,8840,48.4
SP,PARANAPUA,1217,1271,148,2636,46.2
SP,PARAPUA,3228,3472,452,7152,45.1
SP,PARDINHO,1773,1585,353,3711,47.8
SP,PARIQUERA-ACU,2965,3391,741,7097,41.8
SP,PARISI,900,807,80,1787,50.4
SP,PATROCINIO PAULISTA,3506,3310,647,7463,47.0
SP,PAULICEIA,1639,1320,452,3411,48.1
SP,PAULINIA,20338,21626,5370,47334,43.0
SP,PAULISTANIA,550,644,77,1271,43.3
SP,PAULO DE FARIA,1719,2159,391,4269,40.3
SP,PEDERNEIRAS,7799,8759,2079,18637,41.8
SP,PEDRA BELA,2372,1096,176,3644,65.1
SP,PEDRANOPOLIS,1614,1191,91,2896,55.7
SP,PEDREGULHO,3534,3587,654,7775,45.5
SP,PEDREIRA,7775,8878,1929,18582,41.8
SP,PEDRINHAS PAULISTA,1367,777,153,2297,59.5
SP,PEDRO DE TOLEDO,1209,2092,418,3719,32.5
SP,PENAPOLIS,12180,14798,2875,29853,40.8
SP,PEREIRA BARRETO,4877,6830,1364,13071,37.3
SP,PEREIRAS,2313,2187,539,5039,45.9
SP,PERUIBE,12018,15652,5136,32806,36.6
SP,PIACATU,1792,1689,188,3669,48.8
SP,PIEDADE,11914,8157,2069,22140,53.8
SP,PILAR DO SUL,5862,5275,1013,12150,48.2
SP,PINDAMONHANGABA,22411,27215,8716,58342,38.4
SP,PINDORAMA,2730,3085,733,6548,41.7
SP,PINHALZINHO,3627,2915,616,7158,50.7
SP,PIQUEROBI,1315,1057,204,2576,51.0
SP,PIQUETE,1362,2944,631,4937,27.6
SP,PIRACAIA,5517,5586,1489,12592,43.8
SP,PIRACICABA,76486,83410,21783,181679,42.1
SP,PIRAJU,5804,7839,1600,15243,38.1
SP,PIRAJUI,3954,5046,983,9983,39.6
SP,PIRANGI,3479,3056,560,7095,49.0
SP,PIRAPORA DO BOM JESUS,2404,4903,1400,8707,27.6
SP,PIRAPOZINHO,4221,5609,1083,10913,38.7
SP,PIRASSUNUNGA,12158,15158,3202,30518,39.8
SP,PIRATININGA,3562,3021,704,7287,48.9
SP,PITANGUEIRAS,4941,5902,1443,12286,40.2
SP,PLANALTO,1450,1329,206,2985,48.6
SP,PLATINA,1290,988,124,2402,53.7
SP,POA,17387,34536,9462,61385,28.3
SP,POLONI,2162,2251,231,4644,46.6
SP,POMPEIA,4364,4778,992,10134,43.1
SP,PONGAI,1093,990,200,2283,47.9
SP,PONTAL,4919,6049,1584,12552,39.2
SP,PONTALINDA,1217,1072,146,2435,50.0
SP,PONTES GESTAL,707,968,118,1793,39.4
SP,POPULINA,1238,1159,176,2573,48.1
SP,PORANGABA,2613,2101,474,5188,50.4
SP,PORTO FELIZ,11131,11031,2535,24697,45.1
SP,PORTO FERREIRA,9681,12030,2860,24571,39.4
SP,POTIM,2127,2984,883,5994,35.5
SP,POTIRENDABA,4836,4261,645,9742,49.6
SP,PRACINHA,395,438,64,897,44.0
SP,PRADOPOLIS,3223,3159,795,7177,44.9
SP,PRAIA GRANDE,66050,63637,22497,152184,43.4
SP,PRATANIA,1018,1159,169,2346,43.4
SP,PRESIDENTE ALVES,986,1354,187,2527,39.0
SP,PRESIDENTE BERNARDES,4295,3457,562,8314,51.7
SP,PRESIDENTE EPITACIO,8346,9538,2410,20294,41.1
SP,PRESIDENTE PRUDENTE,45297,55078,13605,113980,39.7
SP,PRESIDENTE VENCESLAU,6359,8571,1687,16617,38.3
SP,PROMISSAO,7728,7239,2022,16989,45.5
SP,QUADRA,1128,825,166,2119,53.2
SP,QUATA,2545,2664,585,5794,43.9
SP,QUEIROZ,615,755,131,1501,41.0
SP,QUELUZ,1247,2467,496,4210,29.6
SP,QUINTANA,1429,1482,251,3162,45.2
SP,RAFARD,1550,2045,444,4039,38.4
SP,RANCHARIA,6412,6727,1588,14727,43.5
SP,REDENCAO DA SERRA,1103,1072,200,2375,46.4
SP,REGENTE FEIJO,3822,4030,881,8733,43.8
SP,REGINOPOLIS,1461,1803,240,3504,41.7
SP,REGISTRO,9161,11465,3306,23932,38.3
SP,RESTINGA,1510,1528,298,3336,45.3
SP,RIBEIRA,734,916,209,1859,39.5
SP,RIBEIRAO BONITO,2501,2589,676,5766,43.4
SP,RIBEIRAO BRANCO,4267,2721,592,7580,56.3
SP,RIBEIRAO CORRENTE,1269,1051,205,2525,50.3
SP,RIBEIRAO DOS INDIOS,731,509,49,1289,56.7
SP,RIBEIRAO DO SUL,1660,1472,201,3333,49.8
SP,RIBEIRAO GRANDE,1402,1222,206,2830,49.5
SP,RIBEIRAO PIRES,15580,20413,5454,41447,37.6
SP,RIBEIRAO PRETO,159629,177665,48795,386089,41.3
SP,RIFAINA,1190,1309,275,2774,42.9
SP,RINCAO,1451,2563,479,4493,32.3
SP,RINOPOLIS,2955,3019,447,6421,46.0
SP,RIO CLARO,32506,41948,9891,84345,38.5
SP,RIO DAS PEDRAS,4992,5287,1438,11717,42.6
SP,RIO GRANDE DA SERRA,4228,6280,1773,12281,34.4
SP,RIOLANDIA,2289,2364,302,4955,46.2
SP,RIVERSUL,1420,1437,209,3066,46.3
SP,ROSANA,3699,3630,779,8108,45.6
SP,ROSEIRA,1597,2305,601,4503,35.5
SP,RUBIACEA,908,839,123,1870,48.6
SP,RUBINEIA,1074,1140,192,2406,44.6
SP,SABINO,1384,1580,180,3144,44.0
SP,SAGRES,758,810,100,1668,45.4
SP,SALES,1495,1563,254,3312,45.1
SP,SALES OLIVEIRA,2358,2379,545,5282,44.6
SP,SALESOPOLIS,2766,3458,701,6925,39.9
SP,SALMOURAO,880,1031,145,2056,42.8
SP,SALTINHO,2267,1764,352,4383,51.7
SP,SALTO,20927,23534,6673,51134,40.9
SP,SALTO DE PIRAPORA,5934,6688,1545,14167,41.9
SP,SALTO GRANDE,1708,2050,384,4142,41.2
SP,SANDOVALINA,1146,1063,216,2425,47.3
SP,SANTA ADELIA,2865,3604,857,7326,39.1
SP,SANTA ALBERTINA,1800,1835,177,3812,47.2
SP,SANTA BARBARA D'OESTE,27662,33639,8639,69940,39.6
SP,SANTA BRANCA,2043,3071,673,5787,35.3
SP,SANTA CLARA D'OESTE,907,882,106,1895,47.9
SP,SANTA CRUZ DA CONCEICAO,1394,1360,268,3022,46.1
SP,SANTA CRUZ DA ESPERANCA,555,658,86,1299,42.7
SP,SANTA CRUZ DAS PALMEIRAS,3589,5199,1092,9880,36.3
SP,SANTA CRUZ DO RIO PARDO,11189,12246,1993,25428,44.0
SP,SANTA ERNESTINA,926,1305,305,2536,36.5
SP,SANTA FE DO SUL,7176,8975,1897,18048,39.8
SP,SANTA GERTRUDES,3256,4502,1011,8769,37.1
SP,SANTA ISABEL,7737,10259,2827,20823,37.2
SP,SANTA LUCIA,854,1584,252,2690,31.7
SP,SANTA MARIA DA SERRA,1222,1470,272,2964,41.2
SP,SANTA MERCEDES,742,906,155,1803,41.2
SP,SANTANA DA PONTE PENSA,918,691,54,1663,55.2
SP,SANTANA DE PARNAIBA,32196,42145,12737,87078,37.0
SP,SANTA RITA D'OESTE,1219,1498,63,2780,43.8
SP,SANTA RITA DO PASSA QUATRO,5416,6276,1057,12749,42.5
SP,SANTA ROSA DE VITERBO,4337,5262,1080,10679,40.6
SP,SANTA SALETE,857,713,57,1627,52.7
SP,SANTO ANASTACIO,4228,4666,1067,9961,42.4
SP,SANTO ANDRE,130169,150677,41207,322053,40.4
SP,SANTO ANTONIO DA ALEGRIA,2635,2226,303,5164,51.0
SP,SANTO ANTONIO DE POSSE,4171,5056,1145,10372,40.2
SP,SANTO ANTONIO DO ARACANGUA,3003,1962,307,5272,57.0
SP,SANTO ANTONIO DO JARDIM,1991,1652,252,3895,51.1
SP,SANTO ANTONIO DO PINHAL,2076,2090,394,4560,45.5
SP,SANTO EXPEDITO,660,792,127,1579,41.8
SP,SANTOPOLIS DO AGUAPEI,987,1154,226,2367,41.7
SP,SANTOS,91462,111497,31967,234926,38.9
SP,SAO BENTO DO SAPUCAI,2890,3014,354,6258,46.2
SP,SAO BERNARDO DO CAMPO,135657,158111,45266,339034,40.0
SP,SAO CAETANO DO SUL,40876,51650,11739,104265,39.2
SP,SAO CARLOS,48442,56649,15136,120227,40.3
SP,SAO FRANCISCO,1038,1172,120,2330,44.5
SP,SAO JOAO DA BOA VISTA,18062,21885,3959,43906,41.1
SP,SAO JOAO DAS DUAS PONTES,760,685,112,1557,48.8
SP,SAO JOAO DE IRACEMA,625,640,28,1293,48.3
SP,SAO JOAO DO PAU D'ALHO,739,778,73,1590,46.5
SP,SAO JOAQUIM DA BARRA,7504,9734,2656,19894,37.7
SP,SAO JOSE DA BELA VISTA,1453,1637,391,3481,41.7
SP,SAO JOSE DO BARREIRO,914,1453,256,2623,34.8
SP,SAO JOSE DO RIO PARDO,9930,11881,2386,24197,41.0
SP,SAO JOSE DO RIO PRETO,109585,127661,33766,271012,40.4
SP,SAO JOSE DOS CAMPOS,127289,152155,39945,319389,39.9
SP,SAO LOURENCO DA SERRA,1988,3402,1063,6453,30.8
SP,SAO LUIZ DO PARAITINGA,3346,2860,400,6606,50.7
SP,SAO MANUEL,5818,8536,2278,16632,35.0
SP,SAO MIGUEL ARCANJO,8198,7065,1317,16580,49.4
SP,SAO PAULO,2749321,2950879,922468,6622668,41.5
SP,SAO PEDRO,7815,9255,2220,19290,40.5
SP,SAO PEDRO DO TURVO,2999,1969,288,5256,57.1
SP,SAO ROQUE,14509,16490,4165,35164,41.3
SP,SAO SEBASTIAO,13905,16072,5478,35455,39.2
SP,SAO SEBASTIAO DA GRAMA,2477,2844,579,5900,42.0
SP,SAO SIMAO,2778,3145,916,6839,40.6
SP,SAO VICENTE,53031,57872,20609,131512,40.3
SP,SARAPUI,2498,2479,480,5457,45.8
SP,SARUTAIA,711,1114,153,1978,35.9
SP,SEBASTIANOPOLIS DO SUL,1238,1280,112,2630,47.1
SP,SERRA AZUL,1495,2103,624,4222,35.4
SP,SERRANA,7066,8917,2815,18798,37.6
SP,SERRA NEGRA,6450,7575,1403,15428,41.8
SP,SERTAOZINHO,22949,26261,6601,55811,41.1
SP,SETE BARRAS,2855,2599,517,5971,47.8
SP,SEVERINIA,2194,3275,725,6194,35.4
SP,SILVEIRAS,1133,1191,252,2576,44.0
SP,SOCORRO,11133,9549,1636,22318,49.9
SP,SOROCABA,142207,158272,42313,342792,41.5
SP,SUD MENNUCCI,1902,2588,419,4909,38.7
SP,SUMARE,43826,49197,14693,107716,40.7
SP,SUZANAPOLIS,1227,1053,88,2368,51.8
SP,SUZANO,46676,52810,17144,116630,40.0
SP,TABAPUA,3306,3400,409,7115,46.5
SP,TABATINGA,4343,3950,545,8838,49.1
SP,TABOAO DA SERRA,41525,46119,16390,104034,39.9
SP,TACIBA,1839,1368,378,3585,51.3
SP,TAGUAI,2111,2125,575,4811,43.9
SP,TAIACU,1457,1224,314,2995,48.6
SP,TAIUVA,1665,1610,221,3496,47.6
SP,TAMBAU,3875,4438,867,9180,42.2
SP,TANABI,7804,6946,985,15735,49.6
SP,TAPIRAI,1467,1678,444,3589,40.9
SP,TAPIRATIBA,1948,3020,745,5713,34.1
SP,TAQUARAL,519,747,95,1361,38.1
SP,TAQUARITINGA,10899,11821,2678,25398,42.9
SP,TAQUARITUBA,4550,4868,1142,10560,43.1
SP,TAQUARIVAI,1154,1254,286,2694,42.8
SP,TARABAI,1287,1584,249,3120,41.2
SP,TARUMA,3248,3799,1004,8051,40.3
SP,TATUI,19536,24421,5468,49425,39.5
SP,TAUBATE,50014,65368,17369,132751,37.7
SP,TEJUPA,1008,933,115,2056,49.0
SP,TEODORO SAMPAIO,4456,5635,1413,11504,38.7
SP,TERRA ROXA,1716,1991,359,4066,42.2
SP,TIETE,8269,8841,1576,18686,44.3
SP,TIMBURI,777,935,125,1837,42.3
SP,TORRE DE PEDRA,687,581,97,1365,50.3
SP,TORRINHA,2710,2813,492,6015,45.1
SP,TRABIJU,327,535,102,964,33.9
SP,TREMEMBE,5822,8528,1947,16297,35.7
SP,TRES FRONTEIRAS,1678,1835,293,3806,44.1
SP,TUIUTI,1639,1349,236,3224,50.8
SP,TUPA,11745,17257,3356,32358,36.3
SP,TUPI PAULISTA,3762,3371,709,7842,48.0
SP,TURIUBA,1157,825,69,2051,56.4
SP,TURMALINA,1130,836,76,2042,55.3
SP,UBARANA,920,1182,200,2302,40.0
SP,UBATUBA,18975,18984,6312,44271,42.9
SP,UBIRAJARA,1347,1422,138,2907,46.3
SP,UCHOA,2822,2791,474,6087,46.4
SP,UNIAO PAULISTA,617,783,94,1494,41.3
SP,URANIA,2523,3099,344,5966,42.3
SP,URU,535,581,93,1209,44.3
SP,URUPES,4372,4168,498,9038,48.4
SP,VALENTIM GENTIL,3170,2896,510,6576,48.2
SP,VALINHOS,26452,26546,5573,58571,45.2
SP,VALPARAISO,3318,4244,1102,8664,38.3
SP,VARGEM,1753,1693,371,3817,45.9
SP,VARGEM GRANDE DO SUL,6922,7965,1587,16474,42.0
SP,VARGEM GRANDE PAULISTA,9466,8925,2798,21189,44.7
SP,VARZEA PAULISTA,16024,18059,5031,39114,41.0
SP,VERA CRUZ,1984,2320,501,4805,41.3
SP,VINHEDO,16933,16318,3748,36999,45.8
SP,VIRADOURO,3339,3943,935,8217,40.6
SP,VISTA ALEGRE DO ALTO,1507,1620,264,3391,44.4
SP,VITORIA BRASIL,513,517,39,1069,48.0
SP,VOTORANTIM,19343,21831,5495,46669,41.4
SP,VOTUPORANGA,18024,22794,4510,45328,39.8
SP,ZACARIAS,1223,903,110,2236,54.7
MG,ABADIA DOS DOURADOS,674,938,136,1748,38.6
MG,ABAETE,3551,5194,866,9611,36.9
MG,ABRE CAMPO,1324,1950,277,3551,37.3
MG,ACAIACA,343,824,129,1296,26.5
MG,ACUCENA,547,1485,245,2277,24.0
MG,AGUA BOA,583,1285,289,2157,27.0
MG,AGUA COMPRIDA,190,423,81,694,27.4
MG,AGUANIL,400,865,109,1374,29.1
MG,AGUAS FORMOSAS,1564,2855,660,5079,30.8
MG,AGUAS VERMELHAS,649,1316,272,2237,29.0
MG,AIMORES,2476,3893,893,7262,34.1
MG,AIURUOCA,880,1127,217,2224,39.6
MG,ALAGOA,373,581,60,1014,36.8
MG,ALBERTINA,322,724,98,1144,28.1
MG,ALEM PARAIBA,5043,8586,3033,16662,30.3
MG,ALFENAS,11653,17952,4339,33944,34.3
MG,ALFREDO VASCONCELOS,644,1120,187,1951,33.0
MG,ALMENARA,3819,6672,1634,12125,31.5
MG,ALPERCATA,858,1282,312,2452,35.0
MG,ALPINOPOLIS,2635,4125,451,7211,36.5
MG,ALTEROSA,1146,1998,250,3394,33.8
MG,ALTO CAPARAO,603,937,240,1780,33.9
MG,ALTO JEQUITIBA,650,1274,270,2194,29.6
MG,ALTO RIO DOCE,747,1288,165,2200,34.0
MG,ALVARENGA,342,508,88,938,36.5
MG,ALVINOPOLIS,1412,2190,363,3965,35.6
MG,ALVORADA DE MINAS,339,672,76,1087,31.2
MG,AMPARO DA SERRA,290,808,100,1198,24.2
MG,ANDRADAS,5275,7072,1270,13617,38.7
MG,ANDRELANDIA,1294,2485,438,4217,30.7
MG,ANGELANDIA,508,794,134,1436,35.4
MG,ANTONIO CARLOS,992,1976,406,3374,29.4
MG,ANTONIO DIAS,669,1245,195,2109,31.7
MG,ANTONIO PRADO DE MINAS,125,392,45,562,22.2
MG,ARACAI,221,590,73,884,25.0
MG,ARACITABA,213,444,62,719,29.6
MG,ARACUAI,3101,4357,978,8436,36.8
MG,ARAGUARI,16093,21508,5855,43456,37.0
MG,ARANTINA,352,742,102,1196,29.4
MG,ARAPONGA,490,812,110,1412,34.7
MG,ARAPORA,994,1365,440,2799,35.5
MG,ARAPUA,294,565,56,915,32.1
MG,ARAUJOS,2096,2762,2599,7457,28.1
MG,ARAXA,17058,22387,4951,44396,38.4
MG,ARCEBURGO,1000,1894,267,3161,31.6
MG,ARCOS,7551,8741,1660,17952,42.1
MG,AREADO,1468,2705,569,4742,31.0
MG,ARGIRITA,284,861,181,1326,21.4
MG,ARICANDUVA,235,401,67,703,33.4
MG,ARINOS,1713,2362,624,4699,36.5
MG,ASTOLFO DUTRA,1646,2881,537,5064,32.5
MG,ATALEIA,711,1418,266,2395,29.7
MG,AUGUSTO DE LIMA,434,853,145,1432,30.3
MG,BAEPENDI,2833,3928,694,7455,38.0
MG,BALDIM,877,1411,366,2654,33.0
MG,BAMBUI,2817,4436,742,7995,35.2
MG,BANDEIRA,224,594,73,891,25.1
MG,BANDEIRA DO SUL,806,1371,205,2382,33.8
MG,BARAO DE COCAIS,3663,4891,1078,9632,38.0
MG,BARAO DO MONTE ALTO,344,839,194,1377,25.0
MG,BARBACENA,14950,23322,4593,42865,34.9
MG,BARRA LONGA,549,843,133,1525,36.0
MG,BARROSO,2013,3868,659,6540,30.8
MG,BELA VISTA DE MINAS,910,2011,334,3255,28.0
MG,BELMIRO BRAGA,458,841,180,1479,31.0
MG,BELO HORIZONTE,539953,692597,183311,1415861,38.1
MG,BELO ORIENTE,2212,3263,943,6418,34.5
MG,BELO VALE,792,1198,259,2249,35.2
MG,BERILO,629,1085,135,1849,34.0
MG,BERIZAL,264,493,50,807,32.7
MG,BERTOPOLIS,218,564,110,892,24.4
MG,BETIM,61501,71366,20898,153765,40.0
MG,BIAS FORTES,224,484,97,805,27.8
MG,BICAS,1827,3712,722,6261,29.2
MG,BIQUINHAS,264,546,63,873,30.2
MG,BOA ESPERANCA,5190,8223,1885,15298,33.9
MG,BOCAINA DE MINAS,747,1122,162,2031,36.8
MG,BOCAIUVA,4348,7214,1479,13041,33.3
MG,BOM DESPACHO,7299,9565,1880,18744,38.9
MG,BOM JARDIM DE MINAS,897,1578,334,2809,31.9
MG,BOM JESUS DA PENHA,429,711,90,1230,34.9
MG,BOM JESUS DO AMPARO,600,887,193,1680,35.7
MG,BOM JESUS DO GALHO,1113,1701,340,3154,35.3
MG,BOM REPOUSO,974,1434,196,2604,37.4
MG,BOM SUCESSO,1618,2989,505,5112,31.7
MG,BONFIM,806,1139,120,2065,39.0
MG,BONFINOPOLIS DE MINAS,755,1442,254,2451,30.8
MG,BONITO DE MINAS,412,593,110,1115,37.0
MG,BORDA DA MATA,2411,3620,620,6651,36.3
MG,BOTELHOS,1884,3239,605,5728,32.9
MG,BOTUMIRIM,372,878,89,1339,27.8
MG,BRASILANDIA DE MINAS,1548,1814,539,3901,39.7
MG,BRASILIA DE MINAS,2311,3737,909,6957,33.2
MG,BRASOPOLIS,1483,3191,451,5125,28.9
MG,BRAS PIRES,337,626,35,998,33.8
MG,BRAUNAS,238,690,89,1017,23.4
MG,BRUMADINHO,5912,6410,1677,13999,42.2
MG,BUENO BRANDAO,1258,1955,263,3476,36.2
MG,BUENOPOLIS,830,1577,299,2706,30.7
MG,BUGRE,289,454,67,810,35.7
MG,BURITIS,2616,4169,936,7721,33.9
MG,BURITIZEIRO,2045,3630,841,6516,31.4
MG,CABECEIRA GRANDE,651,995,223,1869,34.8
MG,CABO VERDE,1007,1990,322,3319,30.3
MG,CACHOEIRA DA PRATA,543,1241,192,1976,27.5
MG,CACHOEIRA DE MINAS,1139,1950,326,3415,33.4
MG,CACHOEIRA DE PAJEU,542,1017,224,1783,30.4
MG,CACHOEIRA DOURADA,235,564,133,932,25.2
MG,CAETANOPOLIS,1374,2084,429,3887,35.3
MG,CAETE,4731,7247,1769,13747,34.4
MG,CAIANA,375,751,157,1283,29.2
MG,CAJURI,389,648,101,1138,34.2
MG,CALDAS,1708,2821,488,5017,34.0
MG,CAMACHO,222,624,37,883,25.1
MG,CAMANDUCAIA,3904,5306,1259,10469,37.3
MG,CAMBUI,4600,6701,1237,12538,36.7
MG,CAMBUQUIRA,1490,2934,575,4999,29.8
MG,CAMPANARIO,301,720,115,1136,26.5
MG,CAMPANHA,2143,3684,715,6542,32.8
MG,CAMPESTRE,2066,3433,692,6191,33.4
MG,CAMPINA VERDE,2223,3376,736,6335,35.1
MG,CAMPO AZUL,158,356,60,574,27.5
MG,CAMPO BELO,7203,11077,1931,20211,35.6
MG,CAMPO DO MEIO,2279,2904,506,5689,40.1
MG,CAMPO FLORIDO,899,1237,298,2434,36.9
MG,CAMPOS ALTOS,1583,2688,525,4796,33.0
MG,CAMPOS GERAIS,2552,3720,723,6995,36.5
MG,CANAA,292,596,53,941,31.0
MG,CANAPOLIS,1133,1623,444,3200,35.4
MG,CANA VERDE,578,1101,139,1818,31.8
MG,CANDEIAS,1359,2259,292,3910,34.8
MG,CANTAGALO,321,550,80,951,33.8
MG,CAPARAO,383,1043,168,1594,24.0
MG,CAPELA NOVA,372,716,72,1160,32.1
MG,CAPELINHA,5042,5787,988,11817,42.7
MG,CAPETINGA,509,1336,239,2084,24.4
MG,CAPIM BRANCO,1513,2306,493,4312,35.1
MG,CAPINOPOLIS,1648,2900,618,5166,31.9
MG,CAPITAO ANDRADE,514,629,129,1272,40.4
MG,CAPITAO ENEAS,976,1839,305,3120,31.3
MG,CAPITOLIO,2217,2121,343,4681,47.4
MG,CAPUTIRA,578,1013,193,1784,32.4
MG,CARAI,783,1277,287,2347,33.4
MG,CARANAIBA,168,448,54,670,25.1
MG,CARANDAI,2560,3827,646,7033,36.4
MG,CARANGOLA,3851,7448,1448,12747,30.2
MG,CARATINGA,12451,18274,3956,34681,35.9
MG,CARBONITA,844,1376,206,2426,34.8
MG,CAREACU,716,1597,255,2568,27.9
MG,CARLOS CHAGAS,1553,2839,598,4990,31.1
MG,CARMESIA,300,457,57,814,36.9
MG,CARMO DA CACHOEIRA,1078,2162,587,3827,28.2
MG,CARMO DA MATA,1341,2233,295,3869,34.7
MG,CARMO DE MINAS,1369,2570,484,4423,31.0
MG,CARMO DO CAJURU,3509,4589,696,8794,39.9
MG,CARMO DO PARANAIBA,4153,5010,962,10125,41.0
MG,CARMO DO RIO CLARO,2552,4381,818,7751,32.9
MG,CARMOPOLIS DE MINAS,2608,3102,584,6294,41.4
MG,CARNEIRINHO,826,1220,283,2329,35.5
MG,CARRANCAS,559,986,163,1708,32.7
MG,CARVALHOPOLIS,330,756,131,1217,27.1
MG,CARVALHOS,465,813,123,1401,33.2
MG,CASA GRANDE,205,321,39,565,36.3
MG,CASCALHO RICO,240,642,69,951,25.2
MG,CASSIA,2133,4115,834,7082,30.1
MG,CATAGUASES,7777,15496,3209,26482,29.4
MG,CATAS ALTAS,761,1262,183,2206,34.5
MG,CATAS ALTAS DA NORUEGA,268,579,56,903,29.7
MG,CATUJI,532,866,177,1575,33.8
MG,CATUTI,259,408,53,720,36.0
MG,CAXAMBU,3160,5965,1281,10406,30.4
MG,CEDRO DO ABAETE,106,315,36,457,23.2
MG,CENTRAL DE MINAS,671,1139,238,2048,32.8
MG,CENTRALINA,978,1792,324,3094,31.6
MG,CHACARA,470,1039,192,1701,27.6
MG,CHALE,373,607,110,1090,34.2
MG,CHAPADA DO NORTE,579,861,148,1588,36.5
MG,CHAPADA GAUCHA,1075,1209,318,2602,41.3
MG,CHIADOR,283,662,159,1104,25.6
MG,CIPOTANEA,289,725,59,1073,26.9
MG,CLARAVAL,335,834,127,1296,25.8
MG,CLARO DOS POCOES,456,1011,164,1631,28.0
MG,CLAUDIO,5024,6174,931,12129,41.4
MG,COIMBRA,989,1395,200,2584,38.3
MG,COLUNA,571,871,133,1575,36.3
MG,COMENDADOR GOMES,319,540,140,999,31.9
MG,COMERCINHO,314,860,105,1279,24.6
MG,CONCEICAO DA APARECIDA,891,1641,299,2831,31.5
MG,CONCEICAO DA BARRA DE MINAS,261,717,66,1044,25.0
MG,CONCEICAO DAS ALAGOAS,2401,2802,1241,6444,37.3
MG,CONCEICAO DAS PEDRAS,198,427,55,680,29.1
MG,CONCEICAO DE IPANEMA,233,578,107,918,25.4
MG,CONCEICAO DO MATO DENTRO,2710,3175,611,6496,41.7
MG,CONCEICAO DO PARA,657,1167,403,2227,29.5
MG,CONCEICAO DO RIO VERDE,1298,2987,486,4771,27.2
MG,CONCEICAO DOS OUROS,1485,2215,437,4137,35.9
MG,CONEGO MARINHO,265,487,70,822,32.2
MG,CONFINS,1528,2005,477,4010,38.1
MG,CONGONHAL,1537,2107,457,4101,37.5
MG,CONGONHAS,6448,9511,2302,18261,35.3
MG,CONGONHAS DO NORTE,344,660,62,1066,32.3
MG,CONQUISTA,576,1188,230,1994,28.9
MG,CONSELHEIRO LAFAIETE,17421,22822,5491,45734,38.1
MG,CONSELHEIRO PENA,2266,3579,806,6651,34.1
MG,CONSOLACAO,145,350,63,558,26.0
MG,CONTAGEM,109502,143936,38740,292178,37.5
MG,COQUEIRAL,960,1876,258,3094,31.0
MG,CORACAO DE JESUS,1418,2934,402,4754,29.8
MG,CORDISBURGO,777,1360,292,2429,32.0
MG,CORDISLANDIA,256,752,116,1124,22.8
MG,CORINTO,2528,4784,941,8253,30.6
MG,COROACI,1050,1299,231,2580,40.7
MG,COROMANDEL,3530,4667,901,9098,38.8
MG,CORONEL FABRICIANO,13879,22903,5623,42405,32.7
MG,CORONEL MURTA,542,1001,161,1704,31.8
MG,CORONEL PACHECO,314,799,132,1245,25.2
MG,CORONEL XAVIER CHAVES,396,701,76,1173,33.8
MG,CORREGO DANTA,310,792,151,1253,24.7
MG,CORREGO DO BOM JESUS,442,742,107,1291,34.2
MG,CORREGO FUNDO,1100,1399,209,2708,40.6
MG,CORREGO NOVO,262,721,81,1064,24.6
MG,COUTO DE MAGALHAES DE MINAS,585,1194,169,1948,30.0
MG,CRISOLITA,241,548,88,877,27.5
MG,CRISTAIS,1140,1790,384,3314,34.4
MG,CRISTALIA,271,618,84,973,27.9
MG,CRISTIANO OTONI,560,1053,194,1807,31.0
MG,CRISTINA,1418,2208,383,4009,35.4
MG,CRUCILANDIA,676,1164,146,1986,34.0
MG,CRUZEIRO DA FORTALEZA,513,788,157,1458,35.2
MG,CRUZILIA,2158,3410,597,6165,35.0
MG,CUPARAQUE,382,582,193,1157,33.0
MG,CURRAL DE DENTRO,514,646,110,1270,40.5
MG,CURVELO,10180,14712,3668,28560,35.6
MG,DATAS,526,967,152,1645,32.0
MG,DELFIM MOREIRA,795,1377,234,2406,33.0
MG,DELFINOPOLIS,895,1289,280,2464,36.3
MG,DELTA,846,1361,620,2827,29.9
MG,DESCOBERTO,493,1180,174,1847,26.7
MG,DESTERRO DE ENTRE RIOS,658,1036,110,1804,36.5
MG,DESTERRO DO MELO,362,716,94,1172,30.9
MG,DIAMANTINA,6369,10013,2005,18387,34.6
MG,DIOGO DE VASCONCELOS,214,500,65,779,27.5
MG,DIONISIO,550,1482,258,2290,24.0
MG,DIVINESIA,525,862,178,1565,33.5
MG,DIVINO,2095,3001,530,5626,37.2
MG,DIVINO DAS LARANJEIRAS,351,716,133,1200,29.2
MG,DIVINOLANDIA DE MINAS,715,1227,186,2128,33.6
MG,DIVINOPOLIS,46643,59177,11088,116908,39.9
MG,DIVISA ALEGRE,660,959,264,1883,35.1
MG,DIVISA NOVA,536,1160,185,1881,28.5
MG,DIVISOPOLIS,543,860,196,1599,34.0
MG,DOM BOSCO,300,520,116,936,32.1
MG,DOM CAVATI,738,1130,209,2077,35.5
MG,DOM JOAQUIM,381,657,93,1131,33.7
MG,DOM SILVERIO,543,984,164,1691,32.1
MG,DOM VICOSO,331,636,67,1034,32.0
MG,DONA EUZEBIA,746,1129,266,2141,34.8
MG,DORES DE CAMPOS,1652,1948,418,4018,41.1
MG,DORES DE GUANHAES,365,723,80,1168,31.2
MG,DORES DO INDAIA,1891,3663,630,6184,30.6
MG,DORES DO TURVO,467,840,91,1398,33.4
MG,DORESOPOLIS,145,360,53,558,26.0
MG,DOURADOQUARA,192,495,59,746,25.7
MG,DURANDE,410,625,157,1192,34.4
MG,ELOI MENDES,2998,4692,962,8652,34.7
MG,ENGENHEIRO CALDAS,1217,1755,374,3346,36.4
MG,ENGENHEIRO NAVARRO,459,1146,164,1769,25.9
MG,ENTRE FOLHAS,432,820,121,1373,31.5
MG,ENTRE RIOS DE MINAS,1692,2575,375,4642,36.4
MG,ERVALIA,1807,2358,374,4539,39.8
MG,ESMERALDAS,8841,10100,2712,21653,40.8
MG,ESPERA FELIZ,2687,4394,1136,8217,32.7
MG,ESPINOSA,2213,3200,715,6128,36.1
MG,ESPIRITO SANTO DO DOURADO,428,681,139,1248,34.3
MG,ESTIVA,1226,1556,316,3098,39.6
MG,ESTRELA DALVA,199,490,109,798,24.9
MG,ESTRELA DO INDAIA,291,687,87,1065,27.3
MG,ESTRELA DO SUL,620,1121,238,1979,31.3
MG,EUGENOPOLIS,1077,1594,371,3042,35.4
MG,EWBANK DA CAMARA,420,1020,254,1694,24.8
MG,EXTREMA,9476,9387,2400,21263,44.6
MG,FAMA,290,654,123,1067,27.2
MG,FARIA LEMOS,250,783,134,1167,21.4
MG,FELICIO DOS SANTOS,434,776,94,1304,33.3
MG,FELISBURGO,361,831,146,1338,27.0
MG,FELIXLANDIA,1463,2580,498,4541,32.2
MG,FERNANDES TOURINHO,218,459,55,732,29.8
MG,FERROS,601,1095,182,1878,32.0
MG,FERVEDOURO,722,1114,298,2134,33.8
MG,FLORESTAL,1029,1573,335,2937,35.0
MG,FORMIGA,12537,16273,2644,31454,39.9
MG,FORMOSO,546,892,231,1669,32.7
MG,FORTALEZA DE MINAS,355,840,113,1308,27.1
MG,FORTUNA DE MINAS,636,1107,152,1895,33.6
MG,FRANCISCO BADARO,522,780,60,1362,38.3
MG,FRANCISCO DUMONT,393,863,136,1392,28.2
MG,FRANCISCOPOLIS,295,500,70,865,34.1
MG,FRANCISCO SA,1950,2849,435,5234,37.3
MG,FREI GASPAR,324,666,117,1107,29.3
MG,FREI INOCENCIO,892,1617,334,2843,31.4
MG,FREI LAGONEGRO,161,345,34,540,29.8
MG,FRONTEIRA,1631,2711,903,5245,31.1
MG,FRONTEIRA DOS VALES,236,626,80,942,25.1
MG,FRUTA DE LEITE,223,476,59,758,29.4
MG,FRUTAL,8195,10502,2755,21452,38.2
MG,FUNILANDIA,741,1111,217,2069,35.8
MG,GALILEIA,603,1277,283,2163,27.9
MG,GAMELEIRAS,258,332,66,656,39.3
MG,GLAUCILANDIA,192,435,58,685,28.0
MG,GOIABEIRA,460,560,162,1182,38.9
MG,GOIANA,627,970,175,1772,35.4
MG,GONCALVES,1049,1135,127,2311,45.4
MG,GONZAGA,474,665,127,1266,37.4
MG,GOUVEIA,1178,2141,361,3680,32.0
MG,GOVERNADOR VALADARES,41727,57822,16043,115592,36.1
MG,GRAO MOGOL,1099,1812,350,3261,33.7
MG,GRUPIARA,195,405,61,661,29.5
MG,GUANHAES,4214,5194,952,10360,40.7
MG,GUAPE,1662,2348,455,4465,37.2
MG,GUARACIABA,599,1284,177,2060,29.1
MG,GUARACIAMA,301,547,78,926,32.5
MG,GUARANESIA,2041,3605,645,6291,32.4
MG,GUARANI,926,1900,345,3171,29.2
MG,GUARARA,449,972,180,1601,28.0
MG,GUARDA-MOR,854,1052,199,2105,40.6
MG,GUAXUPE,7294,11474,2117,20885,34.9
MG,GUIDOVAL,872,1566,312,2750,31.7
MG,GUIMARANIA,826,1404,243,2473,33.4
MG,GUIRICEMA,648,1322,154,2124,30.5
MG,GURINHATA,343,1012,192,1547,22.2
MG,HELIODORA,562,1243,206,2011,27.9
MG,IAPU,979,1283,276,2538,38.6
MG,IBERTIOGA,392,852,147,1391,28.2
MG,IBIA,2335,3837,926,7098,32.9
MG,IBIAI,401,1198,154,1753,22.9
MG,IBIRACATU,213,475,55,743,28.7
MG,IBIRACI,934,1455,350,2739,34.1
MG,IBIRITE,20652,25250,7154,53056,38.9
MG,IBITIURA DE MINAS,378,766,103,1247,30.3
MG,IBITURUNA,291,572,85,948,30.7
MG,ICARAI DE MINAS,411,623,156,1190,34.5
MG,IGARAPE,7079,8874,2127,18080,39.2
MG,IGARATINGA,1511,2035,269,3815,39.6
MG,IGUATAMA,833,1714,240,2787,29.9
MG,IJACI,942,1578,250,2770,34.0
MG,ILICINEA,1252,2142,363,3757,33.3
MG,IMBE DE MINAS,393,583,97,1073,36.6
MG,INCONFIDENTES,976,1863,302,3141,31.1
MG,INDAIABIRA,408,487,86,981,41.6
MG,INDIANOPOLIS,658,956,231,1845,35.7
MG,INGAI,261,549,80,890,29.3
MG,INHAPIM,2228,3192,656,6076,36.7
MG,INHAUMA,730,1262,283,2275,32.1
MG,INIMUTABA,662,1106,224,1992,33.2
MG,IPABA,1529,2074,657,4260,35.9
MG,IPANEMA,2486,3041,866,6393,38.9
MG,IPATINGA,37301,54352,13918,105571,35.3
MG,IPIACU,371,901,105,1377,26.9
MG,IPUIUNA,973,1526,368,2867,33.9
MG,IRAI DE MINAS,898,1039,162,2099,42.8
MG,ITABIRA,13306,18294,4046,35646,37.3
MG,ITABIRINHA,1064,1350,320,2734,38.9
MG,ITABIRITO,7498,9507,1990,18995,39.5
MG,ITACAMBIRA,204,502,60,766,26.6
MG,ITACARAMBI,1105,2338,575,4018,27.5
MG,ITAGUARA,2398,2827,351,5576,43.0
MG,ITAIPE,727,1128,277,2132,34.1
MG,ITAJUBA,13944,22969,5277,42190,33.1
MG,ITAMARANDIBA,2784,3684,651,7119,39.1
MG,ITAMARATI DE MINAS,452,1258,200,1910,23.7
MG,ITAMBACURI,1572,2988,658,5218,30.1
MG,ITAMBE DO MATO DENTRO,171,356,48,575,29.7
MG,ITAMOGI,1018,1650,272,2940,34.6
MG,ITAMONTE,2282,2967,709,5958,38.3
MG,ITANHANDU,2089,3592,746,6427,32.5
MG,ITANHOMI,1225,1755,333,3313,37.0
MG,ITAOBIM,1958,3507,832,6297,31.1
MG,ITAPAGIPE,1412,1798,346,3556,39.7
MG,ITAPECERICA,3053,5192,396,8641,35.3
MG,ITAPEVA,1862,2251,519,4632,40.2
MG,ITATIAIUCU,1737,2033,373,4143,41.9
MG,ITAU DE MINAS,1750,3600,734,6084,28.8
MG,ITAUNA,14655,18657,3037,36349,40.3
MG,ITAVERAVA,432,705,113,1250,34.6
MG,ITINGA,814,1576,245,2635,30.9
MG,ITUETA,515,761,173,1449,35.5
MG,ITUIUTABA,11124,19709,4745,35578,31.3
MG,ITUMIRIM,680,1215,201,2096,32.4
MG,ITURAMA,4820,8003,1935,14758,32.7
MG,ITUTINGA,413,932,128,1473,28.0
MG,JABOTICATUBAS,2664,2613,693,5970,44.6
MG,JACINTO,696,1317,304,2317,30.0
MG,JACUI,764,1321,123,2208,34.6
MG,JACUTINGA,4521,6646,1525,12692,35.6
MG,JAGUARACU,319,621,101,1041,30.6
MG,JAIBA,2849,3077,947,6873,41.5
MG,JAMPRUCA,261,576,103,940,27.8
MG,JANAUBA,8028,11424,2490,21942,36.6
MG,JANUARIA,4442,8192,2006,14640,30.3
MG,JAPARAIBA,543,919,105,1567,34.7
MG,JAPONVAR,443,795,99,1337,33.1
MG,JECEABA,467,1150,160,1777,26.3
MG,JENIPAPO DE MINAS,546,669,299,1514,36.1
MG,JEQUERI,842,1543,222,2607,32.3
MG,JEQUITAI,503,1235,143,1881,26.7
MG,JEQUITIBA,715,1170,384,2269,31.5
MG,JEQUITINHONHA,1511,3035,617,5163,29.3
MG,JESUANIA,507,1002,159,1668,30.4
MG,JOAIMA,768,1677,343,2788,27.5
MG,JOANESIA,296,928,101,1325,22.3
MG,JOAO MONLEVADE,11122,16666,3412,31200,35.6
MG,JOAO PINHEIRO,6038,8553,1876,16467,36.7
MG,JOAQUIM FELICIO,382,768,137,1287,29.7
MG,JORDANIA,662,1100,297,2059,32.2
MG,JOSE GONCALVES DE MINAS,392,544,63,999,39.2
MG,JOSENOPOLIS,174,394,47,615,28.3
MG,JOSE RAYDAN,359,572,58,989,36.3
MG,JUATUBA,3846,5316,2177,11339,33.9
MG,JUIZ DE FORA,89552,119143,34641,243336,36.8
MG,JURAMENTO,247,755,95,1097,22.5
MG,JURUAIA,1766,1941,381,4088,43.2
MG,JUVENILIA,249,465,85,799,31.2
MG,LADAINHA,582,1159,274,2015,28.9
MG,LAGAMAR,658,1278,153,2089,31.5
MG,LAGOA DA PRATA,9058,11389,2321,22768,39.8
MG,LAGOA DOS PATOS,279,579,92,950,29.4
MG,LAGOA DOURADA,1221,1432,159,2812,43.4
MG,LAGOA FORMOSA,1931,2146,369,4446,43.4
MG,LAGOA GRANDE,937,1417,251,2605,36.0
MG,LAGOA SANTA,12907,13257,3810,29974,43.1
MG,LAJINHA,1754,2228,653,4635,37.8
MG,LAMBARI,2642,4934,864,8440,31.3
MG,LAMIM,287,467,68,822,34.9
MG,LARANJAL,710,1314,291,2315,30.7
MG,LASSANCE,558,1105,246,1909,29.2
MG,LAVRAS,15469,21573,3931,40973,37.8
MG,LEANDRO FERREIRA,393,808,163,1364,28.8
MG,LEME DO PRADO,477,670,92,1239,38.5
MG,LEOPOLDINA,6044,11499,2262,19805,30.5
MG,LIBERDADE,526,1146,228,1900,27.7
MG,LIMA DUARTE,2618,3972,850,7440,35.2
MG,LIMEIRA DO OESTE,812,1063,248,2123,38.2
MG,LONTRA,578,900,159,1637,35.3
MG,LUISBURGO,383,722,122,1227,31.2
MG,LUISLANDIA,260,551,85,896,29.0
MG,LUMINARIAS,666,1616,201,2483,26.8
MG,LUZ,2801,4524,746,8071,34.7
MG,MACHACALIS,566,971,175,1712,33.1
MG,MACHADO,5300,7966,1977,15243,34.8
MG,MADRE DE DEUS DE MINAS,591,1027,157,1775,33.3
MG,MALACACHETA,1521,2308,360,4189,36.3
MG,MAMONAS,306,398,63,767,39.9
MG,MANGA,1222,3250,635,5107,23.9
MG,MANHUACU,12176,16082,4342,32600,37.3
MG,MANHUMIRIM,2383,4379,1048,7810,30.5
MG,MANTENA,3252,5355,1074,9681,33.6
MG,MARAVILHAS,1030,1482,237,2749,37.5
MG,MAR DE ESPANHA,1805,2275,617,4697,38.4
MG,MARIA DA FE,1496,2740,399,4635,32.3
MG,MARIANA,7614,9466,2097,19177,39.7
MG,MARILAC,357,655,97,1109,32.2
MG,MARIO CAMPOS,1981,2446,711,5138,38.6
MG,MARIPA DE MINAS,448,847,216,1511,29.6
MG,MARLIERIA,475,1044,213,1732,27.4
MG,MARMELOPOLIS,325,706,129,1160,28.0
MG,MARTINHO CAMPOS,2348,3232,427,6007,39.1
MG,MARTINS SOARES,761,886,268,1915,39.7
MG,MATA VERDE,528,908,251,1687,31.3
MG,MATERLANDIA,261,624,63,948,27.5
MG,MATEUS LEME,4328,6351,1581,12260,35.3
MG,MATHIAS LOBATO,257,665,105,1027,25.0
MG,MATIAS BARBOSA,2243,3346,876,6465,34.7
MG,MATIAS CARDOSO,522,864,193,1579,33.1
MG,MATIPO,1541,2271,447,4259,36.2
MG,MATO VERDE,1064,1798,354,3216,33.1
MG,MATOZINHOS,4918,7637,1977,14532,33.8
MG,MATUTINA,479,949,96,1524,31.4
MG,MEDEIROS,383,541,80,1004,38.1
MG,MEDINA,1479,2878,573,4930,30.0
MG,MENDES PIMENTEL,559,994,178,1731,32.3
MG,MERCES,1051,1652,262,2965,35.4
MG,MESQUITA,376,1116,137,1629,23.1
MG,MINAS NOVAS,1770,2388,422,4580,38.6
MG,MINDURI,501,1030,167,1698,29.5
MG,MIRABELA,916,1686,344,2946,31.1
MG,MIRADOURO,903,1499,199,2601,34.7
MG,MIRAI,1318,2622,516,4456,29.6
MG,MIRAVANIA,176,351,43,570,30.9
MG,MOEDA,657,991,210,1858,35.4
MG,MOEMA,1081,1683,337,3101,34.9
MG,MONJOLOS,173,487,48,708,24.4
MG,MONSENHOR PAULO,921,1450,260,2631,35.0
MG,MONTALVANIA,856,1641,328,2825,30.3
MG,MONTE ALEGRE DE MINAS,2211,3188,883,6282,35.2
MG,MONTE AZUL,1564,2988,529,5081,30.8
MG,MONTE BELO,1406,2250,332,3988,35.3
MG,MONTE CARMELO,7120,9247,1963,18330,38.8
MG,MONTE FORMOSO,239,563,55,857,27.9
MG,MONTE SANTO DE MINAS,1997,3942,548,6487,30.8
MG,MONTES CLAROS,59690,81314,19038,160042,37.3
MG,MONTE SIAO,4910,7156,1470,13536,36.3
MG,MONTEZUMA,367,583,112,1062,34.6
MG,MORADA NOVA DE MINAS,1462,1961,312,3735,39.1
MG,MORRO DA GARCA,204,506,98,808,25.2
MG,MORRO DO PILAR,433,724,155,1312,33.0
MG,MUNHOZ,676,936,218,1830,36.9
MG,MURIAE,16248,22739,5300,44287,36.7
MG,MUTUM,1926,2934,636,5496,35.0
MG,MUZAMBINHO,2822,5190,692,8704,32.4
MG,NACIP RAYDAN,201,448,49,698,28.8
MG,NANUQUE,4057,7399,2030,13486,30.1
MG,NAQUE,609,995,203,1807,33.7
MG,NATALANDIA,279,590,107,976,28.6
MG,NATERCIA,399,856,67,1322,30.2
MG,NAZARENO,819,1602,212,2633,31.1
MG,NEPOMUCENO,2775,4971,667,8413,33.0
MG,NINHEIRA,467,617,117,1201,38.9
MG,NOVA BELEM,192,417,64,673,28.5
MG,NOVA ERA,1701,3118,624,5443,31.3
MG,NOVA LIMA,22899,20354,5536,48789,46.9
MG,NOVA MODICA,236,535,123,894,26.4
MG,NOVA PONTE,1993,2524,625,5142,38.8
MG,NOVA PORTEIRINHA,521,856,167,1544,33.7
MG,NOVA RESENDE,1552,2370,304,4226,36.7
MG,NOVA SERRANA,19156,19673,12295,51124,37.5
MG,NOVA UNIAO,708,1032,181,1921,36.9
MG,NOVO CRUZEIRO,1587,2452,519,4558,34.8
MG,NOVO ORIENTE DE MINAS,610,927,268,1805,33.8
MG,NOVORIZONTE,323,517,63,903,35.8
MG,OLARIA,211,455,80,746,28.3
MG,OLHOS-D'AGUA,517,673,142,1332,38.8
MG,OLIMPIO NORONHA,297,636,117,1050,28.3
MG,OLIVEIRA,4759,7221,1175,13155,36.2
MG,OLIVEIRA FORTES,196,470,59,725,27.0
MG,ONCA DE PITANGUI,239,641,79,959,24.9
MG,ORATORIOS,417,845,117,1379,30.2
MG,ORIZANIA,529,829,149,1507,35.1
MG,OURO BRANCO,5500,8592,1808,15900,34.6
MG,OURO FINO,4705,6940,1521,13166,35.7
MG,OURO PRETO,9648,13452,3503,26603,36.3
MG,OURO VERDE DE MINAS,448,988,177,1613,27.8
MG,PADRE CARVALHO,253,541,75,869,29.1
MG,PADRE PARAISO,1260,2069,517,3846,32.8
MG,PAINEIRAS,494,1164,124,1782,27.7
MG,PAINS,1279,2041,316,3636,35.2
MG,PAI PEDRO,266,423,28,717,37.1
MG,PAIVA,185,479,71,735,25.2
MG,PALMA,631,1110,213,1954,32.3
MG,PALMOPOLIS,326,634,129,1089,29.9
MG,PAPAGAIOS,1904,2733,720,5357,35.5
MG,PARACATU,12085,15067,4716,31868,37.9
MG,PARA DE MINAS,14925,19592,3186,37703,39.6
MG,PARAGUACU,3360,4361,841,8562,39.2
MG,PARAISOPOLIS,2202,4312,722,7236,30.4
MG,PARAOPEBA,3175,4222,967,8364,38.0
MG,PASSABEM,145,341,42,528,27.5
MG,PASSA QUATRO,2098,3682,572,6352,33.0
MG,PASSA TEMPO,1141,1663,127,2931,38.9
MG,PASSA VINTE,246,681,109,1036,23.7
MG,PASSOS,15676,22200,5305,43181,36.3
MG,PATIS,193,427,90,710,27.2
MG,PATOS DE MINAS,29579,32723,6969,69271,42.7
MG,PATROCINIO,11022,13451,2506,26979,40.9
MG,PATROCINIO DO MURIAE,667,1056,195,1918,34.8
MG,PAULA CANDIDO,700,1321,185,2206,31.7
MG,PAULISTAS,289,584,72,945,30.6
MG,PAVAO,488,1030,263,1781,27.4
MG,PECANHA,1007,1697,306,3010,33.5
MG,PEDRA AZUL,1558,3027,718,5303,29.4
MG,PEDRA BONITA,293,632,117,1042,28.1
MG,PEDRA DO ANTA,254,623,64,941,27.0
MG,PEDRA DO INDAIA,511,788,76,1375,37.2
MG,PEDRA DOURADA,278,752,107,1137,24.5
MG,PEDRALVA,918,2076,269,3263,28.1
MG,PEDRAS DE MARIA DA CRUZ,507,1024,207,1738,29.2
MG,PEDRINOPOLIS,373,718,123,1214,30.7
MG,PEDRO LEOPOLDO,8689,11169,3001,22859,38.0
MG,PEDRO TEIXEIRA,212,416,52,680,31.2
MG,PEQUERI,536,998,231,1765,30.4
MG,PEQUI,488,838,154,1480,33.0
MG,PERDIGAO,1937,2865,4046,8848,21.9
MG,PERDIZES,1740,2144,578,4462,39.0
MG,PERDOES,3335,5423,704,9462,35.2
MG,PERIQUITO,578,894,209,1681,34.4
MG,PESCADOR,226,657,120,1003,22.5
MG,PIAU,248,579,108,935,26.5
MG,PIEDADE DE CARATINGA,1116,1105,265,2486,44.9
MG,PIEDADE DE PONTE NOVA,342,936,96,1374,24.9
MG,PIEDADE DO RIO GRANDE,392,869,126,1387,28.3
MG,PIEDADE DOS GERAIS,526,716,88,1330,39.5
MG,PIMENTA,1209,1537,185,2931,41.2
MG,PINGO D'AGUA,527,778,184,1489,35.4
MG,PINTOPOLIS,423,743,122,1288,32.8
MG,PIRACEMA,756,1110,142,2008,37.6
MG,PIRAJUBA,651,833,284,1768,36.8
MG,PIRANGA,1167,1567,306,3040,38.4
MG,PIRANGUCU,570,1147,167,1884,30.3
MG,PIRANGUINHO,1062,1925,377,3364,31.6
MG,PIRAPETINGA,1181,2093,460,3734,31.6
MG,PIRAPORA,6162,10067,2484,18713,32.9
MG,PIRAUBA,1258,2063,475,3796,33.1
MG,PITANGUI,4059,5335,1065,10459,38.8
MG,PIUMHI,5441,6978,1221,13640,39.9
MG,PLANURA,1144,1850,453,3447,33.2
MG,POCO FUNDO,1637,2557,366,4560,35.9
MG,POCOS DE CALDAS,29535,38314,9788,77637,38.0
MG,POCRANE,562,885,169,1616,34.8
MG,POMPEU,4583,6082,1419,12084,37.9
MG,PONTE NOVA,8591,13865,3084,25540,33.6
MG,PONTO CHIQUE,241,451,70,762,31.6
MG,PONTO DOS VOLANTES,651,881,184,1716,37.9
MG,PORTEIRINHA,3233,5053,698,8984,36.0
MG,PORTO FIRME,793,1138,154,2085,38.0
MG,POTE,950,1623,308,2881,33.0
MG,POUSO ALEGRE,25987,33873,8195,68055,38.2
MG,POUSO ALTO,856,1451,294,2601,32.9
MG,PRADOS,1349,1541,221,3111,43.4
MG,PRATA,3525,4500,1027,9052,38.9
MG,PRATAPOLIS,935,2581,359,3875,24.1
MG,PRATINHA,265,588,71,924,28.7
MG,PRESIDENTE BERNARDES,319,644,45,1008,31.6
MG,PRESIDENTE JUSCELINO,264,477,65,806,32.8
MG,PRESIDENTE KUBITSCHEK,422,777,89,1288,32.8
MG,PRESIDENTE OLEGARIO,1837,2780,427,5044,36.4
MG,PRUDENTE DE MORAIS,1333,2404,634,4371,30.5
MG,QUARTEL GERAL,319,816,119,1254,25.4
MG,QUELUZITO,212,376,50,638,33.2
MG,RAPOSOS,1381,2936,642,4959,27.8
MG,RAUL SOARES,2403,4423,690,7516,32.0
MG,RECREIO,956,2132,456,3544,27.0
MG,REDUTO,761,959,257,1977,38.5
MG,RESENDE COSTA,1610,2102,289,4001,40.2
MG,RESPLENDOR,1878,2666,565,5109,36.8
MG,RESSAQUINHA,440,1145,194,1779,24.7
MG,RIACHINHO,552,804,189,1545,35.7
MG,RIACHO DOS MACHADOS,430,802,162,1394,30.8
MG,RIBEIRAO DAS NEVES,36955,44688,15005,96648,38.2
MG,RIBEIRAO VERMELHO,495,1067,168,1730,28.6
MG,RIO ACIMA,1574,5123,1646,8343,18.9
MG,RIO CASCA,1762,3050,400,5212,33.8
MG,RIO DOCE,384,734,71,1189,32.3
MG,RIO DO PRADO,280,676,110,1066,26.3
MG,RIO ESPERA,360,750,93,1203,29.9
MG,RIO MANSO,645,940,144,1729,37.3
MG,RIO NOVO,1048,2255,546,3849,27.2
MG,RIO PARANAIBA,1971,2401,380,4752,41.5
MG,RIO PARDO DE MINAS,1787,2734,582,5103,35.0
MG,RIO PIRACICABA,1365,2498,446,4309,31.7
MG,RIO POMBA,2471,3823,584,6878,35.9
MG,RIO PRETO,548,1147,208,1903,28.8
MG,RIO VERMELHO,687,1095,244,2026,33.9
MG,RITAPOLIS,505,1147,196,1848,27.3
MG,ROCHEDO DE MINAS,353,825,109,1287,27.4
MG,RODEIRO,1223,1828,298,3349,36.5
MG,ROMARIA,332,653,99,1084,30.6
MG,ROSARIO DA LIMEIRA,514,911,160,1585,32.4
MG,RUBELITA,296,590,106,992,29.8
MG,RUBIM,443,1213,167,1823,24.3
MG,SABARA,14272,19267,5927,39466,36.2
MG,SABINOPOLIS,1179,1930,313,3422,34.5
MG,SACRAMENTO,3262,4299,1149,8710,37.5
MG,SALINAS,4899,6414,1103,12416,39.5
MG,SALTO DA DIVISA,399,1004,250,1653,24.1
MG,SANTA BARBARA,3502,4968,958,9428,37.1
MG,SANTA BARBARA DO LESTE,679,977,179,1835,37.0
MG,SANTA BARBARA DO MONTE VERDE,304,517,106,927,32.8
MG,SANTA BARBARA DO TUGURIO,339,819,108,1266,26.8
MG,SANTA CRUZ DE MINAS,1172,1593,383,3148,37.2
MG,SANTA CRUZ DE SALINAS,237,435,62,734,32.3
MG,SANTA CRUZ DO ESCALVADO,395,945,108,1448,27.3
MG,SANTA EFIGENIA DE MINAS,595,720,89,1404,42.4
MG,SANTA FE DE MINAS,254,517,75,846,30.0
MG,SANTA HELENA DE MINAS,294,546,103,943,31.2
MG,SANTA JULIANA,1948,2407,450,4805,40.5
MG,SANTA LUZIA,27411,35023,10846,73280,37.4
MG,SANTA MARGARIDA,1115,1662,212,2989,37.3
MG,SANTA MARIA DE ITABIRA,1043,1355,316,2714,38.4
MG,SANTA MARIA DO SALTO,290,634,144,1068,27.2
MG,SANTA MARIA DO SUACUI,1128,1655,291,3074,36.7
MG,SANTANA DA VARGEM,761,1577,308,2646,28.8
MG,SANTANA DE CATAGUASES,355,840,146,1341,26.5
MG,SANTANA DE PIRAPAMA,396,780,167,1343,29.5
MG,SANTANA DO DESERTO,560,1085,251,1896,29.5
MG,SANTANA DO GARAMBEU,247,439,67,753,32.8
MG,SANTANA DO JACARE,537,999,118,1654,32.5
MG,SANTANA DO MANHUACU,566,1030,279,1875,30.2
MG,SANTANA DO PARAISO,5936,5937,1512,13385,44.3
MG,SANTANA DO RIACHO,1317,1407,354,3078,42.8
MG,SANTANA DOS MONTES,349,600,83,1032,33.8
MG,SANTA RITA DE CALDAS,962,1499,164,2625,36.6
MG,SANTA RITA DE IBITIPOCA,322,518,76,916,35.2
MG,SANTA RITA DE JACUTINGA,593,1049,257,1899,31.2
MG,SANTA RITA DE MINAS,795,1042,205,2042,38.9
MG,SANTA RITA DO ITUETO,372,611,128,1111,33.5
MG,SANTA RITA DO SAPUCAI,6094,9212,1884,17190,35.5
MG,SANTA ROSA DA SERRA,335,743,101,1179,28.4
MG,SANTA VITORIA,2379,3817,870,7066,33.7
MG,SANTO ANTONIO DO AMPARO,1673,2534,497,4704,35.6
MG,SANTO ANTONIO DO AVENTUREIRO,463,653,124,1240,37.3
MG,SANTO ANTONIO DO GRAMA,375,934,104,1413,26.5
MG,SANTO ANTONIO DO ITAMBE,257,502,107,866,29.7
MG,SANTO ANTONIO DO JACINTO,546,1146,224,1916,28.5
MG,SANTO ANTONIO DO MONTE,4815,5705,830,11350,42.4
MG,SANTO ANTONIO DO RETIRO,256,439,52,747,34.3
MG,SANTO ANTONIO DO RIO ABAIXO,167,393,43,603,27.7
MG,SANTO HIPOLITO,239,667,97,1003,23.8
MG,SANTOS DUMONT,4031,7484,1690,13205,30.5
MG,SAO BENTO ABADE,502,1062,189,1753,28.6
MG,SAO BRAS DO SUACUI,506,1078,160,1744,29.0
MG,SAO DOMINGOS DAS DORES,532,669,116,1317,40.4
MG,SAO DOMINGOS DO PRATA,1820,3034,459,5313,34.3
MG,SAO FELIX DE MINAS,296,587,81,964,30.7
MG,SAO FRANCISCO,3081,5786,1150,10017,30.8
MG,SAO FRANCISCO DE PAULA,539,1099,123,1761,30.6
MG,SAO FRANCISCO DE SALES,432,866,200,1498,28.8
MG,SAO FRANCISCO DO GLORIA,487,958,174,1619,30.1
MG,SAO GERALDO,1081,1626,301,3008,35.9
MG,SAO GERALDO DA PIEDADE,209,538,68,815,25.6
MG,SAO GERALDO DO BAIXIO,243,425,94,762,31.9
MG,SAO GONCALO DO ABAETE,651,1111,270,2032,32.0
MG,SAO GONCALO DO PARA,1544,2494,400,4438,34.8
MG,SAO GONCALO DO RIO ABAIXO,1494,1842,397,3733,40.0
MG,SAO GONCALO DO RIO PRETO,303,654,61,1018,29.8
MG,SAO GONCALO DO SAPUCAI,2838,5075,843,8756,32.4
MG,SAO GOTARDO,6778,7911,1350,16039,42.3
MG,SAO JOAO BATISTA DO GLORIA,1155,1964,366,3485,33.1
MG,SAO JOAO DA LAGOA,286,520,60,866,33.0
MG,SAO JOAO DA MATA,268,619,103,990,27.1
MG,SAO JOAO DA PONTE,1123,1878,431,3432,32.7
MG,SAO JOAO DAS MISSOES,370,555,107,1032,35.9
MG,SAO JOAO DEL REI,12574,19359,3524,35457,35.5
MG,SAO JOAO DO MANHUACU,808,1133,256,2197,36.8
MG,SAO JOAO DO MANTENINHA,686,882,215,1783,38.5
MG,SAO JOAO DO ORIENTE,871,1049,256,2176,40.0
MG,SAO JOAO DO PACUI,178,449,39,666,26.7
MG,SAO JOAO DO PARAISO,1612,2287,420,4319,37.3
MG,SAO JOAO EVANGELISTA,1979,2412,487,4878,40.6
MG,SAO JOAO NEPOMUCENO,3496,6668,1494,11658,30.0
MG,SAO JOAQUIM DE BICAS,4218,4766,1201,10185,41.4
MG,SAO JOSE DA BARRA,1092,1521,253,2866,38.1
MG,SAO JOSE DA LAPA,3543,4482,1166,9191,38.5
MG,SAO JOSE DA SAFIRA,272,495,89,856,31.8
MG,SAO JOSE DA VARGINHA,401,849,134,1384,29.0
MG,SAO JOSE DO ALEGRE,414,1047,148,1609,25.7
MG,SAO JOSE DO DIVINO,253,459,124,836,30.3
MG,SAO JOSE DO GOIABAL,497,1031,138,1666,29.8
MG,SAO JOSE DO JACURI,383,844,98,1325,28.9
MG,SAO JOSE DO MANTIMENTO,209,362,63,634,33.0
MG,SAO LOURENCO,8261,13441,2962,24664,33.5
MG,SAO MIGUEL DO ANTA,481,970,137,1588,30.3
MG,SAO PEDRO DA UNIAO,419,934,94,1447,29.0
MG,SAO PEDRO DOS FERROS,733,1608,247,2588,28.3
MG,SAO PEDRO DO SUACUI,396,709,93,1198,33.1
MG,SAO ROMAO,556,1265,180,2001,27.8
MG,SAO ROQUE DE MINAS,1066,1140,207,2413,44.2
MG,SAO SEBASTIAO DA BELA VISTA,660,930,163,1753,37.6
MG,SAO SEBASTIAO DA VARGEM ALEGRE,347,524,91,962,36.1
MG,SAO SEBASTIAO DO ANTA,433,712,113,1258,34.4
MG,SAO SEBASTIAO DO MARANHAO,414,718,134,1266,32.7
MG,SAO SEBASTIAO DO OESTE,976,1195,177,2348,41.6
MG,SAO SEBASTIAO DO PARAISO,9502,13664,2247,25413,37.4
MG,SAO SEBASTIAO DO RIO PRETO,124,353,35,512,24.2
MG,SAO SEBASTIAO DO RIO VERDE,274,650,50,974,28.1
MG,SAO TIAGO,1458,2351,223,4032,36.2
MG,SAO TOMAS DE AQUINO,599,1260,201,2060,29.1
MG,SAO TOME DAS LETRAS,1533,2226,475,4234,36.2
MG,SAO VICENTE DE MINAS,909,1391,253,2553,35.6
MG,SAPUCAI-MIRIM,1057,1487,288,2832,37.3
MG,SARDOA,516,873,134,1523,33.9
MG,SARZEDO,5158,5889,1651,12698,40.6
MG,SEM-PEIXE,187,426,33,646,28.9
MG,SENADOR AMARAL,718,761,133,1612,44.5
MG,SENADOR CORTES,222,434,69,725,30.6
MG,SENADOR FIRMINO,734,1208,112,2054,35.7
MG,SENADOR JOSE BENTO,139,402,45,586,23.7
MG,SENADOR MODESTINO GONCALVES,353,672,91,1116,31.6
MG,SENHORA DE OLIVEIRA,425,649,96,1170,36.3
MG,SENHORA DO PORTO,218,513,50,781,27.9
MG,SENHORA DOS REMEDIOS,733,1246,171,2150,34.1
MG,SERICITA,443,706,124,1273,34.8
MG,SERITINGA,269,554,73,896,30.0
MG,SERRA AZUL DE MINAS,231,461,80,772,29.9
MG,SERRA DA SAUDADE,200,348,46,594,33.7
MG,SERRA DOS AIMORES,519,1258,309,2086,24.9
MG,SERRA DO SALITRE,1542,2103,480,4125,37.4
MG,SERRANIA,764,1543,275,2582,29.6
MG,SERRANOPOLIS DE MINAS,207,410,47,664,31.2
MG,SERRANOS,217,524,47,788,27.5
MG,SERRO,2074,2570,656,5300,39.1
MG,SETE LAGOAS,34863,44549,11274,90686,38.4
MG,SETUBINHA,441,767,115,1323,33.3
MG,SILVEIRANIA,265,525,56,846,31.3
MG,SILVIANOPOLIS,521,1116,150,1787,29.2
MG,SIMAO PEREIRA,414,837,195,1446,28.6
MG,SIMONESIA,1228,1873,477,3578,34.3
MG,SOBRALIA,372,893,132,1397,26.6
MG,SOLEDADE DE MINAS,839,1344,291,2474,33.9
MG,TABULEIRO,370,889,102,1361,27.2
MG,TAIOBEIRAS,4400,5072,1015,10487,42.0
MG,TAPARUBA,222,443,83,748,29.7
MG,TAPIRA,536,865,172,1573,34.1
MG,TAPIRAI,101,384,45,530,19.1
MG,TAQUARACU DE MINAS,443,816,147,1406,31.5
MG,TARUMIRIM,1396,2151,547,4094,34.1
MG,TEIXEIRAS,1383,1976,385,3744,36.9
MG,TEOFILO OTONI,16277,23730,6732,46739,34.8
MG,TIMOTEO,10724,16776,4264,31764,33.8
MG,TIRADENTES,1871,2835,538,5244,35.7
MG,TIROS,892,1474,187,2553,34.9
MG,TOCANTINS,2299,3421,702,6422,35.8
MG,TOCOS DO MOJI,281,381,48,710,39.6
MG,TOLEDO,874,861,255,1990,43.9
MG,TOMBOS,879,1928,405,3212,27.4
MG,TRES CORACOES,8548,14161,3809,26518,32.2
MG,TRES MARIAS,3529,5551,1359,10439,33.8
MG,TRES PONTAS,7222,10077,2004,19303,37.4
MG,TUMIRITINGA,462,799,156,1417,32.6
MG,TUPACIGUARA,3251,7281,1191,11723,27.7
MG,TURMALINA,2603,3097,486,6186,42.1
MG,TURVOLANDIA,486,816,113,1415,34.3
MG,UBA,13642,19461,3792,36895,37.0
MG,UBAI,437,988,206,1631,26.8
MG,UBAPORANGA,1141,1394,301,2836,40.2
MG,UBERABA,50547,66553,19912,137012,36.9
MG,UBERLANDIA,146964,169698,47398,364060,40.4
MG,UMBURATIBA,219,502,102,823,26.6
MG,UNAI,12237,13935,3456,29628,41.3
MG,UNIAO DE MINAS,288,485,97,870,33.1
MG,URUANA DE MINAS,304,667,84,1055,28.8
MG,URUCANIA,990,1883,314,3187,31.1
MG,URUCUIA,764,1271,261,2296,33.3
MG,VARGEM ALEGRE,624,816,153,1593,39.2
MG,VARGEM BONITA,287,502,68,857,33.5
MG,VARGEM GRANDE DO RIO PARDO,345,465,52,862,40.0
MG,VARGINHA,23974,34901,7601,66476,36.1
MG,VARJAO DE MINAS,775,928,185,1888,41.0
MG,VARZEA DA PALMA,2952,4942,1169,9063,32.6
MG,VARZELANDIA,1076,1773,318,3167,34.0
MG,VAZANTE,2358,3300,777,6435,36.6
MG,VERDELANDIA,374,705,157,1236,30.3
MG,VEREDINHA,435,589,56,1080,40.3
MG,VERISSIMO,259,594,102,955,27.1
MG,VERMELHO NOVO,340,750,56,1146,29.7
MG,VESPASIANO,15813,18991,6016,40820,38.7
MG,VICOSA,12936,16173,2973,32082,40.3
MG,VIEIRAS,270,647,93,1010,26.7
MG,VIRGEM DA LAPA,1061,1549,234,2844,37.3
MG,VIRGINIA,877,1357,335,2569,34.1
MG,VIRGINOPOLIS,1140,1595,226,2961,38.5
MG,VIRGOLANDIA,343,545,78,966,35.5
MG,VISCONDE DO RIO BRANCO,4544,7324,1128,12996,35.0
MG,VOLTA GRANDE,445,973,334,1752,25.4
MG,WENCESLAU BRAZ,224,604,63,891,25.1
RJ,ANGRA DOS REIS,22292,27659,10328,60279,37.0
RJ,APERIBE,1417,1623,455,3495,40.5
RJ,ARARUAMA,17307,19689,8314,45310,38.2
RJ,AREAL,2204,2728,774,5706,38.6
RJ,ARMACAO DOS BUZIOS,10054,9880,4855,24789,40.6
RJ,ARRAIAL DO CABO,5880,6632,2731,15243,38.6
RJ,BARRA DO PIRAI,10012,15466,5474,30952,32.3
RJ,BARRA MANSA,22286,33292,9795,65373,34.1
RJ,BELFORD ROXO,42692,47252,25543,115487,37.0
RJ,BOM JARDIM,3824,5007,1171,10002,38.2
RJ,BOM JESUS DO ITABAPOANA,4307,6780,1759,12846,33.5
RJ,CABO FRIO,37387,42928,19900,100215,37.3
RJ,CACHOEIRAS DE MACACU,6024,8025,2826,16875,35.7
RJ,CAMBUCI,1348,2602,607,4557,29.6
RJ,CAMPOS DOS GOYTACAZES,52847,69764,23614,146225,36.1
RJ,CANTAGALO,2361,3813,949,7123,33.1
RJ,CARAPEBUS,1247,1741,541,3529,35.3
RJ,CARDOSO MOREIRA,1268,1761,417,3446,36.8
RJ,CARMO,1999,3426,811,6236,32.1
RJ,CASIMIRO DE ABREU,5322,8375,2933,16630,32.0
RJ,COMENDADOR LEVY GASPARIAN,1341,2809,965,5115,26.2
RJ,CONCEICAO DE MACABU,1852,3448,934,6234,29.7
RJ,CORDEIRO,3153,4993,1279,9425,33.5
RJ,DUAS BARRAS,1359,1900,566,3825,35.5
RJ,DUQUE DE CAXIAS,102210,125763,59852,287825,35.5
RJ,ENGENHEIRO PAULO DE FRONTIN,1291,2947,836,5074,25.4
RJ,GUAPIMIRIM,6250,7372,3337,16959,36.9
RJ,IGUABA GRANDE,3898,4642,1724,10264,38.0
RJ,ITABORAI,23148,28378,11658,63184,36.6
RJ,ITAGUAI,13004,19060,7832,39896,32.6
RJ,ITALVA,1322,2152,481,3955,33.4
RJ,ITAOCARA,2903,4139,1122,8164,35.6
RJ,ITAPERUNA,13746,19219,5342,38307,35.9
RJ,ITATIAIA,4333,6274,1811,12418,34.9
RJ,JAPERI,7817,9012,4343,21172,36.9
RJ,LAJE DO MURIAE,694,1614,377,2685,25.8
RJ,MACAE,33142,40404,14772,88318,37.5
RJ,MACUCO,1165,1684,385,3234,36.0
RJ,MAGE,25839,33671,14364,73874,35.0
RJ,MANGARATIBA,5647,7556,3392,16595,34.0
RJ,MARICA,37322,32111,11855,81288,45.9
RJ,MENDES,2040,4156,1251,7447,27.4
RJ,MESQUITA,17374,20147,10178,47699,36.4
RJ,MIGUEL PEREIRA,3984,5647,2104,11735,33.9
RJ,MIRACEMA,3257,5336,1279,9872,33.0
RJ,NATIVIDADE,1670,3257,743,5670,29.5
RJ,NILOPOLIS,16614,26297,11251,54162,30.7
RJ,NITEROI,102012,101820,37022,240854,42.4
RJ,NOVA FRIBURGO,33872,40482,10007,84361,40.2
RJ,NOVA IGUACU,94333,130946,53593,278872,33.8
RJ,PARACAMBI,4195,6316,2662,13173,31.8
RJ,PARAIBA DO SUL,5350,7923,2371,15644,34.2
RJ,PARATY,8172,8856,3313,20341,40.2
RJ,PATY DO ALFERES,3614,4329,1312,9255,39.0
RJ,PETROPOLIS,48130,59278,21524,128932,37.3
RJ,PINHEIRAL,2890,4035,1313,8238,35.1
RJ,PIRAI,2786,4961,1460,9207,30.3
RJ,PORCIUNCULA,1874,3509,844,6227,30.1
RJ,PORTO REAL,2455,3669,956,7080,34.7
RJ,QUATIS,1502,2450,663,4615,32.5
RJ,QUEIMADOS,14625,17087,7959,39671,36.9
RJ,QUISSAMA,1956,2991,1019,5966,32.8
RJ,RESENDE,18889,26796,8536,54221,34.8
RJ,RIO BONITO,8391,11509,4941,24841,33.8
RJ,RIO CLARO,1844,2791,836,5471,33.7
RJ,RIO DAS FLORES,1023,2216,723,3962,25.8
RJ,RIO DAS OSTRAS,23492,26963,11067,61522,38.2
RJ,RIO DE JANEIRO,1067481,1176068,496182,2739731,39.0
RJ,SANTA MARIA MADALENA,992,1672,426,3090,32.1
RJ,SANTO ANTONIO DE PADUA,5590,8542,2120,16252,34.4
RJ,SAO FIDELIS,3351,5225,1468,10044,33.4
RJ,SAO FRANCISCO DE ITABAPOANA,3503,4111,1504,9118,38.4
RJ,SAO GONCALO,97347,126751,53159,277257,35.1
RJ,SAO JOAO DA BARRA,4720,6435,1891,13046,36.2
RJ,SAO JOAO DE MERITI,44884,69146,30653,144683,31.0
RJ,SAO JOSE DE UBA,696,1157,222,2075,33.5
RJ,SAO JOSE DO VALE DO RIO PRETO,2992,2982,935,6909,43.3
RJ,SAO PEDRO DA ALDEIA,13965,16614,6568,37147,37.6
RJ,SAO SEBASTIAO DO ALTO,689,1161,369,2219,31.1
RJ,SAPUCAIA,2820,3867,967,7654,36.8
RJ,SAQUAREMA,15014,16977,8904,40895,36.7
RJ,SEROPEDICA,7043,8214,3912,19169,36.7
RJ,SILVA JARDIM,2114,3164,981,6259,33.8
RJ,SUMIDOURO,1448,1824,398,3670,39.5
RJ,TANGUA,3032,3718,1354,8104,37.4
RJ,TERESOPOLIS,26847,30106,9762,66715,40.2
RJ,TRAJANO DE MORAES,1003,1634,373,3010,33.3
RJ,TRES RIOS,11115,16921,5061,33097,33.6
RJ,VALENCA,7714,12498,3814,24026,32.1
RJ,VARRE-SAI,1066,1496,300,2862,37.2
RJ,VASSOURAS,4481,6680,2197,13358,33.5
RJ,VOLTA REDONDA,35167,48291,15780,99238,35.4
BA,ABAIRA,463,573,129,1165,39.7
BA,ABARE,703,921,390,2014,34.9
BA,ACAJUTIBA,699,1160,300,2159,32.4
BA,ADUSTINA,536,707,208,1451,36.9
BA,AGUA FRIA,702,1103,326,2131,32.9
BA,AIQUARA,228,495,136,859,26.5
BA,ALAGOINHAS,12809,18104,6790,37703,34.0
BA,ALCOBACA,1454,2870,907,5231,27.8
BA,ALMADINA,279,622,164,1065,26.2
BA,AMARGOSA,2671,3768,1043,7482,35.7
BA,AMELIA RODRIGUES,1760,2803,842,5405,32.6
BA,AMERICA DOURADA,549,800,248,1597,34.4
BA,ANAGE,858,1208,357,2423,35.4
BA,ANDARAI,684,1188,327,2199,31.1
BA,ANDORINHA,764,1075,317,2156,35.4
BA,ANGICAL,484,976,284,1744,27.8
BA,ANGUERA,440,575,131,1146,38.4
BA,ANTAS,495,875,210,1580,31.3
BA,ANTONIO CARDOSO,313,610,157,1080,29.0
BA,ANTONIO GONCALVES,513,687,245,1445,35.5
BA,APORA,663,872,254,1789,37.1
BA,APUAREMA,415,567,135,1117,37.2
BA,ARACAS,654,1106,356,2116,30.9
BA,ARACATU,646,695,178,1519,42.5
BA,ARACI,2200,2709,929,5838,37.7
BA,ARAMARI,546,1025,292,1863,29.3
BA,ARATACA,381,790,291,1462,26.1
BA,ARATUIPE,382,674,173,1229,31.1
BA,AURELINO LEAL,524,1298,384,2206,23.8
BA,BAIANOPOLIS,587,685,174,1446,40.6
BA,BAIXA GRANDE,929,1458,387,2774,33.5
BA,BANZAE,432,652,165,1249,34.6
BA,BARRA,2051,2887,981,5919,34.7
BA,BARRA DA ESTIVA,2264,2218,433,4915,46.1
BA,BARRA DO CHOCA,2710,2962,1020,6692,40.5
BA,BARRA DO MENDES,613,1005,177,1795,34.2
BA,BARRA DO ROCHA,238,615,179,1032,23.1
BA,BARREIRAS,19666,21659,7612,48937,40.2
BA,BARRO ALTO,512,575,98,1185,43.2
BA,BARROCAS,902,894,188,1984,45.5
BA,BARRO PRETO,305,840,206,1351,22.6
BA,BELMONTE,1226,2079,727,4032,30.4
BA,BELO CAMPO,931,1208,307,2446,38.1
BA,BIRITINGA,536,785,142,1463,36.6
BA,BOA NOVA,649,1194,290,2133,30.4
BA,BOA VISTA DO TUPIM,611,778,228,1617,37.8
BA,BOM JESUS DA LAPA,4755,6803,1999,13557,35.1
BA,BOM JESUS DA SERRA,352,698,146,1196,29.4
BA,BONINAL,598,958,104,1660,36.0
BA,BONITO,665,956,233,1854,35.9
BA,BOQUIRA,794,1047,302,2143,37.1
BA,BOTUPORA,516,730,123,1369,37.7
BA,BREJOES,631,1365,334,2330,27.1
BA,BREJOLANDIA,282,505,106,893,31.6
BA,BROTAS DE MACAUBAS,590,726,185,1501,39.3
BA,BRUMADO,7483,8753,2076,18312,40.9
BA,BUERAREMA,1074,2188,695,3957,27.1
BA,BURITIRAMA,739,735,267,1741,42.4
BA,CAATIBA,318,658,140,1116,28.5
BA,CABACEIRAS DO PARAGUACU,645,794,206,1645,39.2
BA,CACHOEIRA,1903,3188,1066,6157,30.9
BA,CACULE,2489,3159,639,6287,39.6
BA,CAEM,461,630,181,1272,36.2
BA,CAETANOS,390,712,146,1248,31.2
BA,CAETITE,4358,4458,1158,9974,43.7
BA,CAFARNAUM,730,1193,454,2377,30.7
BA,CAIRU,2465,2457,1131,6053,40.7
BA,CALDEIRAO GRANDE,476,865,242,1583,30.1
BA,CAMACAN,1816,3671,1190,6677,27.2
BA,CAMACARI,34263,41121,17169,92553,37.0
BA,CAMAMU,2179,3018,1175,6372,34.2
BA,CAMPO ALEGRE DE LOURDES,1223,1583,632,3438,35.6
BA,CAMPO FORMOSO,3758,4274,1759,9791,38.4
BA,CANAPOLIS,361,531,92,984,36.7
BA,CANARANA,1039,1274,344,2657,39.1
BA,CANAVIEIRAS,2183,4110,1640,7933,27.5
BA,CANDEAL,330,603,143,1076,30.7
BA,CANDEIAS,5884,9639,4223,19746,29.8
BA,CANDIBA,697,743,110,1550,45.0
BA,CANDIDO SALES,1461,2536,662,4659,31.4
BA,CANSANCAO,1599,2051,638,4288,37.3
BA,CANUDOS,741,935,330,2006,36.9
BA,CAPELA DO ALTO ALEGRE,699,863,175,1737,40.2
BA,CAPIM GROSSO,3574,3723,1131,8428,42.4
BA,CARAIBAS,470,654,131,1255,37.5
BA,CARAVELAS,1131,2152,630,3913,28.9
BA,CARDEAL DA SILVA,432,905,236,1573,27.5
BA,CARINHANHA,1198,2164,436,3798,31.5
BA,CASA NOVA,2606,3605,1227,7438,35.0
BA,CASTRO ALVES,2112,3012,740,5864,36.0
BA,CATOLANDIA,151,315,59,525,28.8
BA,CATU,3576,5974,2230,11780,30.4
BA,CATURAMA,307,395,89,791,38.8
BA,CENTRAL,589,994,252,1835,32.1
BA,CHORROCHO,382,581,234,1197,31.9
BA,CICERO DANTAS,1936,2595,742,5273,36.7
BA,CIPO,1041,1573,518,3132,33.2
BA,COARACI,1243,2632,844,4719,26.3
BA,COCOS,992,1316,365,2673,37.1
BA,CONCEICAO DA FEIRA,1518,2138,673,4329,35.1
BA,CONCEICAO DO ALMEIDA,901,1529,351,2781,32.4
BA,CONCEICAO DO COITE,5492,5661,1713,12866,42.7
BA,CONCEICAO DO JACUIPE,5205,5193,2137,12535,41.5
BA,CONDE,1347,2036,741,4124,32.7
BA,CONDEUBA,1116,1496,237,2849,39.2
BA,CONTENDAS DO SINCORA,284,493,106,883,32.2
BA,CORACAO DE MARIA,1572,1798,667,4037,38.9
BA,CORDEIROS,442,676,97,1215,36.4
BA,CORIBE,610,896,262,1768,34.5
BA,CORONEL JOAO SA,548,861,279,1688,32.5
BA,CORRENTINA,2544,2792,826,6162,41.3
BA,COTEGIPE,520,891,193,1604,32.4
BA,CRAVOLANDIA,314,598,125,1037,30.3
BA,CRISOPOLIS,645,950,263,1858,34.7
BA,CRISTOPOLIS,560,771,209,1540,36.4
BA,CRUZ DAS ALMAS,6505,8217,2823,17545,37.1
BA,CURACA,1378,1788,794,3960,34.8
BA,DARIO MEIRA,458,956,304,1718,26.7
BA,DIAS D'AVILA,5925,9977,4391,20293,29.2
BA,DOM BASILIO,654,766,150,1570,41.7
BA,DOM MACEDO COSTA,268,386,100,754,35.5
BA,ELISIO MEDRADO,436,679,142,1257,34.7
BA,ENCRUZILHADA,904,2088,489,3481,26.0
BA,ENTRE RIOS,3276,4550,1621,9447,34.7
BA,ERICO CARDOSO,372,521,130,1023,36.4
BA,ESPLANADA,2025,3077,1032,6134,33.0
BA,EUCLIDES DA CUNHA,3036,3659,1204,7899,38.4
BA,EUNAPOLIS,12206,15184,5682,33072,36.9
BA,FATIMA,708,912,245,1865,38.0
BA,FEIRA DA MATA,265,477,76,818,32.4
BA,FEIRA DE SANTANA,78768,92065,36534,207367,38.0
BA,FILADELFIA,956,1084,407,2447,39.1
BA,FIRMINO ALVES,260,495,189,944,27.5
BA,FLORESTA AZUL,414,908,295,1617,25.6
BA,FORMOSA DO RIO PRETO,1658,2268,767,4693,35.3
BA,GANDU,2459,3912,1495,7866,31.3
BA,GAVIAO,220,430,101,751,29.3
BA,GENTIO DO OURO,541,542,143,1226,44.1
BA,GLORIA,491,653,197,1341,36.6
BA,GONGOGI,322,828,206,1356,23.7
BA,GOVERNADOR MANGABEIRA,1584,1993,587,4164,38.0
BA,GUAJERU,258,361,43,662,39.0
BA,GUANAMBI,10606,11189,2871,24666,43.0
BA,GUARATINGA,814,1593,546,2953,27.6
BA,HELIOPOLIS,502,800,163,1465,34.3
BA,IACU,1308,2012,629,3949,33.1
BA,IBIASSUCE,582,760,170,1512,38.5
BA,IBICARAI,1565,2940,1068,5573,28.1
BA,IBICOARA,1484,1304,367,3155,47.0
BA,IBICUI,735,1286,437,2458,29.9
BA,IBIPEBA,542,707,170,1419,38.2
BA,IBIPITANGA,760,626,114,1500,50.7
BA,IBIQUERA,136,359,61,556,24.5
BA,IBIRAPITANGA,914,1597,515,3026,30.2
BA,IBIRAPUA,608,838,219,1665,36.5
BA,IBIRATAIA,986,2118,775,3879,25.4
BA,IBITIARA,675,842,238,1755,38.5
BA,IBITITA,632,945,221,1798,35.2
BA,IBOTIRAMA,1989,2831,921,5741,34.6
BA,ICHU,445,543,118,1106,40.2
BA,IGAPORA,978,1009,212,2199,44.5
BA,IGRAPIUNA,470,951,258,1679,28.0
BA,IGUAI,1078,1739,603,3420,31.5
BA,ILHEUS,20117,27078,14048,61243,32.8
BA,INHAMBUPE,1903,2553,937,5393,35.3
BA,IPECAETA,298,685,156,1139,26.2
BA,IPIAU,3521,6541,2522,12584,28.0
BA,IPIRA,3494,5468,1129,10091,34.6
BA,IPUPIARA,609,670,181,1460,41.7
BA,IRAJUBA,268,575,100,943,28.4
BA,IRAMAIA,439,871,183,1493,29.4
BA,IRAQUARA,1186,1323,298,2807,42.3
BA,IRARA,1717,1999,656,4372,39.3
BA,IRECE,7791,10990,3356,22137,35.2
BA,ITABELA,1974,2801,1132,5907,33.4
BA,ITABERABA,5300,6524,2313,14137,37.5
BA,ITABUNA,23590,38167,15803,77560,30.4
BA,ITACARE,3517,3818,1597,8932,39.4
BA,ITAETE,586,1030,271,1887,31.1
BA,ITAGI,523,1098,323,1944,26.9
BA,ITAGIBA,933,1636,560,3129,29.8
BA,ITAGIMIRIM,477,1006,262,1745,27.3
BA,ITAGUACU DA BAHIA,910,560,151,1621,56.1
BA,ITAJU DO COLONIA,306,678,182,1166,26.2
BA,ITAJUIPE,1326,2253,729,4308,30.8
BA,ITAMARAJU,4957,8532,2773,16262,30.5
BA,ITAMARI,311,689,216,1216,25.6
BA,ITAMBE,1241,2091,778,4110,30.2
BA,ITANAGRA,512,841,296,1649,31.0
BA,ITANHEM,1186,1733,535,3454,34.3
BA,ITAPARICA,1211,2591,852,4654,26.0
BA,ITAPE,603,1025,385,2013,30.0
BA,ITAPEBI,517,1285,358,2160,23.9
BA,ITAPETINGA,5251,8855,3179,17285,30.4
BA,ITAPICURU,878,1301,532,2711,32.4
BA,ITAPITANGA,394,1104,295,1793,22.0
BA,ITAQUARA,270,661,124,1055,25.6
BA,ITARANTIM,1102,1715,615,3432,32.1
BA,ITATIM,1206,1095,410,2711,44.5
BA,ITIRUCU,692,1328,526,2546,27.2
BA,ITIUBA,1275,2266,496,4037,31.6
BA,ITORORO,1314,1991,769,4074,32.3
BA,ITUACU,1087,1301,303,2691,40.4
BA,ITUBERA,1778,3181,1053,6012,29.6
BA,IUIU,421,593,139,1153,36.5
BA,JABORANDI,581,639,160,1380,42.1
BA,JACARACI,578,792,118,1488,38.8
BA,JACOBINA,7982,11711,3639,23332,34.2
BA,JAGUAQUARA,3863,4698,1555,10116,38.2
BA,JAGUARARI,2224,3102,1064,6390,34.8
BA,JAGUARIPE,564,928,259,1751,32.2
BA,JANDAIRA,503,777,220,1500,33.5
BA,JEQUIE,13820,20565,7380,41765,33.1
BA,JEREMOABO,1670,2272,765,4707,35.5
BA,JIQUIRICA,794,1143,251,2188,36.3
BA,JITAUNA,609,1172,474,2255,27.0
BA,JOAO DOURADO,1292,1346,511,3149,41.0
BA,JUAZEIRO,18974,26191,10999,56164,33.8
BA,JUCURUCU,346,648,147,1141,30.3
BA,JUSSARA,548,881,250,1679,32.6
BA,JUSSARI,407,653,197,1257,32.4
BA,JUSSIAPE,339,566,147,1052,32.2
BA,LAFAIETE COUTINHO,231,477,92,800,28.9
BA,LAGOA REAL,471,514,122,1107,42.5
BA,LAJE,971,1397,316,2684,36.2
BA,LAJEDAO,240,589,155,984,24.4
BA,LAJEDINHO,156,313,65,534,29.2
BA,LAJEDO DO TABOCAL,389,634,146,1169,33.3
BA,LAMARAO,249,522,105,876,28.4
BA,LAPAO,1174,1381,527,3082,38.1
BA,LAURO DE FREITAS,40964,48189,21401,110554,37.1
BA,LENCOIS,1223,1460,488,3171,38.6
BA,LICINIO DE ALMEIDA,843,1006,226,2075,40.6
BA,LIVRAMENTO DE NOSSA SENHORA,3893,3330,749,7972,48.8
BA,LUIS EDUARDO MAGALHAES,21645,14918,5667,42230,51.3
BA,MACAJUBA,389,553,178,1120,34.7
BA,MACARANI,757,1384,404,2545,29.7
BA,MACAUBAS,2258,2253,515,5026,44.9
BA,MACURURE,268,457,136,861,31.1
BA,MADRE DE DEUS,1502,2766,1150,5418,27.7
BA,MAETINGA,430,522,82,1034,41.6
BA,MAIQUINIQUE,510,932,320,1762,28.9
BA,MAIRI,903,1184,305,2392,37.8
BA,MALHADA,517,893,189,1599,32.3
BA,MALHADA DE PEDRAS,512,574,130,1216,42.1
BA,MANOEL VITORINO,671,995,270,1936,34.7
BA,MANSIDAO,358,552,193,1103,32.5
BA,MARACAS,2027,2230,688,4945,41.0
BA,MARAGOGIPE,1429,2947,829,5205,27.5
BA,MARAU,2469,2177,925,5571,44.3
BA,MARCIONILIO SOUZA,425,711,128,1264,33.6
BA,MASCOTE,536,1309,361,2206,24.3
BA,MATA DE SAO JOAO,5250,6267,2558,14075,37.3
BA,MATINA,325,406,95,826,39.3
BA,MEDEIROS NETO,1540,2447,916,4903,31.4
BA,MIGUEL CALMON,1702,2257,502,4461,38.2
BA,MILAGRES,636,1107,322,2065,30.8
BA,MIRANGABA,640,891,266,1797,35.6
BA,MIRANTE,385,529,147,1061,36.3
BA,MONTE SANTO,1680,2140,562,4382,38.3
BA,MORPARA,272,560,127,959,28.4
BA,MORRO DO CHAPEU,2287,2915,931,6133,37.3
BA,MORTUGABA,721,931,145,1797,40.1
BA,MUCUGE,1013,1013,259,2285,44.3
BA,MUCURI,3366,5583,2001,10950,30.7
BA,MULUNGU DO MORRO,495,586,114,1195,41.4
BA,MUNDO NOVO,937,1298,384,2619,35.8
BA,MUNIZ FERREIRA,346,662,116,1124,30.8
BA,MUQUEM DE SAO FRANCISCO,398,610,223,1231,32.3
BA,MURITIBA,1812,2533,780,5125,35.4
BA,MUTUIPE,1200,1806,417,3423,35.1
BA,NAZARE,1995,3201,842,6038,33.0
BA,NILO PECANHA,434,882,262,1578,27.5
BA,NORDESTINA,488,679,161,1328,36.7
BA,NOVA CANAA,564,1209,305,2078,27.1
BA,NOVA FATIMA,623,758,180,1561,39.9
BA,NOVA IBIA,264,571,143,978,27.0
BA,NOVA ITARANA,322,548,107,977,33.0
BA,NOVA REDENCAO,281,514,131,926,30.3
BA,NOVA SOURE,997,1626,541,3164,31.5
BA,NOVA VICOSA,3210,4582,1857,9649,33.3
BA,NOVO HORIZONTE,481,403,133,1017,47.3
BA,NOVO TRIUNFO,315,441,135,891,35.4
BA,OLINDINA,882,1506,424,2812,31.4
BA,OLIVEIRA DOS BREJINHOS,1284,1182,346,2812,45.7
BA,OURICANGAS,298,649,175,1122,26.6
BA,OUROLANDIA,1227,1399,505,3131,39.2
BA,PALMAS DE MONTE ALTO,1037,1336,250,2623,39.5
BA,PALMEIRAS,1074,998,261,2333,46.0
BA,PARAMIRIM,2022,1590,508,4120,49.1
BA,PARATINGA,961,1355,382,2698,35.6
BA,PARIPIRANGA,1030,1889,647,3566,28.9
BA,PAU BRASIL,509,998,251,1758,29.0
BA,PAULO AFONSO,8567,11942,4559,25068,34.2
BA,PE DE SERRA,884,913,222,2019,43.8
BA,PEDRAO,331,697,113,1141,29.0
BA,PEDRO ALEXANDRE,261,602,161,1024,25.5
BA,PIATA,981,972,251,2204,44.5
BA,PILAO ARCADO,856,1448,688,2992,28.6
BA,PINDAI,641,590,160,1391,46.1
BA,PINDOBACU,948,1407,518,2873,33.0
BA,PINTADAS,659,665,120,1444,45.6
BA,PIRAI DO NORTE,355,532,161,1048,33.9
BA,PIRIPA,526,1699,157,2382,22.1
BA,PIRITIBA,905,1433,374,2712,33.4
BA,PLANALTINO,332,561,135,1028,32.3
BA,PLANALTO,1392,1799,516,3707,37.6
BA,POCOES,3260,5665,1494,10419,31.3
BA,POJUCA,2959,4227,1567,8753,33.8
BA,PONTO NOVO,843,1185,316,2344,36.0
BA,PORTO SEGURO,25416,25704,11312,62432,40.7
BA,POTIRAGUA,530,946,315,1791,29.6
BA,PRADO,2945,3504,1388,7837,37.6
BA,PRESIDENTE DUTRA,528,825,191,1544,34.2
BA,PRESIDENTE JANIO QUADROS,538,897,140,1575,34.2
BA,PRESIDENTE TANCREDO NEVES,1490,1661,646,3797,39.2
BA,QUEIMADAS,1176,1658,509,3343,35.2
BA,QUIJINGUE,877,887,291,2055,42.7
BA,QUIXABEIRA,443,499,115,1057,41.9
BA,RAFAEL JAMBEIRO,685,943,229,1857,36.9
BA,REMANSO,2375,3458,1399,7232,32.8
BA,RETIROLANDIA,884,955,254,2093,42.2
BA,RIACHAO DAS NEVES,798,1355,425,2578,31.0
BA,RIACHAO DO JACUIPE,2760,3597,903,7260,38.0
BA,RIACHO DE SANTANA,1163,1588,437,3188,36.5
BA,RIBEIRA DO AMPARO,358,613,157,1128,31.7
BA,RIBEIRA DO POMBAL,3733,4837,1566,10136,36.8
BA,RIBEIRAO DO LARGO,332,591,144,1067,31.1
BA,RIO DE CONTAS,959,1039,221,2219,43.2
BA,RIO DO ANTONIO,620,777,160,1557,39.8
BA,RIO DO PIRES,582,581,133,1296,44.9
BA,RIO REAL,1962,2557,832,5351,36.7
BA,RODELAS,408,632,210,1250,32.6
BA,RUY BARBOSA,1550,2095,836,4481,34.6
BA,SALINAS DA MARGARIDA,686,1652,334,2672,25.7
BA,SALVADOR,333309,498361,192644,1024314,32.5
BA,SANTA BARBARA,925,1482,483,2890,32.0
BA,SANTA BRIGIDA,479,687,249,1415,33.9
BA,SANTA CRUZ CABRALIA,3257,4450,1754,9461,34.4
BA,SANTA CRUZ DA VITORIA,294,523,151,968,30.4
BA,SANTA INES,589,1083,309,1981,29.7
BA,SANTALUZ,2257,2697,788,5742,39.3
BA,SANTA LUZIA,478,1060,332,1870,25.6
BA,SANTA MARIA DA VITORIA,2534,3996,1163,7693,32.9
BA,SANTANA,1212,1909,413,3534,34.3
BA,SANTANOPOLIS,342,562,167,1071,31.9
BA,SANTA RITA DE CASSIA,1190,1867,495,3552,33.5
BA,SANTA TERESINHA,504,844,158,1506,33.5
BA,SANTO AMARO,3186,5855,2316,11357,28.1
BA,SANTO ANTONIO DE JESUS,12924,15339,4543,32806,39.4
BA,SANTO ESTEVAO,3300,3863,1274,8437,39.1
BA,SAO DESIDERIO,2354,2043,852,5249,44.8
BA,SAO DOMINGOS,655,638,201,1494,43.8
BA,SAO FELIPE,1926,1814,566,4306,44.7
BA,SAO FELIX,519,1192,333,2044,25.4
BA,SAO FELIX DO CORIBE,1157,1451,485,3093,37.4
BA,SAO FRANCISCO DO CONDE,1715,3527,1524,6766,25.3
BA,SAO GABRIEL,794,1061,250,2105,37.7
BA,SAO GONCALO DOS CAMPOS,2949,3232,1324,7505,39.3
BA,SAO JOSE DA VITORIA,278,592,148,1018,27.3
BA,SAO JOSE DO JACUIPE,478,654,142,1274,37.5
BA,SAO MIGUEL DAS MATAS,466,807,183,1456,32.0
BA,SAO SEBASTIAO DO PASSE,2492,4328,1445,8265,30.2
BA,SAPEACU,1193,1461,476,3130,38.1
BA,SATIRO DIAS,685,878,306,1869,36.7
BA,SAUBARA,738,1505,518,2761,26.7
BA,SAUDE,617,1040,352,2009,30.7
BA,SEABRA,3495,3760,865,8120,43.0
BA,SEBASTIAO LARANJEIRAS,369,601,141,1111,33.2
BA,SENHOR DO BONFIM,6487,9458,3531,19476,33.3
BA,SENTO SE,1115,1585,576,3276,34.0
BA,SERRA DO RAMALHO,1367,2014,472,3853,35.5
BA,SERRA DOURADA,710,1102,256,2068,34.3
BA,SERRA PRETA,696,1072,256,2024,34.4
BA,SERRINHA,6431,8493,2874,17798,36.1
BA,SERROLANDIA,921,1155,316,2392,38.5
BA,SIMOES FILHO,13601,18971,8541,41113,33.1
BA,SITIO DO MATO,305,768,166,1239,24.6
BA,SITIO DO QUINTO,481,612,230,1323,36.4
BA,SOBRADINHO,1464,2273,810,4547,32.2
BA,SOUTO SOARES,652,756,182,1590,41.0
BA,TABOCAS DO BREJO VELHO,528,737,144,1409,37.5
BA,TANHACU,1306,1644,353,3303,39.5
BA,TANQUE NOVO,1145,903,147,2195,52.2
BA,TANQUINHO,497,866,282,1645,30.2
BA,TAPEROA,918,1444,413,2775,33.1
BA,TAPIRAMUTA,575,975,237,1787,32.2
BA,TEIXEIRA DE FREITAS,17959,22384,9061,49404,36.4
BA,TEODORO SAMPAIO,500,959,274,1733,28.9
BA,TEOFILANDIA,829,1371,363,2563,32.3
BA,TEOLANDIA,662,880,273,1815,36.5
BA,TERRA NOVA,685,1286,382,2353,29.1
BA,TREMEDAL,628,1120,230,1978,31.7
BA,TUCANO,2450,3123,1186,6759,36.2
BA,UAUA,1390,1920,637,3947,35.2
BA,UBAIRA,1030,1540,391,2961,34.8
BA,UBAITABA,1486,3109,979,5574,26.7
BA,UBATA,1081,2322,846,4249,25.4
BA,UIBAI,592,873,210,1675,35.3
BA,UMBURANAS,686,809,245,1740,39.4
BA,UNA,1383,2823,886,5092,27.2
BA,URANDI,1007,1085,278,2370,42.5
BA,URUCUCA,2147,2827,1007,5981,35.9
BA,UTINGA,1069,1511,418,2998,35.7
BA,VALENCA,7158,9571,3581,20310,35.2
BA,VALENTE,2180,1990,621,4791,45.5
BA,VARZEA DA ROCA,635,810,191,1636,38.8
BA,VARZEA DO POCO,488,820,155,1463,33.4
BA,VARZEA NOVA,753,974,265,1992,37.8
BA,VARZEDO,478,640,163,1281,37.3
BA,VERA CRUZ,3128,5117,2233,10478,29.9
BA,VEREDA,299,519,137,955,31.3
BA,VITORIA DA CONQUISTA,49758,58392,18495,126645,39.3
BA,WAGNER,538,754,142,1434,37.5
BA,WANDERLEY,529,730,185,1444,36.6
BA,WENCESLAU GUIMARAES,895,1635,517,3047,29.4
BA,XIQUE-XIQUE,2320,3205,1083,6608,35.1
CE,ABAIARA,332,487,248,1067,31.1
CE,ACARAPE,753,1475,503,2731,27.6
CE,ACARAU,3063,4154,1307,8524,35.9
CE,ACOPIARA,2017,2998,835,5850,34.5
CE,AIUABA,504,870,240,1614,31.2
CE,ALCANTARAS,640,703,182,1525,42.0
CE,ALTANEIRA,278,535,130,943,29.5
CE,ALTO SANTO,694,1106,386,2186,31.7
CE,AMONTADA,1946,2000,826,4772,40.8
CE,ANTONINA DO NORTE,316,651,132,1099,28.8
CE,APUIARES,663,897,322,1882,35.2
CE,AQUIRAZ,7971,7358,3763,19092,41.8
CE,ARACATI,6542,7858,3076,17476,37.4
CE,ARACOIABA,1208,2101,584,3893,31.0
CE,ARARENDA,453,640,184,1277,35.5
CE,ARARIPE,692,1215,354,2261,30.6
CE,ARATUBA,449,836,219,1504,29.9
CE,ARNEIROZ,362,513,122,997,36.3
CE,ASSARE,932,1650,351,2933,31.8
CE,AURORA,957,1374,491,2822,33.9
CE,BAIXIO,221,602,105,928,23.8
CE,BANABUIU,824,1189,324,2337,35.3
CE,BARBALHA,4291,5170,1825,11286,38.0
CE,BARREIRA,1434,1879,673,3986,36.0
CE,BARRO,843,1383,450,2676,31.5
CE,BARROQUINHA,697,763,294,1754,39.7
CE,BATURITE,2945,3635,1466,8046,36.6
CE,BEBERIBE,3432,3733,1388,8553,40.1
CE,BELA CRUZ,1549,1959,639,4147,37.4
CE,BOA VIAGEM,2336,3886,873,7095,32.9
CE,BREJO SANTO,2500,3107,1139,6746,37.1
CE,CAMOCIM,4190,5853,1836,11879,35.3
CE,CAMPOS SALES,1392,2464,724,4580,30.4
CE,CANINDE,4078,6535,1969,12582,32.4
CE,CAPISTRANO,869,1442,305,2616,33.2
CE,CARIDADE,657,1048,371,2076,31.6
CE,CARIRE,721,1030,219,1970,36.6
CE,CARIRIACU,986,1380,335,2701,36.5
CE,CARIUS,650,1121,210,1981,32.8
CE,CARNAUBAL,879,1061,341,2281,38.5
CE,CASCAVEL,4716,6220,2568,13504,34.9
CE,CATARINA,399,746,224,1369,29.1
CE,CATUNDA,391,595,190,1176,33.2
CE,CAUCAIA,28605,34615,14721,77941,36.7
CE,CEDRO,903,1528,431,2862,31.6
CE,CHAVAL,567,898,195,1660,34.2
CE,CHORO,343,722,174,1239,27.7
CE,CHOROZINHO,1091,1454,528,3073,35.5
CE,COREAU,965,1277,270,2512,38.4
CE,CRATEUS,5120,7804,2126,15050,34.0
CE,CRATO,9508,13794,4481,27783,34.2
CE,CROATA,863,915,273,2051,42.1
CE,CRUZ,3156,2538,633,6327,49.9
CE,DEPUTADO IRAPUAN PINHEIRO,345,483,116,944,36.5
CE,ERERE,244,419,123,786,31.0
CE,EUSEBIO,15058,10043,4730,29831,50.5
CE,FARIAS BRITO,678,1117,292,2087,32.5
CE,FORQUILHA,1204,1733,521,3458,34.8
CE,FORTALEZA,345453,444256,167526,957235,36.1
CE,FORTIM,1449,1255,433,3137,46.2
CE,FRECHEIRINHA,911,1044,349,2304,39.5
CE,GENERAL SAMPAIO,386,696,322,1404,27.5
CE,GRACA,634,659,144,1437,44.1
CE,GRANJA,1957,2439,666,5062,38.7
CE,GRANJEIRO,186,319,74,579,32.1
CE,GROAIRAS,853,1076,287,2216,38.5
CE,GUAIUBA,1038,1698,529,3265,31.8
CE,GUARACIABA DO NORTE,2437,2701,866,6004,40.6
CE,GUARAMIRANGA,605,868,208,1681,36.0
CE,HIDROLANDIA,1007,1576,411,2994,33.6
CE,HORIZONTE,6310,7786,2542,16638,37.9
CE,IBARETAMA,418,768,193,1379,30.3
CE,IBIAPINA,1427,1763,492,3682,38.8
CE,IBICUITINGA,517,894,214,1625,31.8
CE,ICAPUI,1456,1967,693,4116,35.4
CE,ICO,2766,4602,1118,8486,32.6
CE,IGUATU,7221,12162,3647,23030,31.4
CE,INDEPENDENCIA,1045,1740,519,3304,31.6
CE,IPAPORANGA,365,582,143,1090,33.5
CE,IPAUMIRIM,508,993,258,1759,28.9
CE,IPU,2312,3456,1008,6776,34.1
CE,IPUEIRAS,1625,2335,702,4662,34.9
CE,IRACEMA,818,1329,340,2487,32.9
CE,IRAUCUBA,1070,1705,490,3265,32.8
CE,ITAICABA,512,802,189,1503,34.1
CE,ITAITINGA,6332,5203,1768,13303,47.6
CE,ITAPAJE,2471,4317,1170,7958,31.1
CE,ITAPIPOCA,7275,8824,3834,19933,36.5
CE,ITAPIUNA,709,1363,303,2375,29.9
CE,ITAREMA,1983,2433,728,5144,38.5
CE,ITATIRA,809,1282,390,2481,32.6
CE,JAGUARETAMA,849,1152,290,2291,37.1
CE,JAGUARIBARA,633,968,214,1815,34.9
CE,JAGUARIBE,2213,3949,1073,7235,30.6
CE,JAGUARUANA,1876,2471,676,5023,37.3
CE,JARDIM,933,1064,280,2277,41.0
CE,JATI,344,571,138,1053,32.7
CE,JIJOCA DE JERICOACOARA,3516,3440,1052,8008,43.9
CE,JUAZEIRO DO NORTE,27211,35872,11369,74452,36.5
CE,JUCAS,917,1541,379,2837,32.3
CE,LAVRAS DA MANGABEIRA,992,1850,507,3349,29.6
CE,LIMOEIRO DO NORTE,5123,7135,1852,14110,36.3
CE,MADALENA,797,932,480,2209,36.1
CE,MARACANAU,21398,28201,11869,61468,34.8
CE,MARANGUAPE,6371,11199,3668,21238,30.0
CE,MARCO,1534,1805,647,3986,38.5
CE,MARTINOPOLE,505,861,208,1574,32.1
CE,MASSAPE,1706,2248,863,4817,35.4
CE,MAURITI,1773,2271,826,4870,36.4
CE,MERUOCA,919,1128,341,2388,38.5
CE,MILAGRES,1102,1661,467,3230,34.1
CE,MILHA,710,872,217,1799,39.5
CE,MIRAIMA,368,532,189,1089,33.8
CE,MISSAO VELHA,1192,1688,549,3429,34.8
CE,MOMBACA,1604,2732,657,4993,32.1
CE,MONSENHOR TABOSA,756,1050,324,2130,35.5
CE,MORADA NOVA,3259,5020,1433,9712,33.6
CE,MORAUJO,357,525,119,1001,35.7
CE,MORRINHOS,1248,1538,442,3228,38.7
CE,MUCAMBO,714,955,178,1847,38.7
CE,MULUNGU,508,893,228,1629,31.2
CE,NOVA OLINDA,983,1097,304,2384,41.2
CE,NOVA RUSSAS,2179,3305,930,6414,34.0
CE,NOVO ORIENTE,1158,1455,484,3097,37.4
CE,OCARA,1225,1728,424,3377,36.3
CE,OROS,873,1825,333,3031,28.8
CE,PACAJUS,5174,7323,2574,15071,34.3
CE,PACATUBA,5524,7270,2694,15488,35.7
CE,PACOTI,599,1080,299,1978,30.3
CE,PACUJA,499,591,89,1179,42.3
CE,PALHANO,502,836,192,1530,32.8
CE,PALMACIA,435,882,194,1511,28.8
CE,PARACURU,2899,3822,1501,8222,35.3
CE,PARAIPABA,1944,2632,959,5535,35.1
CE,PARAMBU,1222,1698,297,3217,38.0
CE,PARAMOTI,471,923,237,1631,28.9
CE,PEDRA BRANCA,1776,2434,640,4850,36.6
CE,PENAFORTE,428,724,192,1344,31.8
CE,PENTECOSTE,1756,2793,850,5399,32.5
CE,PEREIRO,606,891,149,1646,36.8
CE,PINDORETAMA,1554,2160,968,4682,33.2
CE,PIQUET CARNEIRO,686,977,199,1862,36.8
CE,PIRES FERREIRA,388,497,129,1014,38.3
CE,PORANGA,435,790,189,1414,30.8
CE,PORTEIRAS,552,733,239,1524,36.2
CE,POTENGI,367,761,193,1321,27.8
CE,POTIRETAMA,273,491,109,873,31.3
CE,QUITERIANOPOLIS,789,929,193,1911,41.3
CE,QUIXADA,5244,8481,2646,16371,32.0
CE,QUIXELO,523,892,235,1650,31.7
CE,QUIXERAMOBIM,4227,6854,1829,12910,32.7
CE,QUIXERE,1386,1797,361,3544,39.1
CE,REDENCAO,1391,2353,700,4444,31.3
CE,RERIUTABA,1069,1120,316,2505,42.7
CE,RUSSAS,5973,7306,1915,15194,39.3
CE,SABOEIRO,423,930,224,1577,26.8
CE,SALITRE,471,821,261,1553,30.3
CE,SANTANA DO ACARAU,1043,1505,516,3064,34.0
CE,SANTANA DO CARIRI,500,934,185,1619,30.9
CE,SANTA QUITERIA,2438,3007,1247,6692,36.4
CE,SAO BENEDITO,3084,3481,1159,7724,39.9
CE,SAO GONCALO DO AMARANTE,4026,5216,2104,11346,35.5
CE,SAO JOAO DO JAGUARIBE,235,567,168,970,24.2
CE,SAO LUIS DO CURU,550,1258,254,2062,26.7
CE,SENADOR POMPEU,1168,2259,628,4055,28.8
CE,SENADOR SA,385,594,116,1095,35.2
CE,SOBRAL,17980,23606,9309,50895,35.3
CE,SOLONOPOLE,864,1642,329,2835,30.5
CE,TABULEIRO DO NORTE,2174,2974,663,5811,37.4
CE,TAMBORIL,946,1493,421,2860,33.1
CE,TARRAFAS,282,451,92,825,34.2
CE,TAUA,3898,5350,1535,10783,36.1
CE,TEJUCUOCA,647,1020,250,1917,33.8
CE,TIANGUA,6908,7671,2373,16952,40.8
CE,TRAIRI,2994,3482,1194,7670,39.0
CE,TURURU,588,971,285,1844,31.9
CE,UBAJARA,2168,2563,814,5545,39.1
CE,UMARI,228,554,98,880,25.9
CE,UMIRIM,571,1025,299,1895,30.1
CE,URUBURETAMA,905,1457,513,2875,31.5
CE,URUOCA,580,823,218,1621,35.8
CE,VARJOTA,1386,1574,524,3484,39.8
CE,VARZEA ALEGRE,2162,2492,708,5362,40.3
CE,VICOSA DO CEARA,2796,2990,1054,6840,40.9
PR,ABATIA,568,1207,231,2006,28.3
PR,ADRIANOPOLIS,640,1166,254,2060,31.1
PR,AGUDOS DO SUL,1237,1784,411,3432,36.0
PR,ALMIRANTE TAMANDARE,16444,16707,5513,38664,42.5
PR,ALTAMIRA DO PARANA,308,585,160,1053,29.2
PR,ALTONIA,2394,4009,761,7164,33.4
PR,ALTO PARAISO,338,609,97,1044,32.4
PR,ALTO PARANA,1815,2404,570,4789,37.9
PR,ALTO PIQUIRI,1037,2245,413,3695,28.1
PR,ALVORADA DO SUL,1372,1828,551,3751,36.6
PR,AMAPORA,426,788,163,1377,30.9
PR,AMPERE,2589,2939,544,6072,42.6
PR,ANAHY,296,471,94,861,34.4
PR,ANDIRA,2555,3757,833,7145,35.8
PR,ANGULO,613,676,136,1425,43.0
PR,ANTONINA,1959,4030,1180,7169,27.3
PR,ANTONIO OLINTO,478,765,155,1398,34.2
PR,APUCARANA,21348,24792,6998,53138,40.2
PR,ARAPONGAS,22169,22600,6498,51267,43.2
PR,ARAPOTI,3349,4465,1306,9120,36.7
PR,ARAPUA,253,390,63,706,35.8
PR,ARARUNA,2020,2588,551,5159,39.2
PR,ARAUCARIA,25248,27744,7720,60712,41.6
PR,ARIRANHA DO IVAI,141,369,80,590,23.9
PR,ASSAI,1765,2851,535,5151,34.3
PR,ASSIS CHATEAUBRIAND,5149,7155,1374,13678,37.6
PR,ASTORGA,4227,4553,1258,10038,42.1
PR,ATALAIA,649,958,207,1814,35.8
PR,BALSA NOVA,1953,2174,538,4665,41.9
PR,BANDEIRANTES,4657,6394,1444,12495,37.3
PR,BARBOSA FERRAZ,1139,2200,366,3705,30.7
PR,BARRACAO,1955,2929,737,5621,34.8
PR,BARRA DO JACARE,238,651,85,974,24.4
PR,BELA VISTA DA CAROBA,266,481,53,800,33.2
PR,BELA VISTA DO PARAISO,2318,3101,1283,6702,34.6
PR,BITURUNA,1906,2896,475,5277,36.1
PR,BOA ESPERANCA,586,935,175,1696,34.6
PR,BOA ESPERANCA DO IGUACU,276,431,118,825,33.5
PR,BOA VENTURA DE SAO ROQUE,570,747,128,1445,39.4
PR,BOA VISTA DA APARECIDA,1144,1490,364,2998,38.2
PR,BOCAIUVA DO SUL,1627,2202,574,4403,37.0
PR,BOM JESUS DO SUL,405,586,106,1097,36.9
PR,BOM SUCESSO,684,1375,310,2369,28.9
PR,BOM SUCESSO DO SUL,388,481,96,965,40.2
PR,BORRAZOPOLIS,884,1773,271,2928,30.2
PR,BRAGANEY,520,1049,239,1808,28.8
PR,BRASILANDIA DO SUL,384,519,124,1027,37.4
PR,CAFEARA,284,483,119,886,32.1
PR,CAFELANDIA,2575,2523,634,5732,44.9
PR,CAFEZAL DO SUL,396,645,147,1188,33.3
PR,CALIFORNIA,1197,1756,383,3336,35.9
PR,CAMBARA,3005,4908,1276,9189,32.7
PR,CAMBE,16490,17956,5482,39928,41.3
PR,CAMBIRA,1317,1810,446,3573,36.9
PR,CAMPINA DA LAGOA,1588,2242,544,4374,36.3
PR,CAMPINA DO SIMAO,267,548,111,926,28.8
PR,CAMPINA GRANDE DO SUL,8355,8476,2456,19287,43.3
PR,CAMPO BONITO,402,768,165,1335,30.1
PR,CAMPO DO TENENTE,840,1422,346,2608,32.2
PR,CAMPO LARGO,20422,18854,5223,44499,45.9
PR,CAMPO MAGRO,3583,3803,1125,8511,42.1
PR,CAMPO MOURAO,19085,21902,5648,46635,40.9
PR,CANDIDO DE ABREU,1072,1736,473,3281,32.7
PR,CANDOI,1649,1895,460,4004,41.2
PR,CANTAGALO,1268,2068,479,3815,33.2
PR,CAPANEMA,2364,3566,650,6580,35.9
PR,CAPITAO LEONIDAS MARQUES,2082,3073,494,5649,36.9
PR,CARAMBEI,3629,3442,884,7955,45.6
PR,CARLOPOLIS,2065,2748,813,5626,36.7
PR,CASCAVEL,72519,74857,18245,165621,43.8
PR,CASTRO,10488,12100,3245,25833,40.6
PR,CATANDUVAS,1003,1650,311,2964,33.8
PR,CENTENARIO DO SUL,1105,2347,470,3922,28.2
PR,CERRO AZUL,1160,1973,742,3875,29.9
PR,CEU AZUL,1611,2461,423,4495,35.8
PR,CHOPINZINHO,3190,3589,770,7549,42.3
PR,CIANORTE,13756,17752,4047,35555,38.7
PR,CIDADE GAUCHA,1578,1771,363,3712,42.5
PR,CLEVELANDIA,1899,3577,1058,6534,29.1
PR,COLOMBO,39657,42555,13818,96030,41.3
PR,COLORADO,3916,5552,1202,10670,36.7
PR,CONGONHINHAS,706,1375,295,2376,29.7
PR,CONSELHEIRO MAIRINCK,408,846,132,1386,29.4
PR,CONTENDA,2375,3079,717,6171,38.5
PR,CORBELIA,2824,4104,866,7794,36.2
PR,CORNELIO PROCOPIO,6874,9636,2863,19373,35.5
PR,CORONEL DOMINGOS SOARES,600,816,242,1658,36.2
PR,CORONEL VIVIDA,2893,3451,626,6970,41.5
PR,CORUMBATAI DO SUL,298,744,123,1165,25.6
PR,CRUZEIRO DO IGUACU,570,839,202,1611,35.4
PR,CRUZEIRO DO OESTE,2570,3587,1092,7249,35.5
PR,CRUZEIRO DO SUL,516,907,198,1621,31.8
PR,CRUZ MACHADO,1426,1965,354,3745,38.1
PR,CRUZMALTINA,256,398,98,752,34.0
PR,CURITIBA,483994,522267,147848,1154109,41.9
PR,CURIUVA,1235,2010,670,3915,31.5
PR,DIAMANTE D'OESTE,492,693,127,1312,37.5
PR,DIAMANTE DO NORTE,611,1071,201,1883,32.4
PR,DIAMANTE DO SUL,224,467,99,790,28.4
PR,DOIS VIZINHOS,7467,7530,1744,16741,44.6
PR,DOURADINA,1251,1754,362,3367,37.2
PR,DOUTOR CAMARGO,1060,1580,285,2925,36.2
PR,DOUTOR ULYSSES,357,490,138,985,36.2
PR,ENEAS MARQUES,661,872,158,1691,39.1
PR,ENGENHEIRO BELTRAO,1659,2602,650,4911,33.8
PR,ENTRE RIOS DO OESTE,700,834,131,1665,42.0
PR,ESPERANCA NOVA,160,315,77,552,29.0
PR,ESPIGAO ALTO DO IGUACU,341,467,107,915,37.3
PR,FAROL,275,518,58,851,32.3
PR,FAXINAL,2346,3144,890,6380,36.8
PR,FAZENDA RIO GRANDE,24999,22096,6500,53595,46.6
PR,FENIX,411,878,223,1512,27.2
PR,FERNANDES PINHEIRO,475,780,127,1382,34.4
PR,FIGUEIRA,851,1665,402,2918,29.2
PR,FLORAI,736,1212,214,2162,34.0
PR,FLOR DA SERRA DO SUL,553,715,137,1405,39.4
PR,FLORESTA,2081,1747,388,4216,49.4
PR,FLORESTOPOLIS,1109,1968,504,3581,31.0
PR,FLORIDA,478,647,131,1256,38.1
PR,FORMOSA DO OESTE,1181,2097,357,3635,32.5
PR,FOZ DO IGUACU,58130,59519,16682,134331,43.3
PR,FOZ DO JORDAO,529,944,194,1667,31.7
PR,FRANCISCO ALVES,726,1181,347,2254,32.2
PR,FRANCISCO BELTRAO,17613,16467,4391,38471,45.8
PR,GENERAL CARNEIRO,1693,2396,590,4679,36.2
PR,GODOY MOREIRA,222,497,62,781,28.4
PR,GOIOERE,4340,6973,1381,12694,34.2
PR,GOIOXIM,460,679,195,1334,34.5
PR,GRANDES RIOS,435,1307,230,1972,22.1
PR,GUAIRA,4351,6535,1414,12300,35.4
PR,GUAIRACA,602,930,137,1669,36.1
PR,GUAMIRANGA,671,781,150,1602,41.9
PR,GUAPIRAMA,590,1013,270,1873,31.5
PR,GUAPOREMA,258,423,66,747,34.5
PR,GUARACI,534,1010,176,1720,31.0
PR,GUARANIACU,1870,3042,509,5421,34.5
PR,GUARAPUAVA,29130,29939,9405,68474,42.5
PR,GUARAQUECABA,563,1266,281,2110,26.7
PR,GUARATUBA,7364,8206,2926,18496,39.8
PR,HONORIO SERPA,507,752,174,1433,35.4
PR,IBAITI,4300,6413,1409,12122,35.5
PR,IBEMA,684,1253,282,2219,30.8
PR,IBIPORA,7629,9859,2457,19945,38.3
PR,ICARAIMA,1120,2055,328,3503,32.0
PR,IGUARACU,953,1191,270,2414,39.5
PR,IGUATU,194,418,88,700,27.7
PR,IMBAU,1214,1639,358,3211,37.8
PR,IMBITUVA,3078,3697,744,7519,40.9
PR,INACIO MARTINS,965,1436,341,2742,35.2
PR,INAJA,233,605,112,950,24.5
PR,INDIANOPOLIS,471,1061,138,1670,28.2
PR,IPIRANGA,1399,1825,366,3590,39.0
PR,IPORA,1864,3166,575,5605,33.3
PR,IRACEMA DO OESTE,239,336,58,633,37.8
PR,IRATI,8367,9363,2218,19948,41.9
PR,IRETAMA,1066,1642,333,3041,35.1
PR,ITAGUAJE,575,1007,202,1784,32.2
PR,ITAIPULANDIA,1816,2087,454,4357,41.7
PR,ITAMBARACA,664,1264,243,2171,30.6
PR,ITAMBE,1041,1233,237,2511,41.5
PR,ITAPEJARA D'OESTE,1568,1968,432,3968,39.5
PR,ITAPERUCU,3432,2992,1421,7845,43.7
PR,ITAUNA DO SUL,332,653,115,1100,30.2
PR,IVAI,1231,1420,311,2962,41.6
PR,IVAIPORA,4585,7545,1780,13910,33.0
PR,IVATE,664,1019,223,1906,34.8
PR,IVATUBA,758,772,145,1675,45.3
PR,JABOTI,596,779,159,1534,38.9
PR,JACAREZINHO,4838,8397,2161,15396,31.4
PR,JAGUAPITA,1841,2374,514,4729,38.9
PR,JAGUARIAIVA,3775,5501,1887,11163,33.8
PR,JANDAIA DO SUL,3702,4968,1215,9885,37.5
PR,JANIOPOLIS,656,1204,269,2129,30.8
PR,JAPIRA,536,1022,200,1758,30.5
PR,JAPURA,1266,1740,205,3211,39.4
PR,JARDIM ALEGRE,1398,2234,451,4083,34.2
PR,JARDIM OLINDA,170,390,70,630,27.0
PR,JATAIZINHO,1392,2439,663,4494,31.0
PR,JESUITAS,1049,1347,298,2694,38.9
PR,JOAQUIM TAVORA,1492,2257,707,4456,33.5
PR,JUNDIAI DO SUL,292,642,137,1071,27.3
PR,JURANDA,882,1143,255,2280,38.7
PR,JUSSARA,891,1555,276,2722,32.7
PR,KALORE,457,992,160,1609,28.4
PR,LAPA,5629,8707,1842,16178,34.8
PR,LARANJAL,347,724,129,1200,28.9
PR,LARANJEIRAS DO SUL,5124,6861,1580,13565,37.8
PR,LEOPOLIS,432,832,143,1407,30.7
PR,LIDIANOPOLIS,452,633,169,1254,36.0
PR,LINDOESTE,644,815,185,1644,39.2
PR,LOANDA,4291,4455,1242,9988,43.0
PR,LOBATO,808,1145,214,2167,37.3
PR,LONDRINA,113944,135387,39704,289035,39.4
PR,LUIZIANA,721,827,188,1736,41.5
PR,LUNARDELLI,504,812,172,1488,33.9
PR,LUPIONOPOLIS,582,903,172,1657,35.1
PR,MALLET,1578,2337,340,4255,37.1
PR,MAMBORE,1702,2675,682,5059,33.6
PR,MANDAGUACU,5853,6244,1046,13143,44.5
PR,MANDAGUARI,5506,6696,1374,13576,40.6
PR,MANDIRITUBA,3573,5540,1562,10675,33.5
PR,MANFRINOPOLIS,283,442,42,767,36.9
PR,MANGUEIRINHA,2061,2711,746,5518,37.4
PR,MANOEL RIBAS,1400,1937,556,3893,36.0
PR,MARECHAL CANDIDO RONDON,9953,12194,1957,24104,41.3
PR,MARIA HELENA,596,1381,211,2188,27.2
PR,MARIALVA,7227,7452,1720,16399,44.1
PR,MARILANDIA DO SUL,920,1589,473,2982,30.9
PR,MARILENA,844,1270,237,2351,35.9
PR,MARILUZ,828,1369,337,2534,32.7
PR,MARINGA,112195,109756,25764,247715,45.3
PR,MARIOPOLIS,958,1298,360,2616,36.6
PR,MARIPA,924,981,125,2030,45.5
PR,MARMELEIRO,2264,2554,539,5357,42.3
PR,MARQUINHO,331,513,83,927,35.7
PR,MARUMBI,541,873,174,1588,34.1
PR,MATELANDIA,2431,3299,679,6409,37.9
PR,MATINHOS,8118,9500,3457,21075,38.5
PR,MATO RICO,240,422,65,727,33.0
PR,MAUA DA SERRA,1323,1488,414,3225,41.0
PR,MEDIANEIRA,8728,9088,2044,19860,43.9
PR,MERCEDES,1052,1020,193,2265,46.4
PR,MIRADOR,145,485,84,714,20.3
PR,MIRASELVA,256,541,128,925,27.7
PR,MISSAL,1796,1893,302,3991,45.0
PR,MOREIRA SALES,976,1971,455,3402,28.7
PR,MORRETES,2484,3296,1323,7103,35.0
PR,MUNHOZ DE MELO,646,921,180,1747,37.0
PR,NOSSA SENHORA DAS GRACAS,517,864,165,1546,33.4
PR,NOVA ALIANCA DO IVAI,164,378,45,587,27.9
PR,NOVA AMERICA DA COLINA,324,648,147,1119,29.0
PR,NOVA AURORA,1741,2355,532,4628,37.6
PR,NOVA CANTU,699,1268,181,2148,32.5
PR,NOVA ESPERANCA,4018,5484,1234,10736,37.4
PR,NOVA ESPERANCA DO SUDOESTE,653,689,171,1513,43.2
PR,NOVA FATIMA,821,1578,357,2756,29.8
PR,NOVA LARANJEIRAS,690,981,207,1878,36.7
PR,NOVA LONDRINA,2099,2731,632,5462,38.4
PR,NOVA OLIMPIA,763,1211,225,2199,34.7
PR,NOVA PRATA DO IGUACU,1639,1744,478,3861,42.5
PR,NOVA SANTA BARBARA,556,740,181,1477,37.6
PR,NOVA SANTA ROSA,1858,1992,311,4161,44.7
PR,NOVA TEBAS,546,1019,164,1729,31.6
PR,NOVO ITACOLOMI,326,551,74,951,34.3
PR,ORTIGUEIRA,2359,3603,765,6727,35.1
PR,OURIZONA,405,743,137,1285,31.5
PR,OURO VERDE DO OESTE,749,960,218,1927,38.9
PR,PAICANDU,6831,7115,1559,15505,44.1
PR,PALMAS,5478,6545,2163,14186,38.6
PR,PALMEIRA,5077,5524,1211,11812,43.0
PR,PALMITAL,1380,2514,437,4331,31.9
PR,PALOTINA,6206,6884,1451,14541,42.7
PR,PARAISO DO NORTE,1574,2185,491,4250,37.0
PR,PARANACITY,1209,2115,504,3828,31.6
PR,PARANAGUA,20309,27939,10894,59142,34.3
PR,PARANAPOEMA,313,601,88,1002,31.2
PR,PARANAVAI,15399,18233,4281,37913,40.6
PR,PATO BRAGADO,994,1227,190,2411,41.2
PR,PATO BRANCO,19196,20981,4734,44911,42.7
PR,PAULA FREITAS,642,1018,159,1819,35.3
PR,PAULO FRONTIN,688,1120,202,2010,34.2
PR,PEABIRU,1700,2640,627,4967,34.2
PR,PEROBAL,838,1041,158,2037,41.1
PR,PEROLA,1836,2676,581,5093,36.0
PR,PEROLA D'OESTE,850,1366,119,2335,36.4
PR,PIEN,1661,2242,550,4453,37.3
PR,PINHAIS,28531,29242,9446,67219,42.4
PR,PINHALAO,738,1130,235,2103,35.1
PR,PINHAL DE SAO BENTO,242,408,53,703,34.4
PR,PINHAO,2724,3949,1178,7851,34.7
PR,PIRAI DO SUL,2401,3753,956,7110,33.8
PR,PIRAQUARA,15392,19768,6709,41869,36.8
PR,PITANGA,4071,5970,1316,11357,35.8
PR,PITANGUEIRAS,381,487,129,997,38.2
PR,PLANALTINA DO PARANA,468,734,146,1348,34.7
PR,PLANALTO,1452,2076,265,3793,38.3
PR,PONTA GROSSA,64543,69709,20093,154345,41.8
PR,PONTAL DO PARANA,6663,7769,3173,17605,37.8
PR,PORECATU,1551,2620,698,4869,31.9
PR,PORTO AMAZONAS,690,1202,230,2122,32.5
PR,PORTO BARREIRO,229,438,55,722,31.7
PR,PORTO RICO,852,832,179,1863,45.7
PR,PORTO VITORIA,430,729,112,1271,33.8
PR,PRADO FERREIRA,493,735,186,1414,34.9
PR,PRANCHITA,825,1076,125,2026,40.7
PR,PRESIDENTE CASTELO BRANCO,654,988,170,1812,36.1
PR,PRIMEIRO DE MAIO,1145,1561,292,2998,38.2
PR,PRUDENTOPOLIS,5196,5703,1088,11987,43.3
PR,QUARTO CENTENARIO,440,720,95,1255,35.1
PR,QUATIGUA,1103,1757,336,3196,34.5
PR,QUATRO BARRAS,4253,4998,1415,10666,39.9
PR,QUATRO PONTES,970,936,140,2046,47.4
PR,QUEDAS DO IGUACU,3449,4785,872,9106,37.9
PR,QUERENCIA DO NORTE,1387,1887,382,3656,37.9
PR,QUINTA DO SOL,604,894,159,1657,36.5
PR,QUITANDINHA,1978,2241,505,4724,41.9
PR,RAMILANDIA,369,716,135,1220,30.2
PR,RANCHO ALEGRE,401,745,181,1327,30.2
PR,RANCHO ALEGRE D'OESTE,244,450,71,765,31.9
PR,REALEZA,3465,3929,729,8123,42.7
PR,REBOUCAS,1458,2214,436,4108,35.5
PR,RENASCENCA,873,1093,273,2239,39.0
PR,RESERVA,2927,3532,737,7196,40.7
PR,RESERVA DO IGUACU,606,948,273,1827,33.2
PR,RIBEIRAO CLARO,1994,2683,573,5250,38.0
PR,RIBEIRAO DO PINHAL,1244,2532,667,4443,28.0
PR,RIO AZUL,1258,1872,342,3472,36.2
PR,RIO BOM,459,749,131,1339,34.3
PR,RIO BONITO DO IGUACU,960,1322,283,2565,37.4
PR,RIO BRANCO DO IVAI,313,520,157,990,31.6
PR,RIO BRANCO DO SUL,3580,4132,1380,9092,39.4
PR,RIO NEGRO,4406,6288,1508,12202,36.1
PR,ROLANDIA,10393,11814,3413,25620,40.6
PR,RONCADOR,1224,1940,469,3633,33.7
PR,RONDON,1253,1817,295,3365,37.2
PR,ROSARIO DO IVAI,447,701,173,1321,33.8
PR,SABAUDIA,1480,2475,636,4591,32.2
PR,SALGADO FILHO,471,854,106,1431,32.9
PR,SALTO DO ITARARE,454,1091,208,1753,25.9
PR,SALTO DO LONTRA,1631,2067,479,4177,39.0
PR,SANTA AMELIA,275,681,89,1045,26.3
PR,SANTA CECILIA DO PAVAO,343,882,231,1456,23.6
PR,SANTA CRUZ DE MONTE CASTELO,1053,1536,335,2924,36.0
PR,SANTA FE,2073,2637,578,5288,39.2
PR,SANTA HELENA,3352,4548,837,8737,38.4
PR,SANTA INES,191,467,69,727,26.3
PR,SANTA ISABEL DO IVAI,1096,1881,396,3373,32.5
PR,SANTA IZABEL DO OESTE,1472,1959,394,3825,38.5
PR,SANTA LUCIA,490,642,156,1288,38.0
PR,SANTA MARIA DO OESTE,733,1112,255,2100,34.9
PR,SANTA MARIANA,1124,1773,605,3502,32.1
PR,SANTA MONICA,298,579,124,1001,29.8
PR,SANTANA DO ITARARE,557,1158,163,1878,29.7
PR,SANTA TEREZA DO OESTE,2035,2216,481,4732,43.0
PR,SANTA TEREZINHA DE ITAIPU,3249,3430,936,7615,42.7
PR,SANTO ANTONIO DA PLATINA,5986,8058,2302,16346,36.6
PR,SANTO ANTONIO DO CAIUA,225,546,84,855,26.3
PR,SANTO ANTONIO DO PARAISO,225,528,65,818,27.5
PR,SANTO ANTONIO DO SUDOESTE,2666,3797,880,7343,36.3
PR,SANTO INACIO,813,1249,244,2306,35.3
PR,SAO CARLOS DO IVAI,913,1306,266,2485,36.7
PR,SAO JERONIMO DA SERRA,772,1426,339,2537,30.4
PR,SAO JOAO,1751,2309,418,4478,39.1
PR,SAO JOAO DO CAIUA,599,1059,213,1871,32.0
PR,SAO JOAO DO IVAI,1326,2474,455,4255,31.2
PR,SAO JOAO DO TRIUNFO,956,1442,195,2593,36.9
PR,SAO JORGE D'OESTE,1236,1671,283,3190,38.7
PR,SAO JORGE DO IVAI,735,1158,221,2114,34.8
PR,SAO JORGE DO PATROCINIO,684,1062,279,2025,33.8
PR,SAO JOSE DA BOA VISTA,525,959,256,1740,30.2
PR,SAO JOSE DAS PALMEIRAS,440,579,114,1133,38.8
PR,SAO JOSE DOS PINHAIS,62715,64786,19685,147186,42.6
PR,SAO MANOEL DO PARANA,228,433,59,720,31.7
PR,SAO MATEUS DO SUL,5115,6281,1447,12843,39.8
PR,SAO MIGUEL DO IGUACU,3686,5238,970,9894,37.3
PR,SAO PEDRO DO IGUACU,553,980,209,1742,31.7
PR,SAO PEDRO DO IVAI,1148,1691,439,3278,35.0
PR,SAO PEDRO DO PARANA,373,508,112,993,37.6
PR,SAO SEBASTIAO DA AMOREIRA,859,1429,387,2675,32.1
PR,SAO TOME,634,1342,176,2152,29.5
PR,SAPOPEMA,884,1188,260,2332,37.9
PR,SARANDI,20364,18880,4676,43920,46.4
PR,SAUDADE DO IGUACU,739,1029,239,2007,36.8
PR,SENGES,1795,2771,920,5486,32.7
PR,SERRANOPOLIS DO IGUACU,659,733,162,1554,42.4
PR,SERTANEJA,912,1312,278,2502,36.5
PR,SERTANOPOLIS,2794,3233,584,6611,42.3
PR,SIQUEIRA CAMPOS,3560,4093,827,8480,42.0
PR,SULINA,346,547,65,958,36.1
PR,TAMARANA,957,1261,388,2606,36.7
PR,TAMBOARA,642,1112,220,1974,32.5
PR,TAPEJARA,2012,2643,551,5206,38.6
PR,TAPIRA,725,1083,216,2024,35.8
PR,TEIXEIRA SOARES,1008,1588,342,2938,34.3
PR,TELEMACO BORBA,9203,12599,3954,25756,35.7
PR,TERRA BOA,1969,2585,690,5244,37.5
PR,TERRA RICA,1714,2354,472,4540,37.8
PR,TERRA ROXA,2816,3941,975,7732,36.4
PR,TIBAGI,2335,3463,806,6604,35.4
PR,TIJUCAS DO SUL,2172,2532,773,5477,39.7
PR,TOLEDO,28461,28987,6536,63984,44.5
PR,TOMAZINA,921,1440,258,2619,35.2
PR,TRES BARRAS DO PARANA,1217,1552,314,3083,39.5
PR,TUNAS DO PARANA,842,1184,352,2378,35.4
PR,TUNEIRAS DO OESTE,762,1455,259,2476,30.8
PR,TUPASSI,1151,1777,311,3239,35.5
PR,TURVO,1644,1927,638,4209,39.1
PR,UBIRATA,3159,4692,984,8835,35.8
PR,UMUARAMA,21513,24564,6146,52223,41.2
PR,UNIAO DA VITORIA,8832,11732,2639,23203,38.1
PR,UNIFLOR,251,532,124,907,27.7
PR,URAI,1306,2112,488,3906,33.4
PR,VENTANIA,883,1157,451,2491,35.4
PR,VERA CRUZ DO OESTE,1037,1764,328,3129,33.1
PR,VERE,974,1196,289,2459,39.6
PR,VIRMOND,402,683,81,1166,34.5
PR,VITORINO,1552,1716,385,3653,42.5
PR,WENCESLAU BRAZ,2345,4001,944,7290,32.2
PR,XAMBRE,591,1151,228,1970,30.0
RS,ACEGUA,781,770,241,1792,43.6
RS,AGUA SANTA,732,549,1013,2294,31.9
RS,AGUDO,1752,2595,521,4868,36.0
RS,AJURICABA,782,1572,230,2584,30.3
RS,ALECRIM,528,1102,101,1731,30.5
RS,ALEGRETE,8936,14284,4113,27333,32.7
RS,ALEGRIA,345,637,115,1097,31.4
RS,ALMIRANTE TAMANDARE DO SUL,236,311,48,595,39.7
RS,ALPESTRE,695,1204,140,2039,34.1
RS,ALTO ALEGRE,209,364,46,619,33.8
RS,ALTO FELIZ,393,598,74,1065,36.9
RS,ALVORADA,25874,39934,12659,78467,33.0
RS,AMARAL FERRADOR,345,777,115,1237,27.9
RS,AMETISTA DO SUL,1159,1061,225,2445,47.4
RS,ANDRE DA ROCHA,170,356,35,561,30.3
RS,ANTA GORDA,803,1200,91,2094,38.3
RS,ANTONIO PRADO,2285,2684,327,5296,43.1
RS,ARAMBARE,779,1355,307,2441,31.9
RS,ARARICA,1359,1627,414,3400,40.0
RS,ARATIBA,1071,1497,203,2771,38.7
RS,ARROIO DO MEIO,3748,4647,661,9056,41.4
RS,ARROIO DO PADRE,181,321,17,519,34.9
RS,ARROIO DO SAL,2604,3348,989,6941,37.5
RS,ARROIO DOS RATOS,1589,3261,924,5774,27.5
RS,ARROIO DO TIGRE,1228,1781,322,3331,36.9
RS,ARROIO GRANDE,2200,4035,1153,7388,29.8
RS,ARVOREZINHA,1540,2191,213,3944,39.0
RS,AUGUSTO PESTANA,948,1464,335,2747,34.5
RS,AUREA,503,748,90,1341,37.5
RS,BAGE,12980,22475,6187,41642,31.2
RS,BALNEARIO PINHAL,1972,3077,1144,6193,31.8
RS,BARAO,821,1088,236,2145,38.3
RS,BARAO DE COTEGIPE,1225,1247,242,2714,45.1
RS,BARAO DO TRIUNFO,373,751,120,1244,30.0
RS,BARRACAO,569,816,143,1528,37.2
RS,BARRA DO GUARITA,317,532,99,948,33.4
RS,BARRA DO QUARAI,598,690,279,1567,38.2
RS,BARRA DO RIBEIRO,1548,3084,818,5450,28.4
RS,BARRA DO RIO AZUL,179,293,18,490,36.5
RS,BARRA FUNDA,405,487,75,967,41.9
RS,BARROS CASSAL,812,1652,213,2677,30.3
RS,BENJAMIN CONSTANT DO SUL,117,269,19,405,28.9
RS,BENTO GONCALVES,26555,31152,5533,63240,42.0
RS,BOA VISTA DAS MISSOES,286,372,61,719,39.8
RS,BOA VISTA DO BURICA,1385,1756,256,3397,40.8
RS,BOA VISTA DO CADEADO,159,295,46,500,31.8
RS,BOA VISTA DO INCRA,251,429,73,753,33.3
RS,BOA VISTA DO SUL,309,417,52,778,39.7
RS,BOM JESUS,1341,2185,567,4093,32.8
RS,BOM PRINCIPIO,2757,2956,464,6177,44.6
RS,BOM PROGRESSO,192,443,91,726,26.4
RS,BOM RETIRO DO SUL,1787,2832,427,5046,35.4
RS,BOQUEIRAO DO LEAO,696,1088,208,1992,34.9
RS,BOSSOROCA,548,1233,249,2030,27.0
RS,BOZANO,165,255,35,455,36.3
RS,BRAGA,247,679,125,1051,23.5
RS,BROCHIER,671,1066,129,1866,36.0
RS,BUTIA,2087,5016,1245,8348,25.0
RS,CACAPAVA DO SUL,3479,5782,1483,10744,32.4
RS,CACEQUI,1010,2135,690,3835,26.3
RS,CACHOEIRA DO SUL,9957,17037,4556,31550,31.6
RS,CACHOEIRINHA,24944,36014,10590,71548,34.9
RS,CACIQUE DOBLE,471,663,101,1235,38.1
RS,CAIBATE,602,848,240,1690,35.6
RS,CAICARA,490,845,105,1440,34.0
RS,CAMAQUA,9039,13139,3333,25511,35.4
RS,CAMARGO,385,638,56,1079,35.7
RS,CAMBARA DO SUL,1208,2095,508,3811,31.7
RS,CAMPESTRE DA SERRA,277,481,76,834,33.2
RS,CAMPINA DAS MISSOES,716,1150,181,2047,35.0
RS,CAMPINAS DO SUL,939,1395,198,2532,37.1
RS,CAMPO BOM,12476,18215,4030,34721,35.9
RS,CAMPO NOVO,659,1502,386,2547,25.9
RS,CAMPOS BORGES,516,660,143,1319,39.1
RS,CANDELARIA,2795,4441,913,8149,34.3
RS,CANDIDO GODOI,884,1209,89,2182,40.5
RS,CANDIOTA,1160,1868,527,3555,32.6
RS,CANELA,11045,12505,3436,26986,40.9
RS,CANGUCU,4345,6515,1287,12147,35.8
RS,CANOAS,60032,87275,23975,171282,35.0
RS,CANUDOS DO VALE,189,342,15,546,34.6
RS,CAPAO BONITO DO SUL,185,380,48,613,30.2
RS,CAPAO DA CANOA,15258,16999,5997,38254,39.9
RS,CAPAO DO CIPO,231,382,66,679,34.0
RS,CAPAO DO LEAO,2944,4585,1218,8747,33.7
RS,CAPELA DE SANTANA,1354,2116,603,4073,33.2
RS,CAPITAO,262,492,39,793,33.0
RS,CAPIVARI DO SUL,774,882,288,1944,39.8
RS,CARAA,589,776,195,1560,37.8
RS,CARAZINHO,9800,16093,3404,29297,33.5
RS,CARLOS BARBOSA,5127,5941,818,11886,43.1
RS,CARLOS GOMES,125,257,29,411,30.4
RS,CASCA,1687,2324,320,4331,39.0
RS,CASEIROS,406,679,75,1160,35.0
RS,CATUIPE,1039,1685,353,3077,33.8
RS,CAXIAS DO SUL,93777,118619,25048,237444,39.5
RS,CENTENARIO,263,371,48,682,38.6
RS,CERRITO,522,883,199,1604,32.5
RS,CERRO BRANCO,273,605,140,1018,26.8
RS,CERRO GRANDE,263,442,57,762,34.5
RS,CERRO GRANDE DO SUL,783,1357,264,2404,32.6
RS,CERRO LARGO,2189,3564,557,6310,34.7
RS,CHAPADA,1281,2101,318,3700,34.6
RS,CHARQUEADAS,4039,6511,1790,12340,32.7
RS,CHARRUA,185,301,43,529,35.0
RS,CHIAPETTA,547,900,244,1691,32.3
RS,CHUI,1764,1764,1001,4529,38.9
RS,CHUVISCA,289,454,64,807,35.8
RS,CIDREIRA,2401,4544,1630,8575,28.0
RS,CIRIACO,586,954,144,1684,34.8
RS,COLINAS,446,572,92,1110,40.2
RS,COLORADO,454,834,150,1438,31.6
RS,CONDOR,938,1210,308,2456,38.2
RS,CONSTANTINA,1493,2174,265,3932,38.0
RS,COQUEIRO BAIXO,120,236,20,376,31.9
RS,COQUEIROS DO SUL,250,345,52,647,38.6
RS,CORONEL BARROS,327,454,100,881,37.1
RS,CORONEL BICACO,738,1370,358,2466,29.9
RS,CORONEL PILAR,132,221,15,368,35.9
RS,COTIPORA,498,759,82,1339,37.2
RS,COXILHA,360,516,137,1013,35.5
RS,CRISSIUMAL,1370,2399,295,4064,33.7
RS,CRISTAL,903,1451,401,2755,32.8
RS,CRISTAL DO SUL,269,455,56,780,34.5
RS,CRUZ ALTA,8421,14889,4009,27319,30.8
RS,CRUZALTENSE,131,220,12,363,36.1
RS,CRUZEIRO DO SUL,1652,2416,533,4601,35.9
RS,DAVID CANABARRO,610,1020,82,1712,35.6
RS,DERRUBADAS,269,377,69,715,37.6
RS,DEZESSEIS DE NOVEMBRO,193,369,42,604,32.0
RS,DILERMANDO DE AGUIAR,232,421,84,737,31.5
RS,DOIS IRMAOS,5728,6793,909,13430,42.7
RS,DOIS IRMAOS DAS MISSOES,155,350,58,563,27.5
RS,DOIS LAJEADOS,515,704,68,1287,40.0
RS,DOM FELICIANO,861,1302,319,2482,34.7
RS,DOM PEDRITO,5056,7929,2342,15327,33.0
RS,DOM PEDRO DE ALCANTARA,325,505,84,914,35.6
RS,DONA FRANCISCA,351,618,134,1103,31.8
RS,DOUTOR MAURICIO CARDOSO,489,729,118,1336,36.6
RS,DOUTOR RICARDO,215,416,28,659,32.6
RS,ELDORADO DO SUL,5135,7420,2416,14971,34.3
RS,ENCANTADO,4065,5914,863,10842,37.5
RS,ENCRUZILHADA DO SUL,2201,3898,1155,7254,30.3
RS,ENGENHO VELHO,102,255,31,388,26.3
RS,ENTRE IJUIS,1139,1483,457,3079,37.0
RS,ENTRE RIOS DO SUL,371,738,91,1200,30.9
RS,EREBANGO,346,666,134,1146,30.2
RS,ERECHIM,22189,26418,5035,53642,41.4
RS,ERNESTINA,483,689,125,1297,37.2
RS,ERVAL GRANDE,675,862,169,1706,39.6
RS,ERVAL SECO,633,1269,168,2070,30.6
RS,ESMERALDA,402,766,138,1306,30.8
RS,ESPERANCA DO SUL,256,380,43,679,37.7
RS,ESPUMOSO,2358,3307,713,6378,37.0
RS,ESTACAO,893,1356,211,2460,36.3
RS,ESTANCIA VELHA,9473,11188,2533,23194,40.8
RS,ESTEIO,12273,21642,6049,39964,30.7
RS,ESTRELA,5614,8152,1394,15160,37.0
RS,ESTRELA VELHA,236,388,44,668,35.3
RS,EUGENIO DE CASTRO,337,557,104,998,33.8
RS,FAGUNDES VARELA,369,493,52,914,40.4
RS,FARROUPILHA,12557,16972,2980,32509,38.6
RS,FAXINAL DO SOTURNO,1071,1408,334,2813,38.1
RS,FAXINALZINHO,309,447,67,823,37.5
RS,FAZENDA VILANOVA,650,921,176,1747,37.2
RS,FELIZ,2265,3278,480,6023,37.6
RS,FLORES DA CUNHA,6622,6792,957,14371,46.1
RS,FLORIANO PEIXOTO,131,286,18,435,30.1
RS,FONTOURA XAVIER,1002,1645,373,3020,33.2
RS,FORMIGUEIRO,612,1133,218,1963,31.2
RS,FORQUETINHA,267,401,28,696,38.4
RS,FORTALEZA DOS VALOS,599,849,218,1666,36.0
RS,FREDERICO WESTPHALEN,6291,7657,1361,15309,41.1
RS,GARIBALDI,7639,8484,1019,17142,44.6
RS,GARRUCHOS,207,426,92,725,28.6
RS,GAURAMA,819,1360,158,2337,35.0
RS,GENERAL CAMARA,789,1900,439,3128,25.2
RS,GENTIL,199,302,48,549,36.2
RS,GETULIO VARGAS,2851,4094,809,7754,36.8
RS,GIRUA,1865,4065,769,6699,27.8
RS,GLORINHA,1026,1602,522,3150,32.6
RS,GRAMADO,12993,13935,2457,29385,44.2
RS,GRAMADO DOS LOUREIROS,175,358,48,581,30.1
RS,GRAMADO XAVIER,262,586,62,910,28.8
RS,GRAVATAI,41518,58080,18806,118404,35.1
RS,GUABIJU,200,360,34,594,33.7
RS,GUAIBA,12534,22021,6306,40861,30.7
RS,GUAPORE,5257,7018,826,13101,40.1
RS,GUARANI DAS MISSOES,867,1575,264,2706,32.0
RS,HARMONIA,775,1067,99,1941,39.9
RS,HERVAL,645,1424,282,2351,27.4
RS,HERVEIRAS,191,411,65,667,28.6
RS,HORIZONTINA,2792,4706,752,8250,33.8
RS,HULHA NEGRA,453,780,145,1378,32.9
RS,HUMAITA,579,1253,164,1996,29.0
RS,IBARAMA,269,514,61,844,31.9
RS,IBIACA,630,812,117,1559,40.4
RS,IBIRAIARAS,982,1183,169,2334,42.1
RS,IBIRAPUITA,379,798,196,1373,27.6
RS,IBIRUBA,3889,4498,1234,9621,40.4
RS,IGREJINHA,6475,10466,2154,19095,33.9
RS,IJUI,14919,19269,4452,38640,38.6
RS,ILOPOLIS,526,958,121,1605,32.8
RS,IMBE,3993,6035,2188,12216,32.7
RS,IMIGRANTE,463,669,99,1231,37.6
RS,INDEPENDENCIA,663,1134,221,2018,32.9
RS,INHACORA,298,472,66,836,35.6
RS,IPE,819,825,124,1768,46.3
RS,IPIRANGA DO SUL,208,367,50,625,33.3
RS,IRAI,962,1855,415,3232,29.8
RS,ITAARA,862,1027,285,2174,39.7
RS,ITACURUBI,257,491,78,826,31.1
RS,ITAPUCA,167,306,30,503,33.2
RS,ITAQUI,3789,6518,2489,12796,29.6
RS,ITATI,290,346,68,704,41.2
RS,ITATIBA DO SUL,340,548,63,951,35.8
RS,IVORA,196,337,48,581,33.7
RS,IVOTI,4724,5235,728,10687,44.2
RS,JABOTICABA,437,629,94,1160,37.7
RS,JACUIZINHO,130,281,49,460,28.3
RS,JACUTINGA,496,854,106,1456,34.1
RS,JAGUARAO,4088,7195,1925,13208,31.0
RS,JAGUARI,1256,1981,424,3661,34.3
RS,JAQUIRANA,508,916,230,1654,30.7
RS,JARI,218,402,73,693,31.5
RS,JOIA,661,997,163,1821,36.3
RS,JULIO DE CASTILHOS,2584,3907,1078,7569,34.1
RS,LAGOA BONITA DO SUL,140,341,40,521,26.9
RS,LAGOA DOS TRES CANTOS,300,457,65,822,36.5
RS,LAGOAO,460,727,128,1315,35.0
RS,LAGOA VERMELHA,4093,5918,1136,11147,36.7
RS,LAJEADO,20884,24287,4162,49333,42.3
RS,LAJEADO DO BUGRE,200,441,89,730,27.4
RS,LAVRAS DO SUL,849,1760,354,2963,28.7
RS,LIBERATO SALZANO,444,854,89,1387,32.0
RS,LINDOLFO COLLOR,843,1208,199,2250,37.5
RS,LINHA NOVA,205,292,29,526,39.0
RS,MACAMBARA,361,571,191,1123,32.1
RS,MACHADINHO,840,1289,222,2351,35.7
RS,MAMPITUBA,188,382,64,634,29.7
RS,MANOEL VIANA,972,1372,405,2749,35.4
RS,MAQUINE,889,920,192,2001,44.4
RS,MARATA,349,544,71,964,36.2
RS,MARAU,7282,7582,1235,16099,45.2
RS,MARCELINO RAMOS,819,1228,261,2308,35.5
RS,MARIANA PIMENTEL,333,614,109,1056,31.5
RS,MARIANO MORO,220,485,35,740,29.7
RS,MARQUES DE SOUZA,526,739,81,1346,39.1
RS,MATA,449,883,140,1472,30.5
RS,MATO CASTELHANO,251,430,58,739,34.0
RS,MATO LEITAO,700,854,194,1748,40.0
RS,MATO QUEIMADO,164,198,21,383,42.8
RS,MAXIMILIANO DE ALMEIDA,629,945,138,1712,36.7
RS,MINAS DO LEAO,745,1170,274,2189,34.0
RS,MIRAGUAI,532,930,287,1749,30.4
RS,MONTAURI,237,386,21,644,36.8
RS,MONTE ALEGRE DOS CAMPOS,169,331,54,554,30.5
RS,MONTE BELO DO SUL,390,446,50,886,44.0
RS,MONTENEGRO,9416,14875,3593,27884,33.8
RS,MORMACO,293,516,66,875,33.5
RS,MORRINHOS DO SUL,380,490,48,918,41.4
RS,MORRO REDONDO,723,1076,156,1955,37.0
RS,MORRO REUTER,1019,1058,158,2235,45.6
RS,MOSTARDAS,1572,2337,824,4733,33.2
RS,MUCUM,708,1503,186,2397,29.5
RS,MUITOS CAPOES,315,368,58,741,42.5
RS,MULITERNO,187,354,23,564,33.2
RS,NAO-ME-TOQUE,2943,3440,861,7244,40.6
RS,NICOLAU VERGUEIRO,243,337,108,688,35.3
RS,NONOAI,1819,2688,584,5091,35.7
RS,NOVA ALVORADA,490,534,42,1066,46.0
RS,NOVA ARACA,792,1114,129,2035,38.9
RS,NOVA BASSANO,1655,1905,229,3789,43.7
RS,NOVA BOA VISTA,285,372,24,681,41.9
RS,NOVA BRESCIA,402,766,82,1250,32.2
RS,NOVA CANDELARIA,395,394,19,808,48.9
RS,NOVA ESPERANCA DO SUL,659,843,163,1665,39.6
RS,NOVA HARTZ,2546,3862,882,7290,34.9
RS,NOVA PADUA,318,413,28,759,41.9
RS,NOVA PALMA,671,966,71,1708,39.3
RS,NOVA PETROPOLIS,4763,6056,777,11596,41.1
RS,NOVA PRATA,5029,6050,945,12024,41.8
RS,NOVA RAMADA,182,302,21,505,36.0
RS,NOVA ROMA DO SUL,544,684,60,1288,42.2
RS,NOVA SANTA RITA,4450,5302,1400,11152,39.9
RS,NOVO BARREIRO,460,647,166,1273,36.1
RS,NOVO CABRAIS,352,571,70,993,35.4
RS,NOVO HAMBURGO,48212,70138,18015,136365,35.4
RS,NOVO MACHADO,262,458,52,772,33.9
RS,NOVO TIRADENTES,232,368,34,634,36.6
RS,NOVO XINGU,168,282,23,473,35.5
RS,OSORIO,8058,11617,2673,22348,36.1
RS,PAIM FILHO,475,831,84,1390,34.2
RS,PALMARES DO SUL,1726,3205,1118,6049,28.5
RS,PALMEIRA DAS MISSOES,4843,7695,1976,14514,33.4
RS,PALMITINHO,984,1415,225,2624,37.5
RS,PANAMBI,5785,9075,1657,16517,35.0
RS,PANTANO GRANDE,1229,2234,660,4123,29.8
RS,PARAI,1321,1721,175,3217,41.1
RS,PARAISO DO SUL,642,1050,153,1845,34.8
RS,PARECI NOVO,671,806,109,1586,42.3
RS,PAROBE,7560,11763,3147,22470,33.6
RS,PASSA SETE,240,465,45,750,32.0
RS,PASSO DO SOBRADO,723,1015,148,1886,38.3
RS,PASSO FUNDO,41885,51490,14460,107835,38.8
RS,PAULO BENTO,312,453,39,804,38.8
RS,PAVERAMA,905,1258,228,2391,37.9
RS,PEDRAS ALTAS,184,386,75,645,28.5
RS,PEDRO OSORIO,888,2457,508,3853,23.0
RS,PEJUCARA,601,919,184,1704,35.3
RS,PELOTAS,49505,76146,20690,146341,33.8
RS,PICADA CAFE,901,1233,126,2260,39.9
RS,PINHAL,402,541,61,1004,40.0
RS,PINHAL DA SERRA,252,415,65,732,34.4
RS,PINHAL GRANDE,323,545,69,937,34.5
RS,PINHEIRINHO DO VALE,468,543,104,1115,42.0
RS,PINHEIRO MACHADO,1057,2572,482,4111,25.7
RS,PINTO BANDEIRA,420,377,46,843,49.8
RS,PIRAPO,177,409,36,622,28.5
RS,PIRATINI,1479,2523,661,4663,31.7
RS,PLANALTO,1226,1834,332,3392,36.1
RS,POCO DAS ANTAS,290,463,49,802,36.2
RS,PONTAO,477,717,182,1376,34.7
RS,PONTE PRETA,204,290,24,518,39.4
RS,PORTAO,6179,7053,1616,14848,41.6
RS,PORTO ALEGRE,298017,441849,129474,869340,34.3
RS,PORTO LUCENA,442,938,190,1570,28.2
RS,PORTO MAUA,264,462,68,794,33.2
RS,PORTO VERA CRUZ,164,316,39,519,31.6
RS,PORTO XAVIER,1547,2432,332,4311,35.9
RS,POUSO NOVO,191,392,72,655,29.2
RS,PRESIDENTE LUCENA,524,660,62,1246,42.1
RS,PROGRESSO,469,893,92,1454,32.3
RS,PROTASIO ALVES,262,384,40,686,38.2
RS,PUTINGA,426,744,58,1228,34.7
RS,QUARAI,3383,4809,1683,9875,34.3
RS,QUATRO IRMAOS,162,350,35,547,29.6
RS,QUEVEDOS,205,415,64,684,30.0
RS,QUINZE DE NOVEMBRO,636,694,196,1526,41.7
RS,REDENTORA,546,1227,245,2018,27.1
RS,RELVADO,233,416,19,668,34.9
RS,RESTINGA SECA,2165,3367,787,6319,34.3
RS,RIO DOS INDIOS,207,371,60,638,32.4
RS,RIO GRANDE,24950,43162,13049,81161,30.7
RS,RIO PARDO,3044,7060,1721,11825,25.7
RS,RIOZINHO,512,829,101,1442,35.5
RS,ROCA SALES,1275,2230,209,3714,34.3
RS,RODEIO BONITO,1050,1410,158,2618,40.1
RS,ROLADOR,153,254,30,437,35.0
RS,ROLANTE,2784,3947,682,7413,37.6
RS,RONDA ALTA,1284,2036,363,3683,34.9
RS,RONDINHA,606,996,88,1690,35.9
RS,ROQUE GONZALES,802,1254,173,2229,36.0
RS,ROSARIO DO SUL,4272,6665,2222,13159,32.5
RS,SAGRADA FAMILIA,238,448,90,776,30.7
RS,SALDANHA MARINHO,373,753,139,1265,29.5
RS,SALTO DO JACUI,1410,2426,601,4437,31.8
RS,SALVADOR DAS MISSOES,438,440,68,946,46.3
RS,SALVADOR DO SUL,1100,1759,238,3097,35.5
RS,SANANDUVA,3101,3206,469,6776,45.8
RS,SANTA BARBARA DO SUL,1192,2321,559,4072,29.3
RS,SANTA CECILIA DO SUL,163,289,41,493,33.1
RS,SANTA CLARA DO SUL,1118,1319,161,2598,43.0
RS,SANTA CRUZ DO SUL,23332,29557,6298,59187,39.4
RS,SANTA MARGARIDA DO SUL,209,338,69,616,33.9
RS,SANTA MARIA,42633,58318,17322,118273,36.0
RS,SANTA MARIA DO HERVAL,836,1012,128,1976,42.3
RS,SANTANA DA BOA VISTA,550,1231,314,2095,26.3
RS,SANTANA DO LIVRAMENTO,12046,16931,6151,35128,34.3
RS,SANTA ROSA,12444,15607,3421,31472,39.5
RS,SANTA TEREZA,189,324,39,552,34.2
RS,SANTA VITORIA DO PALMAR,4416,7643,2353,14412,30.6
RS,SANTIAGO,6866,10716,2271,19853,34.6
RS,SANTO ANGELO,11702,19067,4609,35378,33.1
RS,SANTO ANTONIO DA PATRULHA,5936,8055,2187,16178,36.7
RS,SANTO ANTONIO DAS MISSOES,1087,2033,589,3709,29.3
RS,SANTO ANTONIO DO PALMA,233,386,36,655,35.6
RS,SANTO ANTONIO DO PLANALTO,299,450,85,834,35.9
RS,SANTO AUGUSTO,1994,3312,845,6151,32.4
RS,SANTO CRISTO,1944,2561,363,4868,39.9
RS,SANTO EXPEDITO DO SUL,277,346,61,684,40.5
RS,SAO BORJA,7403,10628,3291,21322,34.7
RS,SAO DOMINGOS DO SUL,476,719,102,1297,36.7
RS,SAO FRANCISCO DE ASSIS,1874,3170,714,5758,32.5
RS,SAO FRANCISCO DE PAULA,3119,4910,1036,9065,34.4
RS,SAO GABRIEL,6031,11997,3109,21137,28.5
RS,SAO JERONIMO,2165,5712,1285,9162,23.6
RS,SAO JOAO DA URTIGA,738,710,123,1571,47.0
RS,SAO JOAO DO POLESINE,460,569,90,1119,41.1
RS,SAO JORGE,380,606,42,1028,37.0
RS,SAO JOSE DAS MISSOES,176,381,74,631,27.9
RS,SAO JOSE DO HERVAL,226,443,95,764,29.6
RS,SAO JOSE DO HORTENCIO,532,805,70,1407,37.8
RS,SAO JOSE DO INHACORA,396,440,30,866,45.7
RS,SAO JOSE DO NORTE,2144,3954,704,6802,31.5
RS,SAO JOSE DO OURO,1083,1478,187,2748,39.4
RS,SAO JOSE DOS AUSENTES,530,553,89,1172,45.2
RS,SAO JOSE DO SUL,323,405,53,781,41.4
RS,SAO LEOPOLDO,34584,50440,14540,99564,34.7
RS,SAO LOURENCO DO SUL,4414,7192,1606,13212,33.4
RS,SAO LUIZ GONZAGA,4910,7922,1987,14819,33.1
RS,SAO MARCOS,3733,4252,566,8551,43.7
RS,SAO MARTINHO,863,1518,167,2548,33.9
RS,SAO MARTINHO DA SERRA,280,474,93,847,33.1
RS,SAO MIGUEL DAS MISSOES,856,1075,241,2172,39.4
RS,SAO NICOLAU,504,985,163,1652,30.5
RS,SAO PAULO DAS MISSOES,592,1012,103,1707,34.7
RS,SAO PEDRO DA SERRA,448,671,94,1213,36.9
RS,SAO PEDRO DAS MISSOES,169,287,55,511,33.1
RS,SAO PEDRO DO BUTIA,448,487,83,1018,44.0
RS,SAO PEDRO DO SUL,1794,3021,573,5388,33.3
RS,SAO SEBASTIAO DO CAI,3807,6881,1329,12017,31.7
RS,SAO SEPE,2426,4507,1144,8077,30.0
RS,SAO VALENTIM,425,947,88,1460,29.1
RS,SAO VALENTIM DO SUL,319,485,51,855,37.3
RS,SAO VALERIO DO SUL,124,314,56,494,25.1
RS,SAO VENDELINO,434,584,57,1075,40.4
RS,SAO VICENTE DO SUL,949,1717,362,3028,31.3
RS,SAPIRANGA,13110,18728,4878,36716,35.7
RS,SAPUCAIA DO SUL,18476,29357,7774,55607,33.2
RS,SARANDI,3833,5002,803,9638,39.8
RS,SEBERI,1676,2105,397,4178,40.1
RS,SEDE NOVA,260,648,129,1037,25.1
RS,SEGREDO,432,678,139,1249,34.6
RS,SELBACH,877,1130,201,2208,39.7
RS,SENADOR SALGADO FILHO,262,434,70,766,34.2
RS,SENTINELA DO SUL,488,801,167,1456,33.5
RS,SERAFINA CORREA,2701,3194,449,6344,42.6
RS,SERIO,246,473,29,748,32.9
RS,SERTAO,736,1225,252,2213,33.3
RS,SERTAO SANTANA,648,880,149,1677,38.6
RS,SETE DE SETEMBRO,138,284,28,450,30.7
RS,SEVERIANO DE ALMEIDA,476,658,39,1173,40.6
RS,SILVEIRA MARTINS,268,546,103,917,29.2
RS,SINIMBU,673,1063,171,1907,35.3
RS,SOBRADINHO,2294,4012,645,6951,33.0
RS,SOLEDADE,4437,7439,1567,13443,33.0
RS,TABAI,568,842,147,1557,36.5
RS,TAPEJARA,4335,4668,822,9825,44.1
RS,TAPERA,1830,2881,572,5283,34.6
RS,TAPES,2210,4864,970,8044,27.5
RS,TAQUARA,8671,14682,3357,26710,32.5
RS,TAQUARI,3243,5972,1140,10355,31.3
RS,TAQUARUCU DO SUL,421,496,40,957,44.0
RS,TAVARES,514,922,195,1631,31.5
RS,TENENTE PORTELA,1973,3179,643,5795,34.0
RS,TERRA DE AREIA,1720,2065,544,4329,39.7
RS,TEUTONIA,5660,6672,971,13303,42.5
RS,TIO HUGO,476,593,171,1240,38.4
RS,TIRADENTES DO SUL,491,825,95,1411,34.8
RS,TOROPI,235,417,44,696,33.8
RS,TORRES,9544,13256,3337,26137,36.5
RS,TRAMANDAI,9289,14695,5176,29160,31.9
RS,TRAVESSEIRO,236,367,39,642,36.8
RS,TRES ARROIOS,356,511,27,894,39.8
RS,TRES CACHOEIRAS,1996,1861,363,4220,47.3
RS,TRES COROAS,4242,6271,1377,11890,35.7
RS,TRES DE MAIO,3672,5742,829,10243,35.8
RS,TRES FORQUILHAS,252,382,56,690,36.5
RS,TRES PALMEIRAS,572,748,83,1403,40.8
RS,TRES PASSOS,3671,6508,1091,11270,32.6
RS,TRINDADE DO SUL,1039,1179,260,2478,41.9
RS,TRIUNFO,3160,5127,1584,9871,32.0
RS,TUCUNDUVA,862,1608,211,2681,32.2
RS,TUNAS,232,471,116,819,28.3
RS,TUPANCI DO SUL,148,256,27,431,34.3
RS,TUPANCIRETA,2337,4060,1179,7576,30.8
RS,TUPANDI,818,982,94,1894,43.2
RS,TUPARENDI,1177,1909,249,3335,35.3
RS,TURUCU,347,572,107,1026,33.8
RS,UBIRETAMA,175,309,19,503,34.8
RS,UNIAO DA SERRA,148,282,24,454,32.6
RS,UNISTALDA,244,416,64,724,33.7
RS,URUGUAIANA,14636,23819,8671,47126,31.1
RS,VACARIA,9116,12337,2931,24384,37.4
RS,VALE DO SOL,709,1108,163,1980,35.8
RS,VALE REAL,932,1179,213,2324,40.1
RS,VALE VERDE,345,520,92,957,36.1
RS,VANINI,322,504,23,849,37.9
RS,VENANCIO AIRES,8756,13192,2244,24192,36.2
RS,VERA CRUZ,3389,4461,1016,8866,38.2
RS,VERANOPOLIS,4274,5752,725,10751,39.8
RS,VESPASIANO CORREA,280,352,33,665,42.1
RS,VIADUTOS,576,940,138,1654,34.8
RS,VIAMAO,28775,46559,14634,89968,32.0
RS,VICENTE DUTRA,403,870,164,1437,28.0
RS,VICTOR GRAEFF,500,727,176,1403,35.6
RS,VILA FLORES,609,813,63,1485,41.0
RS,VILA LANGARO,185,266,41,492,37.6
RS,VILA MARIA,705,888,99,1692,41.7
RS,VILA NOVA DO SUL,411,608,144,1163,35.3
RS,VISTA ALEGRE,294,480,86,860,34.2
RS,VISTA ALEGRE DO PRATA,252,373,55,680,37.1
RS,VISTA GAUCHA,331,506,73,910,36.4
RS,VITORIA DAS MISSOES,270,341,61,672,40.2
RS,WESTFALIA,434,443,35,912,47.6
RS,XANGRI-LA,5076,4432,1759,11267,45.1
DF,BRASILIA,480408,592068,212512,1284988,37.4
GO,ABADIA DE GOIAS,2605,2303,828,5736,45.4
GO,ABADIANIA,1873,2271,627,4771,39.3
GO,ACREUNA,2771,4015,1185,7971,34.8
GO,ADELANDIA,234,589,99,922,25.4
GO,AGUA FRIA DE GOIAS,525,639,170,1334,39.4
GO,AGUA LIMPA,195,425,82,702,27.8
GO,AGUAS LINDAS DE GOIAS,21705,22244,9417,53366,40.7
GO,ALEXANIA,3537,4659,1452,9648,36.7
GO,ALOANDIA,235,420,70,725,32.4
GO,ALTO HORIZONTE,866,1259,368,2493,34.7
GO,ALTO PARAISO DE GOIAS,2463,2820,821,6104,40.4
GO,ALVORADA DO NORTE,964,1504,313,2781,34.7
GO,AMARALINA,231,450,62,743,31.1
GO,AMERICANO DO BRASIL,614,1075,189,1878,32.7
GO,AMORINOPOLIS,245,630,106,981,25.0
GO,ANAPOLIS,64110,71072,22101,157283,40.8
GO,ANHANGUERA,138,348,60,546,25.3
GO,ANICUNS,2440,3529,849,6818,35.8
GO,APARECIDA DE GOIANIA,85823,80480,27895,194198,44.2
GO,APARECIDA DO RIO DOCE,385,631,125,1141,33.7
GO,APORE,567,912,239,1718,33.0
GO,ARACU,507,886,200,1593,31.8
GO,ARAGARCAS,2211,3322,975,6508,34.0
GO,ARAGOIANIA,1393,1768,556,3717,37.5
GO,ARAGUAPAZ,714,1479,297,2490,28.7
GO,ARENOPOLIS,268,592,123,983,27.3
GO,ARUANA,1116,1691,444,3251,34.3
GO,AURILANDIA,333,757,137,1227,27.1
GO,AVELINOPOLIS,345,603,108,1056,32.7
GO,BALIZA,262,529,105,896,29.2
GO,BARRO ALTO,1247,1585,473,3305,37.7
GO,BELA VISTA DE GOIAS,3939,4556,1186,9681,40.7
GO,BOM JARDIM DE GOIAS,832,1398,433,2663,31.2
GO,BOM JESUS,2388,3346,893,6627,36.0
GO,BONFINOPOLIS,1155,1428,451,3034,38.1
GO,BONOPOLIS,414,599,145,1158,35.8
GO,BRAZABRANTES,487,858,266,1611,30.2
GO,BRITANIA,867,1335,308,2510,34.5
GO,BURITI ALEGRE,1208,1517,394,3119,38.7
GO,BURITI DE GOIAS,343,621,110,1074,31.9
GO,BURITINOPOLIS,212,403,63,678,31.3
GO,CABECEIRAS,675,1023,291,1989,33.9
GO,CACHOEIRA ALTA,1076,1656,420,3152,34.1
GO,CACHOEIRA DE GOIAS,163,407,57,627,26.0
GO,CACHOEIRA DOURADA,793,1425,461,2679,29.6
GO,CACU,1870,2493,646,5009,37.3
GO,CAIAPONIA,1578,2560,646,4784,33.0
GO,CALDAS NOVAS,16979,20273,7429,44681,38.0
GO,CALDAZINHA,411,691,141,1243,33.1
GO,CAMPESTRE DE GOIAS,357,724,157,1238,28.8
GO,CAMPINACU,320,501,97,918,34.9
GO,CAMPINORTE,1546,2263,532,4341,35.6
GO,CAMPO ALEGRE DE GOIAS,909,1237,392,2538,35.8
GO,CAMPO LIMPO DE GOIAS,837,979,273,2089,40.1
GO,CAMPOS BELOS,2626,3492,1099,7217,36.4
GO,CAMPOS VERDES,470,1036,251,1757,26.8
GO,CARMO DO RIO VERDE,848,1474,326,2648,32.0
GO,CASTELANDIA,275,498,150,923,29.8
GO,CATALAO,16489,19567,5896,41952,39.3
GO,CATURAI,589,923,188,1700,34.6
GO,CAVALCANTE,937,1409,471,2817,33.3
GO,CERES,3770,5161,1188,10119,37.3
GO,CEZARINA,991,1357,411,2759,35.9
GO,CHAPADAO DO CEU,2064,2290,617,4971,41.5
GO,CIDADE OCIDENTAL,9091,10121,3863,23075,39.4
GO,COCALZINHO DE GOIAS,1695,2121,625,4441,38.2
GO,COLINAS DO SUL,393,617,125,1135,34.6
GO,CORREGO DO OURO,253,483,94,830,30.5
GO,CORUMBA DE GOIAS,983,1585,279,2847,34.5
GO,CORUMBAIBA,996,1336,399,2731,36.5
GO,CRISTALINA,6757,7509,2562,16828,40.2
GO,CRISTIANOPOLIS,415,1124,289,1828,22.7
GO,CRIXAS,1861,2935,743,5539,33.6
GO,CROMINIA,500,829,178,1507,33.2
GO,CUMARI,316,545,101,962,32.8
GO,DAMIANOPOLIS,331,419,82,832,39.8
GO,DAMOLANDIA,476,606,184,1266,37.6
GO,DAVINOPOLIS,223,401,93,717,31.1
GO,DIORAMA,211,421,57,689,30.6
GO,DIVINOPOLIS DE GOIAS,395,799,155,1349,29.3
GO,DOVERLANDIA,701,1269,293,2263,31.0
GO,EDEALINA,434,831,200,1465,29.6
GO,EDEIA,1376,2161,517,4054,33.9
GO,ESTRELA DO NORTE,420,754,156,1330,31.6
GO,FAINA,716,921,232,1869,38.3
GO,FAZENDA NOVA,691,1169,189,2049,33.7
GO,FIRMINOPOLIS,1596,2149,408,4153,38.4
GO,FLORES DE GOIAS,636,1101,285,2022,31.5
GO,FORMOSA,13795,17067,6298,37160,37.1
GO,FORMOSO,590,1289,228,2107,28.0
GO,GAMELEIRA DE GOIAS,369,646,85,1100,33.5
GO,GOIANAPOLIS,1473,1998,594,4065,36.2
GO,GOIANDIRA,567,997,247,1811,31.3
GO,GOIANESIA,9764,10358,2557,22679,43.1
GO,GOIANIA,326001,357471,120940,804412,40.5
GO,GOIANIRA,8598,8341,3154,20093,42.8
GO,GOIAS,2412,4438,1058,7908,30.5
GO,GOIATUBA,4706,6452,1677,12835,36.7
GO,GOUVELANDIA,396,640,234,1270,31.2
GO,GUAPO,2063,2494,780,5337,38.7
GO,GUARAITA,229,426,83,738,31.0
GO,GUARANI DE GOIAS,305,497,70,872,35.0
GO,GUARINOS,236,346,50,632,37.3
GO,HEITORAI,309,666,103,1078,28.7
GO,HIDROLANDIA,3648,3891,1213,8752,41.7
GO,HIDROLINA,404,707,118,1229,32.9
GO,IACIARA,1082,1777,439,3298,32.8
GO,INACIOLANDIA,573,923,177,1673,34.2
GO,INDIARA,1749,2232,637,4618,37.9
GO,INHUMAS,8116,9555,2550,20221,40.1
GO,IPAMERI,3159,4554,1213,8926,35.4
GO,IPIRANGA DE GOIAS,298,439,56,793,37.6
GO,IPORA,4670,6989,1865,13524,34.5
GO,ISRAELANDIA,294,581,125,1000,29.4
GO,ITABERAI,5943,5952,1787,13682,43.4
GO,ITAGUARI,761,856,260,1877,40.5
GO,ITAGUARU,595,1040,214,1849,32.2
GO,ITAJA,680,1290,258,2228,30.5
GO,ITAPACI,2397,3158,743,6298,38.1
GO,ITAPIRAPUA,788,1338,314,2440,32.3
GO,ITAPURANGA,3119,4404,889,8412,37.1
GO,ITARUMA,731,994,260,1985,36.8
GO,ITAUCU,1351,1563,300,3214,42.0
GO,ITUMBIARA,15556,20778,6727,43061,36.1
GO,IVOLANDIA,284,542,97,923,30.8
GO,JANDAIA,716,1205,285,2206,32.5
GO,JARAGUA,6202,6508,1957,14667,42.3
GO,JATAI,17135,18155,5591,40881,41.9
GO,JAUPACI,331,659,154,1144,28.9
GO,JESUPOLIS,180,419,80,679,26.5
GO,JOVIANIA,831,1248,336,2415,34.4
GO,JUSSARA,3205,4118,1034,8357,38.4
GO,LAGOA SANTA,248,370,79,697,35.6
GO,LEOPOLDO DE BULHOES,763,1120,254,2137,35.7
GO,LUZIANIA,22806,30171,10346,63323,36.0
GO,MAIRIPOTABA,283,523,88,894,31.7
GO,MAMBAI,873,997,271,2141,40.8
GO,MARA ROSA,1560,2674,665,4899,31.8
GO,MARZAGAO,290,567,141,998,29.1
GO,MATRINCHA,564,757,171,1492,37.8
GO,MAURILANDIA,841,1474,462,2777,30.3
GO,MIMOSO DE GOIAS,147,513,53,713,20.6
GO,MINACU,2516,4994,1141,8651,29.1
GO,MINEIROS,9999,10614,3553,24166,41.4
GO,MOIPORA,237,447,97,781,30.3
GO,MONTE ALEGRE DE GOIAS,390,805,227,1422,27.4
GO,MONTES CLAROS DE GOIAS,1167,1803,415,3385,34.5
GO,MONTIVIDIU,1554,1836,583,3973,39.1
GO,MONTIVIDIU DO NORTE,314,589,106,1009,31.1
GO,MORRINHOS,6149,8147,2010,16306,37.7
GO,MORRO AGUDO DE GOIAS,204,403,44,651,31.3
GO,MOSSAMEDES,540,917,184,1641,32.9
GO,MOZARLANDIA,1673,2532,707,4912,34.1
GO,MUNDO NOVO,544,1036,233,1813,30.0
GO,MUTUNOPOLIS,328,674,108,1110,29.5
GO,NAZARIO,963,1519,419,2901,33.2
GO,NEROPOLIS,4309,8210,2926,15445,27.9
GO,NIQUELANDIA,3230,4969,1468,9667,33.4
GO,NOVA AMERICA,229,497,63,789,29.0
GO,NOVA AURORA,222,404,63,689,32.2
GO,NOVA CRIXAS,1668,1840,519,4027,41.4
GO,NOVA GLORIA,681,1015,202,1898,35.9
GO,NOVA IGUACU DE GOIAS,289,538,91,918,31.5
GO,NOVA ROMA,252,466,78,796,31.7
GO,NOVA VENEZA,1582,1895,571,4048,39.1
GO,NOVO BRASIL,399,799,131,1329,30.0
GO,NOVO GAMA,8082,10096,4198,22376,36.1
GO,NOVO PLANALTO,455,667,147,1269,35.9
GO,ORIZONA,1849,2165,470,4484,41.2
GO,OURO VERDE DE GOIAS,373,682,140,1195,31.2
GO,OUVIDOR,888,1221,277,2386,37.2
GO,PADRE BERNARDO,2501,3771,1271,7543,33.2
GO,PALESTINA DE GOIAS,265,541,94,900,29.4
GO,PALMEIRAS DE GOIAS,3954,4647,1239,9840,40.2
GO,PALMELO,351,774,105,1230,28.5
GO,PALMINOPOLIS,390,641,142,1173,33.2
GO,PANAMA,353,572,127,1052,33.6
GO,PARANAIGUARA,827,1574,294,2695,30.7
GO,PARAUNA,1627,2292,596,4515,36.0
GO,PEROLANDIA,372,578,139,1089,34.2
GO,PETROLINA DE GOIAS,1193,1551,324,3068,38.9
GO,PILAR DE GOIAS,239,592,91,922,25.9
GO,PIRACANJUBA,2729,4236,1020,7985,34.2
GO,PIRANHAS,1262,2126,521,3909,32.3
GO,PIRENOPOLIS,3787,4494,989,9270,40.9
GO,PIRES DO RIO,4196,6349,1577,12122,34.6
GO,PLANALTINA,9374,13852,5724,28950,32.4
GO,PONTALINA,2415,3232,918,6565,36.8
GO,PORANGATU,5140,7182,1764,14086,36.5
GO,PORTEIRAO,516,799,216,1531,33.7
GO,PORTELANDIA,650,770,187,1607,40.4
GO,POSSE,4093,4475,1305,9873,41.5
GO,PROFESSOR JAMIL,369,665,119,1153,32.0
GO,QUIRINOPOLIS,5809,6655,1805,14269,40.7
GO,RIALMA,2085,2641,661,5387,38.7
GO,RIANAPOLIS,548,898,183,1629,33.6
GO,RIO QUENTE,680,1080,331,2091,32.5
GO,RIO VERDE,37303,34222,11193,82718,45.1
GO,RUBIATABA,2435,3593,819,6847,35.6
GO,SANCLERLANDIA,1381,1689,379,3449,40.0
GO,SANTA BARBARA DE GOIAS,1084,1676,482,3242,33.4
GO,SANTA CRUZ DE GOIAS,282,561,93,936,30.1
GO,SANTA FE DE GOIAS,585,773,119,1477,39.6
GO,SANTA HELENA DE GOIAS,4894,6443,1940,13277,36.9
GO,SANTA ISABEL,324,504,103,931,34.8
GO,SANTA RITA DO ARAGUAIA,753,1383,415,2551,29.5
GO,SANTA RITA DO NOVO DESTINO,250,505,83,838,29.8
GO,SANTA ROSA DE GOIAS,307,672,87,1066,28.8
GO,SANTA TEREZA DE GOIAS,473,1063,185,1721,27.5
GO,SANTA TEREZINHA DE GOIAS,1249,2190,472,3911,31.9
GO,SANTO ANTONIO DA BARRA,518,646,175,1339,38.7
GO,SANTO ANTONIO DE GOIAS,2847,2884,1350,7081,40.2
GO,SANTO ANTONIO DO DESCOBERTO,4985,7930,3040,15955,31.2
GO,SAO DOMINGOS,823,1637,436,2896,28.4
GO,SAO FRANCISCO DE GOIAS,671,1112,250,2033,33.0
GO,SAO JOAO D'ALIANCA,1222,1621,496,3339,36.6
GO,SAO JOAO DA PARAUNA,313,417,70,800,39.1
GO,SAO LUIS DE MONTES BELOS,5360,6788,1632,13780,38.9
GO,SAO LUIZ DO NORTE,533,753,193,1479,36.0
GO,SAO MIGUEL DO ARAGUAIA,2370,3496,943,6809,34.8
GO,SAO MIGUEL DO PASSA QUATRO,535,704,155,1394,38.4
GO,SAO PATRICIO,165,355,42,562,29.4
GO,SAO SIMAO,2041,3217,992,6250,32.7
GO,SENADOR CANEDO,21932,19512,6779,48223,45.5
GO,SERRANOPOLIS,814,1030,397,2241,36.3
GO,SILVANIA,2878,3161,589,6628,43.4
GO,SIMOLANDIA,550,924,210,1684,32.7
GO,SITIO D'ABADIA,224,328,53,605,37.0
GO,TAQUARAL DE GOIAS,530,1073,175,1778,29.8
GO,TERESINA DE GOIAS,263,537,132,932,28.2
GO,TEREZOPOLIS DE GOIAS,1022,1298,366,2686,38.0
GO,TRES RANCHOS,530,914,332,1776,29.8
GO,TRINDADE,20320,18543,6091,44954,45.2
GO,TROMBAS,301,535,105,941,32.0
GO,TURVANIA,525,989,307,1821,28.8
GO,TURVELANDIA,537,718,170,1425,37.7
GO,UIRAPURU,282,463,117,862,32.7
GO,URUACU,5970,7057,1958,14985,39.8
GO,URUANA,1457,2013,386,3856,37.8
GO,URUTAI,365,803,150,1318,27.7
GO,VALPARAISO DE GOIAS,22130,23652,9948,55730,39.7
GO,VARJAO,408,700,132,1240,32.9
GO,VIANOPOLIS,2002,2304,547,4853,41.3
GO,VICENTINOPOLIS,761,975,313,2049,37.1
GO,VILA BOA,325,637,151,1113,29.2
GO,VILA PROPICIO,607,737,125,1469,41.3
PE,ABREU E LIMA,6588,10551,4178,21317,30.9
PE,AFOGADOS DA INGAZEIRA,3376,4587,1058,9021,37.4
PE,AFRANIO,748,995,221,1964,38.1
PE,AGRESTINA,1152,1729,460,3341,34.5
PE,AGUA PRETA,765,2105,687,3557,21.5
PE,AGUAS BELAS,1172,2245,598,4015,29.2
PE,ALAGOINHA,717,935,191,1843,38.9
PE,ALIANCA,1588,2215,727,4530,35.1
PE,ALTINHO,1564,1257,340,3161,49.5
PE,AMARAJI,868,1774,458,3100,28.0
PE,ANGELIM,324,674,169,1167,27.8
PE,ARACOIABA,759,1361,401,2521,30.1
PE,ARARIPINA,4843,6561,2186,13590,35.6
PE,ARCOVERDE,6633,10597,3008,20238,32.8
PE,BARRA DE GUABIRABA,538,994,166,1698,31.7
PE,BARREIROS,2325,4651,1646,8622,27.0
PE,BELEM DE MARIA,311,698,150,1159,26.8
PE,BELEM DO SAO FRANCISCO,829,1734,453,3016,27.5
PE,BELO JARDIM,4969,7558,2129,14656,33.9
PE,BETANIA,348,655,128,1131,30.8
PE,BEZERROS,3840,5694,1560,11094,34.6
PE,BODOCO,1136,1593,428,3157,36.0
PE,BOM CONSELHO,1450,2590,733,4773,30.4
PE,BOM JARDIM,1222,1718,489,3429,35.6
PE,BONITO,2242,3472,813,6527,34.3
PE,BREJAO,325,611,158,1094,29.7
PE,BREJINHO,391,617,83,1091,35.8
PE,BREJO DA MADRE DE DEUS,2202,2492,1046,5740,38.4
PE,BUENOS AIRES,365,807,244,1416,25.8
PE,BUIQUE,1348,2118,547,4013,33.6
PE,CABO DE SANTO AGOSTINHO,15703,21897,8532,46132,34.0
PE,CABROBO,1562,2775,895,5232,29.9
PE,CACHOEIRINHA,814,1391,272,2477,32.9
PE,CAETES,628,900,239,1767,35.5
PE,CALCADO,243,476,99,818,29.7
PE,CALUMBI,239,463,75,777,30.8
PE,CAMARAGIBE,13804,19372,7349,40525,34.1
PE,CAMOCIM DE SAO FELIX,747,1294,319,2360,31.7
PE,CAMUTANGA,333,685,164,1182,28.2
PE,CANHOTINHO,936,1350,328,2614,35.8
PE,CAPOEIRAS,463,903,208,1574,29.4
PE,CARNAIBA,981,1295,254,2530,38.8
PE,CARNAUBEIRA DA PENHA,401,538,109,1048,38.3
PE,CARPINA,6966,9449,3165,19580,35.6
PE,CARUARU,48668,56818,16833,122319,39.8
PE,CASINHAS,268,455,68,791,33.9
PE,CATENDE,1285,3191,1109,5585,23.0
PE,CEDRO,494,694,154,1342,36.8
PE,CHA DE ALEGRIA,592,1038,252,1882,31.5
PE,CHA GRANDE,1145,1430,392,2967,38.6
PE,CONDADO,1120,1977,666,3763,29.8
PE,CORRENTES,361,841,211,1413,25.5
PE,CORTES,453,1094,343,1890,24.0
PE,CUMARU,413,735,212,1360,30.4
PE,CUPIRA,1957,2331,595,4883,40.1
PE,CUSTODIA,1721,2465,610,4796,35.9
PE,DORMENTES,760,719,97,1576,48.2
PE,ESCADA,3153,5441,1876,10470,30.1
PE,EXU,1300,1899,536,3735,34.8
PE,FEIRA NOVA,1076,1472,418,2966,36.3
PE,FERNANDO DE NORONHA,1181,480,394,2055,57.5
PE,FERREIROS,481,826,261,1568,30.7
PE,FLORES,791,1291,350,2432,32.5
PE,FLORESTA,1304,1995,601,3900,33.4
PE,FREI MIGUELINHO,508,746,160,1414,35.9
PE,GAMELEIRA,747,1849,526,3122,23.9
PE,GARANHUNS,11649,17864,4985,34498,33.8
PE,GLORIA DO GOITA,1281,1859,700,3840,33.4
PE,GOIANA,5346,8875,3468,17689,30.2
PE,GRANITO,663,703,125,1491,44.5
PE,GRAVATA,7047,9450,2793,19290,36.5
PE,IATI,489,972,309,1770,27.6
PE,IBIMIRIM,876,2248,491,3615,24.2
PE,IBIRAJUBA,195,433,74,702,27.8
PE,IGARASSU,8865,11416,4553,24834,35.7
PE,IGUARACY,433,816,150,1399,31.0
PE,ILHA DE ITAMARACA,1343,2778,1217,5338,25.2
PE,INAJA,607,1070,319,1996,30.4
PE,INGAZEIRA,195,360,54,609,32.0
PE,IPOJUCA,9001,10506,4894,24401,36.9
PE,IPUBI,1143,1668,587,3398,33.6
PE,ITACURUBA,168,361,88,617,27.2
PE,ITAIBA,812,1396,246,2454,33.1
PE,ITAMBE,1704,2614,1033,5351,31.8
PE,ITAPETIM,739,1160,187,2086,35.4
PE,ITAPISSUMA,1139,2029,811,3979,28.6
PE,ITAQUITINGA,543,1296,341,2180,24.9
PE,JABOATAO DOS GUARARAPES,58762,87173,35247,181182,32.4
PE,JAQUEIRA,374,766,216,1356,27.6
PE,JATAUBA,583,787,195,1565,37.3
PE,JATOBA,614,937,231,1782,34.5
PE,JOAO ALFREDO,1105,1922,471,3498,31.6
PE,JOAQUIM NABUCO,431,1128,318,1877,23.0
PE,JUCATI,308,427,98,833,37.0
PE,JUPI,583,904,211,1698,34.3
PE,JUREMA,402,716,148,1266,31.8
PE,LAGOA DE ITAENGA,1019,1478,370,2867,35.5
PE,LAGOA DO CARRO,915,1394,380,2689,34.0
PE,LAGOA DO OURO,315,586,120,1021,30.9
PE,LAGOA DOS GATOS,456,822,188,1466,31.1
PE,LAGOA GRANDE,1123,1294,419,2836,39.6
PE,LAJEDO,2434,3383,851,6668,36.5
PE,LIMOEIRO,4989,6183,2239,13411,37.2
PE,MACAPARANA,1100,1492,347,2939,37.4
PE,MACHADOS,516,758,196,1470,35.1
PE,MANARI,321,559,93,973,33.0
PE,MARAIAL,309,1106,266,1681,18.4
PE,MIRANDIBA,552,1127,266,1945,28.4
PE,MOREILANDIA,378,608,142,1128,33.5
PE,MORENO,3687,5768,2281,11736,31.4
PE,NAZARE DA MATA,1659,3130,894,5683,29.2
PE,OLINDA,36524,62473,24631,123628,29.5
PE,OROBO,870,998,270,2138,40.7
PE,OROCO,433,866,235,1534,28.2
PE,OURICURI,2766,4954,1083,8803,31.4
PE,PALMARES,3829,8179,2630,14638,26.2
PE,PALMEIRINA,195,575,85,855,22.8
PE,PANELAS,847,1207,313,2367,35.8
PE,PARANATAMA,444,681,145,1270,35.0
PE,PARNAMIRIM,702,1301,255,2258,31.1
PE,PASSIRA,954,1571,376,2901,32.9
PE,PAUDALHO,2930,4429,1520,8879,33.0
PE,PAULISTA,30560,45858,18317,94735,32.3
PE,PEDRA,678,1041,233,1952,34.7
PE,PESQUEIRA,2970,6538,1791,11299,26.3
PE,PETROLANDIA,1781,3436,854,6071,29.3
PE,PETROLINA,41683,46540,16173,104396,39.9
PE,POCAO,409,765,166,1340,30.5
PE,POMBOS,1361,1839,620,3820,35.6
PE,PRIMAVERA,477,1128,266,1871,25.5
PE,QUIPAPA,593,1248,344,2185,27.1
PE,QUIXABA,296,368,54,718,41.2
PE,RECIFE,212396,313060,108566,634022,33.5
PE,RIACHO DAS ALMAS,1286,1369,354,3009,42.7
PE,RIBEIRAO,1801,3684,1413,6898,26.1
PE,RIO FORMOSO,959,2205,591,3755,25.5
PE,SAIRE,562,779,221,1562,36.0
PE,SALGADINHO,165,381,71,617,26.7
PE,SALGUEIRO,4928,7845,2215,14988,32.9
PE,SALOA,398,801,223,1422,28.0
PE,SANHARO,1239,1569,302,3110,39.8
PE,SANTA CRUZ,432,573,109,1114,38.8
PE,SANTA CRUZ DA BAIXA VERDE,692,922,149,1763,39.3
PE,SANTA CRUZ DO CAPIBARIBE,10386,12734,4414,27534,37.7
PE,SANTA FILOMENA,322,491,52,865,37.2
PE,SANTA MARIA DA BOA VISTA,1223,2527,768,4518,27.1
PE,SANTA MARIA DO CAMBUCA,397,689,179,1265,31.4
PE,SANTA TEREZINHA,451,694,162,1307,34.5
PE,SAO BENEDITO DO SUL,279,604,119,1002,27.8
PE,SAO BENTO DO UNA,1735,2535,570,4840,35.8
PE,SAO CAITANO,1885,2605,618,5108,36.9
PE,SAO JOAO,731,1002,212,1945,37.6
PE,SAO JOAQUIM DO MONTE,584,1190,234,2008,29.1
PE,SAO JOSE DA COROA GRANDE,1331,2158,869,4358,30.5
PE,SAO JOSE DO BELMONTE,1682,2236,511,4429,38.0
PE,SAO JOSE DO EGITO,2194,3303,791,6288,34.9
PE,SAO LOURENCO DA MATA,8219,11946,4580,24745,33.2
PE,SAO VICENTE FERRER,649,941,216,1806,35.9
PE,SERRA TALHADA,7855,11598,2788,22241,35.3
PE,SERRITA,524,954,174,1652,31.7
PE,SERTANIA,1628,3035,808,5471,29.8
PE,SIRINHAEM,1562,2664,948,5174,30.2
PE,SOLIDAO,176,317,47,540,32.6
PE,SURUBIM,4223,5709,1638,11570,36.5
PE,TABIRA,1593,2254,415,4262,37.4
PE,TACAIMBO,460,875,135,1470,31.3
PE,TACARATU,726,1113,289,2128,34.1
PE,TAMANDARE,2338,2556,1138,6032,38.8
PE,TAQUARITINGA DO NORTE,1520,1839,724,4083,37.2
PE,TEREZINHA,206,387,91,684,30.1
PE,TERRA NOVA,385,576,104,1065,36.2
PE,TIMBAUBA,2803,4912,1657,9372,29.9
PE,TORITAMA,3394,4928,2343,10665,31.8
PE,TRACUNHAEM,613,1299,288,2200,27.9
PE,TRINDADE,1952,2584,1101,5637,34.6
PE,TRIUNFO,1410,1747,351,3508,40.2
PE,TUPANATINGA,527,1043,243,1813,29.1
PE,TUPARETAMA,465,824,156,1445,32.2
PE,VENTUROSA,783,1192,295,2270,34.5
PE,VERDEJANTE,372,671,148,1191,31.2
PE,VERTENTE DO LERIO,195,587,83,865,22.5
PE,VERTENTES,824,1215,582,2621,31.4
PE,VICENCIA,1195,1984,610,3789,31.5
PE,VITORIA DE SANTO ANTAO,9370,13417,4917,27704,33.8
PE,XEXEU,440,731,275,1446,30.4
