uf,municipio,ativa_matriz,ativa_filial,ativa_total,baixada_total,outras_total,total
AC,ACRELANDIA,735,52,787,1029,381,2197
AC,ASSIS BRASIL,397,37,434,734,202,1370
AC,BRASILEIA,1666,196,1862,2597,1111,5570
AC,BUJARI,416,21,437,895,226,1558
AC,CAPIXABA,344,24,368,835,257,1460
AC,CRUZEIRO DO SUL,5615,537,6152,7660,2925,16737
AC,EPITACIOLANDIA,1157,171,1328,1704,720,3752
AC,FEIJO,1133,108,1241,1984,752,3977
AC,JORDAO,275,15,290,439,112,841
AC,MANCIO LIMA,527,68,595,1133,253,1981
AC,MANOEL URBANO,376,37,413,862,243,1518
AC,MARECHAL THAUMATURGO,417,24,441,820,142,1403
AC,PLACIDO DE CASTRO,676,47,723,1510,552,2785
AC,PORTO ACRE,562,29,591,1196,390,2177
AC,PORTO WALTER,240,21,261,791,179,1231
AC,RIO BRANCO,31105,2183,33288,45897,22560,101745
AC,RODRIGUES ALVES,327,31,358,779,189,1326
AC,SANTA ROSA DO PURUS,138,17,155,434,90,679
AC,SENADOR GUIOMARD,987,81,1068,2063,987,4118
AC,SENA MADUREIRA,1567,118,1685,2508,1149,5342
AC,TARAUACA,1325,145,1470,2102,831,4403
AC,XAPURI,637,63,700,1209,371,2280
AL,AGUA BRANCA,472,29,501,1018,187,1706
AL,ANADIA,502,24,526,1006,344,1876
AL,ARAPIRACA,20551,1153,21704,30128,9086,60918
AL,ATALAIA,1473,75,1548,2473,1211,5232
AL,BARRA DE SANTO ANTONIO,888,35,923,1484,535,2942
AL,BARRA DE SAO MIGUEL,1063,40,1103,1334,420,2857
AL,BATALHA,705,51,756,1460,353,2569
AL,BELEM,197,10,207,467,84,758
AL,BELO MONTE,164,11,175,422,78,675
AL,BOCA DA MATA,1194,25,1219,2194,613,4026
AL,BRANQUINHA,273,12,285,733,206,1224
AL,CACIMBINHAS,420,13,433,630,187,1250
AL,CAJUEIRO,761,36,797,1527,490,2814
AL,CAMPESTRE,243,10,253,519,119,891
AL,CAMPO ALEGRE,1593,57,1650,3194,1066,5910
AL,CAMPO GRANDE,271,9,280,597,107,984
AL,CANAPI,335,17,352,824,200,1376
AL,CAPELA,667,28,695,1400,480,2575
AL,CARNEIROS,256,5,261,610,83,954
AL,CHA PRETA,230,11,241,445,101,787
AL,COITE DO NOIA,358,15,373,558,127,1058
AL,COLONIA LEOPOLDINA,658,26,684,1175,365,2224
AL,COQUEIRO SECO,331,13,344,816,149,1309
AL,CORURIPE,2836,152,2988,5013,1861,9862
AL,CRAIBAS,837,43,880,1312,374,2566
AL,DELMIRO GOUVEIA,3019,204,3223,5304,1745,10272
AL,DOIS RIACHOS,328,18,346,707,146,1199
AL,ESTRELA DE ALAGOAS,401,15,416,583,164,1163
AL,FEIRA GRANDE,542,24,566,945,206,1717
AL,FELIZ DESERTO,204,12,216,603,99,918
AL,FLEXEIRAS,447,12,459,866,225,1550
AL,GIRAU DO PONCIANO,1094,51,1145,1728,458,3331
AL,IBATEGUARA,523,22,545,1070,279,1894
AL,IGACI,621,39,660,994,339,1993
AL,IGREJA NOVA,508,44,552,1108,288,1948
AL,INHAPI,372,24,396,877,153,1426
AL,JACARE DOS HOMENS,177,9,186,392,73,651
AL,JACUIPE,164,9,173,544,117,834
AL,JAPARATINGA,643,17,660,874,329,1863
AL,JARAMATAIA,143,6,149,388,90,627
AL,JEQUIA DA PRAIA,522,10,532,877,266,1675
AL,JOAQUIM GOMES,610,27,637,1229,390,2256
AL,JUNDIA,186,8,194,695,110,999
AL,JUNQUEIRO,1096,48,1144,1982,565,3691
AL,LAGOA DA CANOA,541,29,570,1375,237,2182
AL,LIMOEIRO DE ANADIA,882,40,922,1126,283,2331
AL,MACEIO,109063,5475,114538,155648,55264,325450
AL,MAJOR ISIDORO,601,37,638,1079,297,2014
AL,MARAGOGI,2804,104,2908,2761,1244,6913
AL,MARAVILHA,302,19,321,692,140,1153
AL,MARECHAL DEODORO,5457,249,5706,6217,2736,14659
AL,MARIBONDO,659,23,682,1273,442,2397
AL,MAR VERMELHO,161,5,166,365,72,603
AL,MATA GRANDE,403,32,435,908,243,1586
AL,MATRIZ DE CAMARAGIBE,1029,42,1071,1900,627,3598
AL,MESSIAS,823,34,857,1364,469,2690
AL,MINADOR DO NEGRAO,209,7,216,396,78,690
AL,MONTEIROPOLIS,241,5,246,540,83,869
AL,MURICI,1098,63,1161,2060,759,3980
AL,NOVO LINO,342,18,360,848,169,1377
AL,OLHO D'AGUA DAS FLORES,1303,52,1355,2006,638,3999
AL,OLHO D'AGUA DO CASADO,303,10,313,653,164,1130
AL,OLHO D'AGUA GRANDE,109,6,115,372,33,520
AL,OLIVENCA,304,10,314,670,125,1109
AL,OURO BRANCO,448,18,466,1011,265,1742
AL,PALESTINA,193,6,199,454,88,741
AL,PALMEIRA DOS INDIOS,3925,213,4138,7031,2401,13570
AL,PAO DE ACUCAR,922,36,958,1611,587,3156
AL,PARICONHA,290,17,307,626,92,1025
AL,PARIPUEIRA,1135,27,1162,1341,572,3075
AL,PASSO DE CAMARAGIBE,811,36,847,1117,350,2314
AL,PAULO JACINTO,284,9,293,727,120,1140
AL,PENEDO,4234,187,4421,8041,2618,15080
AL,PIACABUCU,565,45,610,1287,442,2339
AL,PILAR,2268,140,2408,3486,1536,7430
AL,PINDOBA,91,4,95,237,30,362
AL,PIRANHAS,1133,70,1203,1950,696,3849
AL,POCO DAS TRINCHEIRAS,270,17,287,571,102,960
AL,PORTO CALVO,1321,56,1377,2467,813,4657
AL,PORTO DE PEDRAS,817,49,866,819,249,1934
AL,PORTO REAL DO COLEGIO,507,44,551,1019,268,1838
AL,QUEBRANGULO,471,17,488,994,209,1691
AL,RIO LARGO,5764,276,6040,8543,3508,18091
AL,ROTEIRO,273,8,281,592,166,1039
AL,SANTA LUZIA DO NORTE,407,14,421,907,254,1582
AL,SANTANA DO IPANEMA,2268,135,2403,4114,1044,7561
AL,SANTANA DO MUNDAU,388,10,398,713,275,1386
AL,SAO BRAS,160,11,171,510,66,747
AL,SAO JOSE DA LAJE,1274,24,1298,1908,574,3780
AL,SAO JOSE DA TAPERA,956,63,1019,1709,555,3283
AL,SAO LUIS DO QUITUNDE,1024,41,1065,1969,717,3751
AL,SAO MIGUEL DOS CAMPOS,3337,192,3529,6351,2268,12148
AL,SAO MIGUEL DOS MILAGRES,1041,40,1081,1106,357,2544
AL,SAO SEBASTIAO,1283,72,1355,2106,445,3906
AL,SATUBA,1877,32,1909,2402,937,5248
AL,SENADOR RUI PALMEIRA,283,11,294,608,91,993
AL,TANQUE D'ARCA,184,6,190,491,73,754
AL,TAQUARANA,783,36,819,1230,318,2367
AL,TEOTONIO VILELA,1785,87,1872,2674,996,5542
AL,TRAIPU,576,19,595,1132,243,1970
AL,UNIAO DOS PALMARES,3720,147,3867,6683,2250,12800
AL,VICOSA,1337,59,1396,2061,628,4085
AM,ALVARAES,411,26,437,1069,277,1783
AM,AMATURA,446,35,481,773,179,1433
AM,ANAMA,331,20,351,598,150,1099
AM,ANORI,502,32,534,870,218,1622
AM,APUI,1029,75,1104,1465,500,3069
AM,ATALAIA DO NORTE,338,27,365,765,298,1428
AM,AUTAZES,1349,109,1458,2231,849,4538
AM,BARCELOS,633,67,700,1443,611,2754
AM,BARREIRINHA,696,53,749,1435,732,2916
AM,BENJAMIN CONSTANT,973,97,1070,2260,686,4016
AM,BERURI,430,31,461,884,298,1643
AM,BOA VISTA DO RAMOS,469,22,491,1114,343,1948
AM,BOCA DO ACRE,1415,111,1526,2902,1059,5487
AM,BORBA,652,62,714,1859,756,3329
AM,CAAPIRANGA,272,18,290,742,164,1196
AM,CANUTAMA,312,29,341,629,179,1149
AM,CARAUARI,769,66,835,1237,510,2582
AM,CAREIRO,1011,65,1076,2392,776,4244
AM,CAREIRO DA VARZEA,560,13,573,1141,259,1973
AM,COARI,2286,201,2487,3484,1941,7912
AM,CODAJAS,605,49,654,1326,411,2391
AM,EIRUNEPE,720,65,785,1782,574,3141
AM,ENVIRA,434,33,467,997,230,1694
AM,FONTE BOA,543,40,583,1270,414,2267
AM,GUAJARA,238,39,277,637,134,1048
AM,HUMAITA,3433,234,3667,5284,2088,11039
AM,IPIXUNA,243,31,274,637,138,1049
AM,IRANDUBA,3202,175,3377,3440,1620,8437
AM,ITACOATIARA,4338,333,4671,8116,3316,16103
AM,ITAMARATI,260,19,279,508,93,880
AM,ITAPIRANGA,671,58,729,1148,252,2129
AM,JAPURA,369,17,386,582,89,1057
AM,JURUA,299,33,332,977,177,1486
AM,JUTAI,562,37,599,926,274,1799
AM,LABREA,1061,107,1168,2049,661,3878
AM,MANACAPURU,4463,326,4789,6124,2722,13635
AM,MANAQUIRI,603,38,641,1432,571,2644
AM,MANAUS,208636,11203,219839,237043,115923,572805
AM,MANICORE,1916,128,2044,2756,1325,6125
AM,MARAA,328,14,342,946,200,1488
AM,MAUES,1817,110,1927,3515,1503,6945
AM,NHAMUNDA,553,44,597,1112,363,2072
AM,NOVA OLINDA DO NORTE,1059,50,1109,1872,723,3704
AM,NOVO AIRAO,887,44,931,1653,737,3321
AM,NOVO ARIPUANA,563,39,602,1728,535,2865
AM,PARINTINS,4852,295,5147,6525,3825,15497
AM,PAUINI,460,25,485,1474,381,2340
AM,PRESIDENTE FIGUEIREDO,2274,144,2418,3480,1583,7481
AM,RIO PRETO DA EVA,1661,74,1735,2047,957,4739
AM,SANTA ISABEL DO RIO NEGRO,304,28,332,951,237,1520
AM,SANTO ANTONIO DO ICA,528,64,592,1011,346,1949
AM,SAO GABRIEL DA CACHOEIRA,1140,88,1228,2182,892,4302
AM,SAO PAULO DE OLIVENCA,480,44,524,1013,301,1838
AM,SAO SEBASTIAO DO UATUMA,312,29,341,850,202,1393
AM,SILVES,375,37,412,1154,190,1756
AM,TABATINGA,2096,199,2295,3107,1491,6893
AM,TAPAUA,321,30,351,905,236,1492
AM,TEFE,2719,212,2931,4184,2186,9301
AM,TONANTINS,336,30,366,733,195,1294
AM,UARINI,354,22,376,821,225,1422
AM,URUCARA,580,25,605,1493,453,2551
AM,URUCURITUBA,410,26,436,1322,347,2105
AP,AMAPA,268,34,302,831,260,1393
AP,CALCOENE,455,61,516,1004,384,1904
AP,CUTIAS,153,10,163,533,82,778
AP,FERREIRA GOMES,285,31,316,853,262,1431
AP,ITAUBAL,176,8,184,514,89,787
AP,LARANJAL DO JARI,1602,117,1719,2793,1593,6105
AP,MACAPA,33692,2525,36217,47767,25963,109947
AP,MAZAGAO,640,41,681,1643,571,2895
AP,OIAPOQUE,2097,200,2297,2510,1537,6344
AP,PEDRA BRANCA DO AMAPARI,404,47,451,973,451,1875
AP,PORTO GRANDE,776,72,848,1368,704,2920
AP,PRACUUBA,100,9,109,489,70,668
AP,SANTANA,5869,584,6453,8976,4961,20390
AP,SERRA DO NAVIO,174,19,193,703,197,1093
AP,TARTARUGALZINHO,411,35,446,891,335,1672
AP,VITORIA DO JARI,556,30,586,1070,398,2054
BA,ABAIRA,450,13,463,573,129,1165
BA,ABARE,660,43,703,921,390,2014
BA,ACAJUTIBA,680,19,699,1160,300,2159
BA,ADUSTINA,499,37,536,707,208,1451
BA,AGUA FRIA,675,27,702,1103,326,2131
BA,AIQUARA,222,6,228,495,136,859
BA,ALAGOINHAS,12125,684,12809,18104,6790,37703
BA,ALCOBACA,1379,75,1454,2870,907,5231
BA,ALMADINA,268,11,279,622,164,1065
BA,AMARGOSA,2561,110,2671,3768,1043,7482
BA,AMELIA RODRIGUES,1687,73,1760,2803,842,5405
BA,AMERICA DOURADA,532,17,549,800,248,1597
BA,ANAGE,806,52,858,1208,357,2423
BA,ANDARAI,648,36,684,1188,327,2199
BA,ANDORINHA,711,53,764,1075,317,2156
BA,ANGICAL,464,20,484,976,284,1744
BA,ANGUERA,427,13,440,575,131,1146
BA,ANTAS,467,28,495,875,210,1580
BA,ANTONIO CARDOSO,299,14,313,610,157,1080
BA,ANTONIO GONCALVES,495,18,513,687,245,1445
BA,APORA,639,24,663,872,254,1789
BA,APUAREMA,395,20,415,567,135,1117
BA,ARACAS,606,48,654,1106,356,2116
BA,ARACATU,606,40,646,695,178,1519
BA,ARACI,2112,88,2200,2709,929,5838
BA,ARAMARI,534,12,546,1025,292,1863
BA,ARATACA,370,11,381,790,291,1462
BA,ARATUIPE,374,8,382,674,173,1229
BA,AURELINO LEAL,505,19,524,1298,384,2206
BA,BAIANOPOLIS,550,37,587,685,174,1446
BA,BAIXA GRANDE,896,33,929,1458,387,2774
BA,BANZAE,416,16,432,652,165,1249
BA,BARRA,1961,90,2051,2887,981,5919
BA,BARRA DA ESTIVA,2162,102,2264,2218,433,4915
BA,BARRA DO CHOCA,2625,85,2710,2962,1020,6692
BA,BARRA DO MENDES,588,25,613,1005,177,1795
BA,BARRA DO ROCHA,230,8,238,615,179,1032
BA,BARREIRAS,18580,1086,19666,21659,7612,48937
BA,BARRO ALTO,501,11,512,575,98,1185
BA,BARROCAS,868,34,902,894,188,1984
BA,BARRO PRETO,286,19,305,840,206,1351
BA,BELMONTE,1158,68,1226,2079,727,4032
BA,BELO CAMPO,901,30,931,1208,307,2446
BA,BIRITINGA,523,13,536,785,142,1463
BA,BOA NOVA,630,19,649,1194,290,2133
BA,BOA VISTA DO TUPIM,583,28,611,778,228,1617
BA,BOM JESUS DA LAPA,4484,271,4755,6803,1999,13557
BA,BOM JESUS DA SERRA,342,10,352,698,146,1196
BA,BONINAL,569,29,598,958,104,1660
BA,BONITO,629,36,665,956,233,1854
BA,BOQUIRA,746,48,794,1047,302,2143
BA,BOTUPORA,497,19,516,730,123,1369
BA,BREJOES,597,34,631,1365,334,2330
BA,BREJOLANDIA,264,18,282,505,106,893
BA,BROTAS DE MACAUBAS,528,62,590,726,185,1501
BA,BRUMADO,7074,409,7483,8753,2076,18312
BA,BUERAREMA,1029,45,1074,2188,695,3957
BA,BURITIRAMA,714,25,739,735,267,1741
BA,CAATIBA,304,14,318,658,140,1116
BA,CABACEIRAS DO PARAGUACU,632,13,645,794,206,1645
BA,CACHOEIRA,1787,116,1903,3188,1066,6157
BA,CACULE,2410,79,2489,3159,639,6287
BA,CAEM,450,11,461,630,181,1272
BA,CAETANOS,375,15,390,712,146,1248
BA,CAETITE,4106,252,4358,4458,1158,9974
BA,CAFARNAUM,685,45,730,1193,454,2377
BA,CAIRU,2354,111,2465,2457,1131,6053
BA,CALDEIRAO GRANDE,461,15,476,865,242,1583
BA,CAMACAN,1698,118,1816,3671,1190,6677
BA,CAMACARI,32512,1751,34263,41121,17169,92553
BA,CAMAMU,2081,98,2179,3018,1175,6372
BA,CAMPO ALEGRE DE LOURDES,1173,50,1223,1583,632,3438
BA,CAMPO FORMOSO,3574,184,3758,4274,1759,9791
BA,CANAPOLIS,343,18,361,531,92,984
BA,CANARANA,993,46,1039,1274,344,2657
BA,CANAVIEIRAS,2099,84,2183,4110,1640,7933
BA,CANDEAL,321,9,330,603,143,1076
BA,CANDEIAS,5436,448,5884,9639,4223,19746
BA,CANDIBA,682,15,697,743,110,1550
BA,CANDIDO SALES,1407,54,1461,2536,662,4659
BA,CANSANCAO,1496,103,1599,2051,638,4288
BA,CANUDOS,702,39,741,935,330,2006
BA,CAPELA DO ALTO ALEGRE,678,21,699,863,175,1737
BA,CAPIM GROSSO,3430,144,3574,3723,1131,8428
BA,CARAIBAS,458,12,470,654,131,1255
BA,CARAVELAS,1084,47,1131,2152,630,3913
BA,CARDEAL DA SILVA,413,19,432,905,236,1573
BA,CARINHANHA,1140,58,1198,2164,436,3798
BA,CASA NOVA,2427,179,2606,3605,1227,7438
BA,CASTRO ALVES,2035,77,2112,3012,740,5864
BA,CATOLANDIA,144,7,151,315,59,525
BA,CATU,3357,219,3576,5974,2230,11780
BA,CATURAMA,283,24,307,395,89,791
BA,CENTRAL,573,16,589,994,252,1835
BA,CHORROCHO,365,17,382,581,234,1197
BA,CICERO DANTAS,1833,103,1936,2595,742,5273
BA,CIPO,995,46,1041,1573,518,3132
BA,COARACI,1206,37,1243,2632,844,4719
BA,COCOS,900,92,992,1316,365,2673
BA,CONCEICAO DA FEIRA,1468,50,1518,2138,673,4329
BA,CONCEICAO DO ALMEIDA,865,36,901,1529,351,2781
BA,CONCEICAO DO COITE,5316,176,5492,5661,1713,12866
BA,CONCEICAO DO JACUIPE,5016,189,5205,5193,2137,12535
BA,CONDE,1292,55,1347,2036,741,4124
BA,CONDEUBA,1063,53,1116,1496,237,2849
BA,CONTENDAS DO SINCORA,266,18,284,493,106,883
BA,CORACAO DE MARIA,1525,47,1572,1798,667,4037
BA,CORDEIROS,426,16,442,676,97,1215
BA,CORIBE,572,38,610,896,262,1768
BA,CORONEL JOAO SA,527,21,548,861,279,1688
BA,CORRENTINA,2271,273,2544,2792,826,6162
BA,COTEGIPE,493,27,520,891,193,1604
BA,CRAVOLANDIA,309,5,314,598,125,1037
BA,CRISOPOLIS,600,45,645,950,263,1858
BA,CRISTOPOLIS,537,23,560,771,209,1540
BA,CRUZ DAS ALMAS,6259,246,6505,8217,2823,17545
BA,CURACA,1299,79,1378,1788,794,3960
BA,DARIO MEIRA,444,14,458,956,304,1718
BA,DIAS D'AVILA,5607,318,5925,9977,4391,20293
BA,DOM BASILIO,621,33,654,766,150,1570
BA,DOM MACEDO COSTA,262,6,268,386,100,754
BA,ELISIO MEDRADO,418,18,436,679,142,1257
BA,ENCRUZILHADA,849,55,904,2088,489,3481
BA,ENTRE RIOS,3115,161,3276,4550,1621,9447
BA,ERICO CARDOSO,350,22,372,521,130,1023
BA,ESPLANADA,1931,94,2025,3077,1032,6134
BA,EUCLIDES DA CUNHA,2852,184,3036,3659,1204,7899
BA,EUNAPOLIS,11573,633,12206,15184,5682,33072
BA,FATIMA,667,41,708,912,245,1865
BA,FEIRA DA MATA,249,16,265,477,76,818
BA,FEIRA DE SANTANA,75201,3567,78768,92065,36534,207367
BA,FILADELFIA,913,43,956,1084,407,2447
BA,FIRMINO ALVES,247,13,260,495,189,944
BA,FLORESTA AZUL,392,22,414,908,295,1617
BA,FORMOSA DO RIO PRETO,1525,133,1658,2268,767,4693
BA,GANDU,2338,121,2459,3912,1495,7866
BA,GAVIAO,215,5,220,430,101,751
BA,GENTIO DO OURO,424,117,541,542,143,1226
BA,GLORIA,473,18,491,653,197,1341
BA,GONGOGI,315,7,322,828,206,1356
BA,GOVERNADOR MANGABEIRA,1530,54,1584,1993,587,4164
BA,GUAJERU,241,17,258,361,43,662
BA,GUANAMBI,10153,453,10606,11189,2871,24666
BA,GUARATINGA,782,32,814,1593,546,2953
BA,HELIOPOLIS,468,34,502,800,163,1465
BA,IACU,1251,57,1308,2012,629,3949
BA,IBIASSUCE,552,30,582,760,170,1512
BA,IBICARAI,1507,58,1565,2940,1068,5573
BA,IBICOARA,1432,52,1484,1304,367,3155
BA,IBICUI,707,28,735,1286,437,2458
BA,IBIPEBA,509,33,542,707,170,1419
BA,IBIPITANGA,733,27,760,626,114,1500
BA,IBIQUERA,129,7,136,359,61,556
BA,IBIRAPITANGA,892,22,914,1597,515,3026
BA,IBIRAPUA,576,32,608,838,219,1665
BA,IBIRATAIA,957,29,986,2118,775,3879
BA,IBITIARA,634,41,675,842,238,1755
BA,IBITITA,619,13,632,945,221,1798
BA,IBOTIRAMA,1879,110,1989,2831,921,5741
BA,ICHU,435,10,445,543,118,1106
BA,IGAPORA,949,29,978,1009,212,2199
BA,IGRAPIUNA,452,18,470,951,258,1679
BA,IGUAI,1033,45,1078,1739,603,3420
BA,ILHEUS,19094,1023,20117,27078,14048,61243
BA,INHAMBUPE,1825,78,1903,2553,937,5393
BA,IPECAETA,293,5,298,685,156,1139
BA,IPIAU,3302,219,3521,6541,2522,12584
BA,IPIRA,3362,132,3494,5468,1129,10091
BA,IPUPIARA,575,34,609,670,181,1460
BA,IRAJUBA,259,9,268,575,100,943
BA,IRAMAIA,409,30,439,871,183,1493
BA,IRAQUARA,1144,42,1186,1323,298,2807
BA,IRARA,1650,67,1717,1999,656,4372
BA,IRECE,7350,441,7791,10990,3356,22137
BA,ITABELA,1897,77,1974,2801,1132,5907
BA,ITABERABA,5068,232,5300,6524,2313,14137
BA,ITABUNA,22465,1125,23590,38167,15803,77560
BA,ITACARE,3410,107,3517,3818,1597,8932
BA,ITAETE,564,22,586,1030,271,1887
BA,ITAGI,492,31,523,1098,323,1944
BA,ITAGIBA,894,39,933,1636,560,3129
BA,ITAGIMIRIM,441,36,477,1006,262,1745
BA,ITAGUACU DA BAHIA,884,26,910,560,151,1621
BA,ITAJU DO COLONIA,288,18,306,678,182,1166
BA,ITAJUIPE,1280,46,1326,2253,729,4308
BA,ITAMARAJU,4743,214,4957,8532,2773,16262
BA,ITAMARI,298,13,311,689,216,1216
BA,ITAMBE,1184,57,1241,2091,778,4110
BA,ITANAGRA,482,30,512,841,296,1649
BA,ITANHEM,1148,38,1186,1733,535,3454
BA,ITAPARICA,1166,45,1211,2591,852,4654
BA,ITAPE,588,15,603,1025,385,2013
BA,ITAPEBI,475,42,517,1285,358,2160
BA,ITAPETINGA,4997,254,5251,8855,3179,17285
BA,ITAPICURU,824,54,878,1301,532,2711
BA,ITAPITANGA,387,7,394,1104,295,1793
BA,ITAQUARA,263,7,270,661,124,1055
BA,ITARANTIM,1046,56,1102,1715,615,3432
BA,ITATIM,1147,59,1206,1095,410,2711
BA,ITIRUCU,671,21,692,1328,526,2546
BA,ITIUBA,1222,53,1275,2266,496,4037
BA,ITORORO,1256,58,1314,1991,769,4074
BA,ITUACU,1053,34,1087,1301,303,2691
BA,ITUBERA,1679,99,1778,3181,1053,6012
BA,IUIU,397,24,421,593,139,1153
BA,JABORANDI,465,116,581,639,160,1380
BA,JACARACI,549,29,578,792,118,1488
BA,JACOBINA,7628,354,7982,11711,3639,23332
BA,JAGUAQUARA,3696,167,3863,4698,1555,10116
BA,JAGUARARI,2097,127,2224,3102,1064,6390
BA,JAGUARIPE,541,23,564,928,259,1751
BA,JANDAIRA,468,35,503,777,220,1500
BA,JEQUIE,13193,627,13820,20565,7380,41765
BA,JEREMOABO,1589,81,1670,2272,765,4707
BA,JIQUIRICA,768,26,794,1143,251,2188
BA,JITAUNA,586,23,609,1172,474,2255
BA,JOAO DOURADO,1220,72,1292,1346,511,3149
BA,JUAZEIRO,17863,1111,18974,26191,10999,56164
BA,JUCURUCU,333,13,346,648,147,1141
BA,JUSSARA,526,22,548,881,250,1679
BA,JUSSARI,396,11,407,653,197,1257
BA,JUSSIAPE,320,19,339,566,147,1052
BA,LAFAIETE COUTINHO,225,6,231,477,92,800
BA,LAGOA REAL,451,20,471,514,122,1107
BA,LAJE,933,38,971,1397,316,2684
BA,LAJEDAO,226,14,240,589,155,984
BA,LAJEDINHO,149,7,156,313,65,534
BA,LAJEDO DO TABOCAL,374,15,389,634,146,1169
BA,LAMARAO,240,9,249,522,105,876
BA,LAPAO,1146,28,1174,1381,527,3082
BA,LAURO DE FREITAS,39243,1721,40964,48189,21401,110554
BA,LENCOIS,1182,41,1223,1460,488,3171
BA,LICINIO DE ALMEIDA,782,61,843,1006,226,2075
BA,LIVRAMENTO DE NOSSA SENHORA,3731,162,3893,3330,749,7972
BA,LUIS EDUARDO MAGALHAES,20437,1208,21645,14918,5667,42230
BA,MACAJUBA,368,21,389,553,178,1120
BA,MACARANI,723,34,757,1384,404,2545
BA,MACAUBAS,2179,79,2258,2253,515,5026
BA,MACURURE,256,12,268,457,136,861
BA,MADRE DE DEUS,1443,59,1502,2766,1150,5418
BA,MAETINGA,416,14,430,522,82,1034
BA,MAIQUINIQUE,485,25,510,932,320,1762
BA,MAIRI,875,28,903,1184,305,2392
BA,MALHADA,503,14,517,893,189,1599
BA,MALHADA DE PEDRAS,487,25,512,574,130,1216
BA,MANOEL VITORINO,650,21,671,995,270,1936
BA,MANSIDAO,344,14,358,552,193,1103
BA,MARACAS,1931,96,2027,2230,688,4945
BA,MARAGOGIPE,1366,63,1429,2947,829,5205
BA,MARAU,2368,101,2469,2177,925,5571
BA,MARCIONILIO SOUZA,414,11,425,711,128,1264
BA,MASCOTE,509,27,536,1309,361,2206
BA,MATA DE SAO JOAO,4960,290,5250,6267,2558,14075
BA,MATINA,312,13,325,406,95,826
BA,MEDEIROS NETO,1481,59,1540,2447,916,4903
BA,MIGUEL CALMON,1657,45,1702,2257,502,4461
BA,MILAGRES,606,30,636,1107,322,2065
BA,MIRANGABA,611,29,640,891,266,1797
BA,MIRANTE,374,11,385,529,147,1061
BA,MONTE SANTO,1574,106,1680,2140,562,4382
BA,MORPARA,255,17,272,560,127,959
BA,MORRO DO CHAPEU,2127,160,2287,2915,931,6133
BA,MORTUGABA,688,33,721,931,145,1797
BA,MUCUGE,977,36,1013,1013,259,2285
BA,MUCURI,3075,291,3366,5583,2001,10950
BA,MULUNGU DO MORRO,449,46,495,586,114,1195
BA,MUNDO NOVO,892,45,937,1298,384,2619
BA,MUNIZ FERREIRA,332,14,346,662,116,1124
BA,MUQUEM DE SAO FRANCISCO,369,29,398,610,223,1231
BA,MURITIBA,1754,58,1812,2533,780,5125
BA,MUTUIPE,1147,53,1200,1806,417,3423
BA,NAZARE,1913,82,1995,3201,842,6038
BA,NILO PECANHA,413,21,434,882,262,1578
BA,NORDESTINA,454,34,488,679,161,1328
BA,NOVA CANAA,547,17,564,1209,305,2078
BA,NOVA FATIMA,591,32,623,758,180,1561
BA,NOVA IBIA,257,7,264,571,143,978
BA,NOVA ITARANA,309,13,322,548,107,977
BA,NOVA REDENCAO,266,15,281,514,131,926
BA,NOVA SOURE,952,45,997,1626,541,3164
BA,NOVA VICOSA,3036,174,3210,4582,1857,9649
BA,NOVO HORIZONTE,450,31,481,403,133,1017
BA,NOVO TRIUNFO,306,9,315,441,135,891
BA,OLINDINA,831,51,882,1506,424,2812
BA,OLIVEIRA DOS BREJINHOS,1212,72,1284,1182,346,2812
BA,OURICANGAS,285,13,298,649,175,1122
BA,OUROLANDIA,1149,78,1227,1399,505,3131
BA,PALMAS DE MONTE ALTO,997,40,1037,1336,250,2623
BA,PALMEIRAS,1056,18,1074,998,261,2333
BA,PARAMIRIM,1922,100,2022,1590,508,4120
BA,PARATINGA,895,66,961,1355,382,2698
BA,PARIPIRANGA,937,93,1030,1889,647,3566
BA,PAU BRASIL,478,31,509,998,251,1758
BA,PAULO AFONSO,8091,476,8567,11942,4559,25068
BA,PE DE SERRA,865,19,884,913,222,2019
BA,PEDRAO,319,12,331,697,113,1141
BA,PEDRO ALEXANDRE,251,10,261,602,161,1024
BA,PIATA,939,42,981,972,251,2204
BA,PILAO ARCADO,815,41,856,1448,688,2992
BA,PINDAI,589,52,641,590,160,1391
BA,PINDOBACU,904,44,948,1407,518,2873
BA,PINTADAS,638,21,659,665,120,1444
BA,PIRAI DO NORTE,343,12,355,532,161,1048
BA,PIRIPA,505,21,526,1699,157,2382
BA,PIRITIBA,875,30,905,1433,374,2712
BA,PLANALTINO,313,19,332,561,135,1028
BA,PLANALTO,1334,58,1392,1799,516,3707
BA,POCOES,3138,122,3260,5665,1494,10419
BA,POJUCA,2778,181,2959,4227,1567,8753
BA,PONTO NOVO,804,39,843,1185,316,2344
BA,PORTO SEGURO,24375,1041,25416,25704,11312,62432
BA,POTIRAGUA,505,25,530,946,315,1791
BA,PRADO,2847,98,2945,3504,1388,7837
BA,PRESIDENTE DUTRA,514,14,528,825,191,1544
BA,PRESIDENTE JANIO QUADROS,514,24,538,897,140,1575
BA,PRESIDENTE TANCREDO NEVES,1428,62,1490,1661,646,3797
BA,QUEIMADAS,1113,63,1176,1658,509,3343
BA,QUIJINGUE,839,38,877,887,291,2055
BA,QUIXABEIRA,431,12,443,499,115,1057
BA,RAFAEL JAMBEIRO,640,45,685,943,229,1857
BA,REMANSO,2284,91,2375,3458,1399,7232
BA,RETIROLANDIA,863,21,884,955,254,2093
BA,RIACHAO DAS NEVES,733,65,798,1355,425,2578
BA,RIACHAO DO JACUIPE,2645,115,2760,3597,903,7260
BA,RIACHO DE SANTANA,1111,52,1163,1588,437,3188
BA,RIBEIRA DO AMPARO,343,15,358,613,157,1128
BA,RIBEIRA DO POMBAL,3528,205,3733,4837,1566,10136
BA,RIBEIRAO DO LARGO,317,15,332,591,144,1067
BA,RIO DE CONTAS,942,17,959,1039,221,2219
BA,RIO DO ANTONIO,587,33,620,777,160,1557
BA,RIO DO PIRES,567,15,582,581,133,1296
BA,RIO REAL,1850,112,1962,2557,832,5351
BA,RODELAS,386,22,408,632,210,1250
BA,RUY BARBOSA,1467,83,1550,2095,836,4481
BA,SALINAS DA MARGARIDA,652,34,686,1652,334,2672
BA,SALVADOR,321904,11405,333309,498361,192644,1024314
BA,SANTA BARBARA,880,45,925,1482,483,2890
BA,SANTA BRIGIDA,457,22,479,687,249,1415
BA,SANTA CRUZ CABRALIA,3138,119,3257,4450,1754,9461
BA,SANTA CRUZ DA VITORIA,285,9,294,523,151,968
BA,SANTA INES,567,22,589,1083,309,1981
BA,SANTALUZ,2136,121,2257,2697,788,5742
BA,SANTA LUZIA,462,16,478,1060,332,1870
BA,SANTA MARIA DA VITORIA,2381,153,2534,3996,1163,7693
BA,SANTANA,1137,75,1212,1909,413,3534
BA,SANTANOPOLIS,331,11,342,562,167,1071
BA,SANTA RITA DE CASSIA,1132,58,1190,1867,495,3552
BA,SANTA TERESINHA,488,16,504,844,158,1506
BA,SANTO AMARO,3039,147,3186,5855,2316,11357
BA,SANTO ANTONIO DE JESUS,12498,426,12924,15339,4543,32806
BA,SANTO ESTEVAO,3147,153,3300,3863,1274,8437
BA,SAO DESIDERIO,2169,185,2354,2043,852,5249
BA,SAO DOMINGOS,622,33,655,638,201,1494
BA,SAO FELIPE,1893,33,1926,1814,566,4306
BA,SAO FELIX,501,18,519,1192,333,2044
BA,SAO FELIX DO CORIBE,1104,53,1157,1451,485,3093
BA,SAO FRANCISCO DO CONDE,1559,156,1715,3527,1524,6766
BA,SAO GABRIEL,766,28,794,1061,250,2105
BA,SAO GONCALO DOS CAMPOS,2822,127,2949,3232,1324,7505
BA,SAO JOSE DA VITORIA,271,7,278,592,148,1018
BA,SAO JOSE DO JACUIPE,457,21,478,654,142,1274
BA,SAO MIGUEL DAS MATAS,451,15,466,807,183,1456
BA,SAO SEBASTIAO DO PASSE,2356,136,2492,4328,1445,8265
BA,SAPEACU,1148,45,1193,1461,476,3130
BA,SATIRO DIAS,658,27,685,878,306,1869
BA,SAUBARA,705,33,738,1505,518,2761
BA,SAUDE,592,25,617,1040,352,2009
BA,SEABRA,3358,137,3495,3760,865,8120
BA,SEBASTIAO LARANJEIRAS,344,25,369,601,141,1111
BA,SENHOR DO BONFIM,6206,281,6487,9458,3531,19476
BA,SENTO SE,982,133,1115,1585,576,3276
BA,SERRA DO RAMALHO,1300,67,1367,2014,472,3853
BA,SERRA DOURADA,670,40,710,1102,256,2068
BA,SERRA PRETA,677,19,696,1072,256,2024
BA,SERRINHA,6168,263,6431,8493,2874,17798
BA,SERROLANDIA,887,34,921,1155,316,2392
BA,SIMOES FILHO,12617,984,13601,18971,8541,41113
BA,SITIO DO MATO,285,20,305,768,166,1239
BA,SITIO DO QUINTO,450,31,481,612,230,1323
BA,SOBRADINHO,1418,46,1464,2273,810,4547
BA,SOUTO SOARES,628,24,652,756,182,1590
BA,TABOCAS DO BREJO VELHO,492,36,528,737,144,1409
BA,TANHACU,1249,57,1306,1644,353,3303
BA,TANQUE NOVO,1092,53,1145,903,147,2195
BA,TANQUINHO,482,15,497,866,282,1645
BA,TAPEROA,888,30,918,1444,413,2775
BA,TAPIRAMUTA,549,26,575,975,237,1787
BA,TEIXEIRA DE FREITAS,17286,673,17959,22384,9061,49404
BA,TEODORO SAMPAIO,482,18,500,959,274,1733
BA,TEOFILANDIA,797,32,829,1371,363,2563
BA,TEOLANDIA,642,20,662,880,273,1815
BA,TERRA NOVA,663,22,685,1286,382,2353
BA,TREMEDAL,590,38,628,1120,230,1978
BA,TUCANO,2324,126,2450,3123,1186,6759
BA,UAUA,1312,78,1390,1920,637,3947
BA,UBAIRA,988,42,1030,1540,391,2961
BA,UBAITABA,1405,81,1486,3109,979,5574
BA,UBATA,1033,48,1081,2322,846,4249
BA,UIBAI,567,25,592,873,210,1675
BA,UMBURANAS,637,49,686,809,245,1740
BA,UNA,1315,68,1383,2823,886,5092
BA,URANDI,953,54,1007,1085,278,2370
BA,URUCUCA,2074,73,2147,2827,1007,5981
BA,UTINGA,1019,50,1069,1511,418,2998
BA,VALENCA,6801,357,7158,9571,3581,20310
BA,VALENTE,2083,97,2180,1990,621,4791
BA,VARZEA DA ROCA,613,22,635,810,191,1636
BA,VARZEA DO POCO,469,19,488,820,155,1463
BA,VARZEA NOVA,699,54,753,974,265,1992
BA,VARZEDO,466,12,478,640,163,1281
BA,VERA CRUZ,3002,126,3128,5117,2233,10478
BA,VEREDA,286,13,299,519,137,955
BA,VITORIA DA CONQUISTA,47735,2023,49758,58392,18495,126645
BA,WAGNER,523,15,538,754,142,1434
BA,WANDERLEY,506,23,529,730,185,1444
BA,WENCESLAU GUIMARAES,863,32,895,1635,517,3047
BA,XIQUE-XIQUE,2210,110,2320,3205,1083,6608
CE,ABAIARA,314,18,332,487,248,1067
CE,ACARAPE,714,39,753,1475,503,2731
CE,ACARAU,2847,216,3063,4154,1307,8524
CE,ACOPIARA,1910,107,2017,2998,835,5850
CE,AIUABA,480,24,504,870,240,1614
CE,ALCANTARAS,622,18,640,703,182,1525
CE,ALTANEIRA,256,22,278,535,130,943
CE,ALTO SANTO,659,35,694,1106,386,2186
CE,AMONTADA,1858,88,1946,2000,826,4772
CE,ANTONINA DO NORTE,295,21,316,651,132,1099
CE,APUIARES,643,20,663,897,322,1882
CE,AQUIRAZ,7452,519,7971,7358,3763,19092
CE,ARACATI,6165,377,6542,7858,3076,17476
CE,ARACOIABA,1134,74,1208,2101,584,3893
CE,ARARENDA,420,33,453,640,184,1277
CE,ARARIPE,655,37,692,1215,354,2261
CE,ARATUBA,423,26,449,836,219,1504
CE,ARNEIROZ,349,13,362,513,122,997
CE,ASSARE,884,48,932,1650,351,2933
CE,AURORA,904,53,957,1374,491,2822
CE,BAIXIO,209,12,221,602,105,928
CE,BANABUIU,776,48,824,1189,324,2337
CE,BARBALHA,4006,285,4291,5170,1825,11286
CE,BARREIRA,1389,45,1434,1879,673,3986
CE,BARRO,794,49,843,1383,450,2676
CE,BARROQUINHA,670,27,697,763,294,1754
CE,BATURITE,2828,117,2945,3635,1466,8046
CE,BEBERIBE,3255,177,3432,3733,1388,8553
CE,BELA CRUZ,1501,48,1549,1959,639,4147
CE,BOA VIAGEM,2223,113,2336,3886,873,7095
CE,BREJO SANTO,2331,169,2500,3107,1139,6746
CE,CAMOCIM,4001,189,4190,5853,1836,11879
CE,CAMPOS SALES,1318,74,1392,2464,724,4580
CE,CANINDE,3864,214,4078,6535,1969,12582
CE,CAPISTRANO,846,23,869,1442,305,2616
CE,CARIDADE,626,31,657,1048,371,2076
CE,CARIRE,693,28,721,1030,219,1970
CE,CARIRIACU,951,35,986,1380,335,2701
CE,CARIUS,618,32,650,1121,210,1981
CE,CARNAUBAL,842,37,879,1061,341,2281
CE,CASCAVEL,4485,231,4716,6220,2568,13504
CE,CATARINA,380,19,399,746,224,1369
CE,CATUNDA,364,27,391,595,190,1176
CE,CAUCAIA,27200,1405,28605,34615,14721,77941
CE,CEDRO,855,48,903,1528,431,2862
CE,CHAVAL,545,22,567,898,195,1660
CE,CHORO,322,21,343,722,174,1239
CE,CHOROZINHO,1056,35,1091,1454,528,3073
CE,COREAU,917,48,965,1277,270,2512
CE,CRATEUS,4848,272,5120,7804,2126,15050
CE,CRATO,9002,506,9508,13794,4481,27783
CE,CROATA,823,40,863,915,273,2051
CE,CRUZ,3005,151,3156,2538,633,6327
CE,DEPUTADO IRAPUAN PINHEIRO,324,21,345,483,116,944
CE,ERERE,235,9,244,419,123,786
CE,EUSEBIO,14205,853,15058,10043,4730,29831
CE,FARIAS BRITO,651,27,678,1117,292,2087
CE,FORQUILHA,1161,43,1204,1733,521,3458
CE,FORTALEZA,331249,14204,345453,444256,167526,957235
CE,FORTIM,1376,73,1449,1255,433,3137
CE,FRECHEIRINHA,859,52,911,1044,349,2304
CE,GENERAL SAMPAIO,373,13,386,696,322,1404
CE,GRACA,603,31,634,659,144,1437
CE,GRANJA,1834,123,1957,2439,666,5062
CE,GRANJEIRO,177,9,186,319,74,579
CE,GROAIRAS,828,25,853,1076,287,2216
CE,GUAIUBA,983,55,1038,1698,529,3265
CE,GUARACIABA DO NORTE,2315,122,2437,2701,866,6004
CE,GUARAMIRANGA,571,34,605,868,208,1681
CE,HIDROLANDIA,979,28,1007,1576,411,2994
CE,HORIZONTE,5835,475,6310,7786,2542,16638
CE,IBARETAMA,392,26,418,768,193,1379
CE,IBIAPINA,1357,70,1427,1763,492,3682
CE,IBICUITINGA,502,15,517,894,214,1625
CE,ICAPUI,1364,92,1456,1967,693,4116
CE,ICO,2629,137,2766,4602,1118,8486
CE,IGUATU,6803,418,7221,12162,3647,23030
CE,INDEPENDENCIA,994,51,1045,1740,519,3304
CE,IPAPORANGA,354,11,365,582,143,1090
CE,IPAUMIRIM,468,40,508,993,258,1759
CE,IPU,2232,80,2312,3456,1008,6776
CE,IPUEIRAS,1576,49,1625,2335,702,4662
CE,IRACEMA,767,51,818,1329,340,2487
CE,IRAUCUBA,1025,45,1070,1705,490,3265
CE,ITAICABA,487,25,512,802,189,1503
CE,ITAITINGA,5754,578,6332,5203,1768,13303
CE,ITAPAJE,2376,95,2471,4317,1170,7958
CE,ITAPIPOCA,6960,315,7275,8824,3834,19933
CE,ITAPIUNA,678,31,709,1363,303,2375
CE,ITAREMA,1864,119,1983,2433,728,5144
CE,ITATIRA,770,39,809,1282,390,2481
CE,JAGUARETAMA,798,51,849,1152,290,2291
CE,JAGUARIBARA,599,34,633,968,214,1815
CE,JAGUARIBE,2085,128,2213,3949,1073,7235
CE,JAGUARUANA,1767,109,1876,2471,676,5023
CE,JARDIM,897,36,933,1064,280,2277
CE,JATI,325,19,344,571,138,1053
CE,JIJOCA DE JERICOACOARA,3325,191,3516,3440,1052,8008
CE,JUAZEIRO DO NORTE,25793,1418,27211,35872,11369,74452
CE,JUCAS,865,52,917,1541,379,2837
CE,LAVRAS DA MANGABEIRA,927,65,992,1850,507,3349
CE,LIMOEIRO DO NORTE,4825,298,5123,7135,1852,14110
CE,MADALENA,762,35,797,932,480,2209
CE,MARACANAU,20089,1309,21398,28201,11869,61468
CE,MARANGUAPE,6036,335,6371,11199,3668,21238
CE,MARCO,1453,81,1534,1805,647,3986
CE,MARTINOPOLE,478,27,505,861,208,1574
CE,MASSAPE,1609,97,1706,2248,863,4817
CE,MAURITI,1651,122,1773,2271,826,4870
CE,MERUOCA,898,21,919,1128,341,2388
CE,MILAGRES,1040,62,1102,1661,467,3230
CE,MILHA,677,33,710,872,217,1799
CE,MIRAIMA,355,13,368,532,189,1089
CE,MISSAO VELHA,1110,82,1192,1688,549,3429
CE,MOMBACA,1513,91,1604,2732,657,4993
CE,MONSENHOR TABOSA,721,35,756,1050,324,2130
CE,MORADA NOVA,3064,195,3259,5020,1433,9712
CE,MORAUJO,346,11,357,525,119,1001
CE,MORRINHOS,1206,42,1248,1538,442,3228
CE,MUCAMBO,671,43,714,955,178,1847
CE,MULUNGU,488,20,508,893,228,1629
CE,NOVA OLINDA,925,58,983,1097,304,2384
CE,NOVA RUSSAS,2097,82,2179,3305,930,6414
CE,NOVO ORIENTE,1110,48,1158,1455,484,3097
CE,OCARA,1173,52,1225,1728,424,3377
CE,OROS,833,40,873,1825,333,3031
CE,PACAJUS,4918,256,5174,7323,2574,15071
CE,PACATUBA,5297,227,5524,7270,2694,15488
CE,PACOTI,574,25,599,1080,299,1978
CE,PACUJA,485,14,499,591,89,1179
CE,PALHANO,479,23,502,836,192,1530
CE,PALMACIA,410,25,435,882,194,1511
CE,PARACURU,2762,137,2899,3822,1501,8222
CE,PARAIPABA,1850,94,1944,2632,959,5535
CE,PARAMBU,1169,53,1222,1698,297,3217
CE,PARAMOTI,459,12,471,923,237,1631
CE,PEDRA BRANCA,1692,84,1776,2434,640,4850
CE,PENAFORTE,403,25,428,724,192,1344
CE,PENTECOSTE,1683,73,1756,2793,850,5399
CE,PEREIRO,569,37,606,891,149,1646
CE,PINDORETAMA,1496,58,1554,2160,968,4682
CE,PIQUET CARNEIRO,657,29,686,977,199,1862
CE,PIRES FERREIRA,376,12,388,497,129,1014
CE,PORANGA,414,21,435,790,189,1414
CE,PORTEIRAS,512,40,552,733,239,1524
CE,POTENGI,346,21,367,761,193,1321
CE,POTIRETAMA,256,17,273,491,109,873
CE,QUITERIANOPOLIS,753,36,789,929,193,1911
CE,QUIXADA,4945,299,5244,8481,2646,16371
CE,QUIXELO,486,37,523,892,235,1650
CE,QUIXERAMOBIM,4016,211,4227,6854,1829,12910
CE,QUIXERE,1292,94,1386,1797,361,3544
CE,REDENCAO,1303,88,1391,2353,700,4444
CE,RERIUTABA,1042,27,1069,1120,316,2505
CE,RUSSAS,5670,303,5973,7306,1915,15194
CE,SABOEIRO,407,16,423,930,224,1577
CE,SALITRE,446,25,471,821,261,1553
CE,SANTANA DO ACARAU,1002,41,1043,1505,516,3064
CE,SANTANA DO CARIRI,465,35,500,934,185,1619
CE,SANTA QUITERIA,2307,131,2438,3007,1247,6692
CE,SAO BENEDITO,2921,163,3084,3481,1159,7724
CE,SAO GONCALO DO AMARANTE,3698,328,4026,5216,2104,11346
CE,SAO JOAO DO JAGUARIBE,220,15,235,567,168,970
CE,SAO LUIS DO CURU,522,28,550,1258,254,2062
CE,SENADOR POMPEU,1097,71,1168,2259,628,4055
CE,SENADOR SA,371,14,385,594,116,1095
CE,SOBRAL,17101,879,17980,23606,9309,50895
CE,SOLONOPOLE,800,64,864,1642,329,2835
CE,TABULEIRO DO NORTE,2074,100,2174,2974,663,5811
CE,TAMBORIL,900,46,946,1493,421,2860
CE,TARRAFAS,263,19,282,451,92,825
CE,TAUA,3721,177,3898,5350,1535,10783
CE,TEJUCUOCA,622,25,647,1020,250,1917
CE,TIANGUA,6570,338,6908,7671,2373,16952
CE,TRAIRI,2837,157,2994,3482,1194,7670
CE,TURURU,563,25,588,971,285,1844
CE,UBAJARA,2067,101,2168,2563,814,5545
CE,UMARI,217,11,228,554,98,880
CE,UMIRIM,535,36,571,1025,299,1895
CE,URUBURETAMA,868,37,905,1457,513,2875
CE,URUOCA,551,29,580,823,218,1621
CE,VARJOTA,1320,66,1386,1574,524,3484
CE,VARZEA ALEGRE,2066,96,2162,2492,708,5362
CE,VICOSA DO CEARA,2682,114,2796,2990,1054,6840
DF,BRASILIA,461522,18886,480408,592068,212512,1284988
ES,AFONSO CLAUDIO,2806,96,2902,4172,862,7936
ES,AGUA DOCE DO NORTE,1124,59,1183,1557,426,3166
ES,AGUIA BRANCA,917,44,961,1155,273,2389
ES,ALEGRE,3309,147,3456,5576,1238,10270
ES,ALFREDO CHAVES,2417,117,2534,2575,625,5734
ES,ALTO RIO NOVO,759,22,781,1097,271,2149
ES,ANCHIETA,4492,218,4710,5235,1629,11574
ES,APIACA,692,47,739,1335,325,2399
ES,ARACRUZ,12784,587,13371,15070,4182,32623
ES,ATILIO VIVACQUA,1377,65,1442,2106,524,4072
ES,BAIXO GUANDU,3836,200,4036,5223,1375,10634
ES,BARRA DE SAO FRANCISCO,4881,260,5141,7201,2041,14383
ES,BOA ESPERANCA,1362,45,1407,2310,499,4216
ES,BOM JESUS DO NORTE,1333,163,1496,2286,613,4395
ES,BREJETUBA,1106,48,1154,1337,323,2814
ES,CACHOEIRO DE ITAPEMIRIM,28935,1239,30174,34274,9772,74220
ES,CARIACICA,51140,2239,53379,61081,20280,134740
ES,CASTELO,5195,192,5387,5841,1191,12419
ES,COLATINA,19284,724,20008,24874,6481,51363
ES,CONCEICAO DA BARRA,2783,92,2875,5066,1270,9211
ES,CONCEICAO DO CASTELO,1474,49,1523,2078,487,4088
ES,DIVINO DE SAO LOURENCO,619,21,640,999,185,1824
ES,DOMINGOS MARTINS,5090,153,5243,5094,1206,11543
ES,DORES DO RIO PRETO,870,45,915,1311,316,2542
ES,ECOPORANGA,2077,138,2215,3510,866,6591
ES,FUNDAO,2556,96,2652,3976,1546,8174
ES,GOVERNADOR LINDENBERG,854,42,896,1258,168,2322
ES,GUACUI,4054,153,4207,5542,1347,11096
ES,GUARAPARI,23799,746,24545,26903,8678,60126
ES,IBATIBA,3142,120,3262,3624,998,7884
ES,IBIRACU,1590,60,1650,2796,679,5125
ES,IBITIRAMA,769,28,797,1182,249,2228
ES,ICONHA,1996,79,2075,2377,492,4944
ES,IRUPI,1227,53,1280,1684,409,3373
ES,ITAGUACU,1146,55,1201,1962,454,3617
ES,ITAPEMIRIM,4436,163,4599,7048,2168,13815
ES,ITARANA,966,49,1015,1489,261,2765
ES,IUNA,2999,128,3127,4985,1298,9410
ES,JAGUARE,2880,111,2991,3345,887,7223
ES,JERONIMO MONTEIRO,1337,42,1379,2112,580,4071
ES,JOAO NEIVA,1913,76,1989,2945,639,5573
ES,LARANJA DA TERRA,842,39,881,1233,228,2342
ES,LINHARES,24801,1151,25952,27616,7587,61155
ES,MANTENOPOLIS,1199,39,1238,1910,512,3660
ES,MARATAIZES,5615,225,5840,6956,2338,15134
ES,MARECHAL FLORIANO,2656,78,2734,2512,592,5838
ES,MARILANDIA,1689,45,1734,1794,350,3878
ES,MIMOSO DO SUL,2733,109,2842,3904,1023,7769
ES,MONTANHA,2091,137,2228,3187,798,6213
ES,MUCURICI,510,46,556,1142,305,2003
ES,MUNIZ FREIRE,1683,98,1781,2709,528,5018
ES,MUQUI,1518,45,1563,2398,520,4481
ES,NOVA VENECIA,5981,286,6267,8297,1913,16477
ES,PANCAS,1710,56,1766,2774,590,5130
ES,PEDRO CANARIO,2229,138,2367,3341,1050,6758
ES,PINHEIROS,2405,148,2553,3877,939,7369
ES,PIUMA,3809,132,3941,5826,1681,11448
ES,PONTO BELO,677,54,731,970,250,1951
ES,PRESIDENTE KENNEDY,1264,89,1353,1891,607,3851
ES,RIO BANANAL,1743,74,1817,2173,410,4400
ES,RIO NOVO DO SUL,1239,57,1296,1822,429,3547
ES,SANTA LEOPOLDINA,967,28,995,1501,333,2829
ES,SANTA MARIA DE JETIBA,4804,189,4993,3862,937,9792
ES,SANTA TERESA,3132,137,3269,3944,864,8077
ES,SAO DOMINGOS DO NORTE,887,37,924,1406,260,2590
ES,SAO GABRIEL DA PALHA,4631,131,4762,6483,1482,12727
ES,SAO JOSE DO CALCADO,1186,82,1268,1890,432,3590
ES,SAO MATEUS,14910,661,15571,19284,6130,40985
ES,SAO ROQUE DO CANAA,1153,29,1182,1501,233,2916
ES,SERRA,84288,4777,89065,97524,31117,217706
ES,SOORETAMA,2698,107,2805,3032,880,6717
ES,VARGEM ALTA,2457,91,2548,2909,743,6200
ES,VENDA NOVA DO IMIGRANTE,3897,122,4019,4214,825,9058
ES,VIANA,10713,728,11441,11501,3655,26597
ES,VILA PAVAO,821,46,867,1295,315,2477
ES,VILA VALERIO,1313,47,1360,1423,289,3072
ES,VILA VELHA,90895,3300,94195,109177,35632,239004
ES,VITORIA,76595,4671,81266,97331,26275,204872
GO,ABADIA DE GOIAS,2541,64,2605,2303,828,5736
GO,ABADIANIA,1780,93,1873,2271,627,4771
GO,ACREUNA,2642,129,2771,4015,1185,7971
GO,ADELANDIA,224,10,234,589,99,922
GO,AGUA FRIA DE GOIAS,487,38,525,639,170,1334
GO,AGUA LIMPA,178,17,195,425,82,702
GO,AGUAS LINDAS DE GOIAS,19948,1757,21705,22244,9417,53366
GO,ALEXANIA,3297,240,3537,4659,1452,9648
GO,ALOANDIA,223,12,235,420,70,725
GO,ALTO HORIZONTE,808,58,866,1259,368,2493
GO,ALTO PARAISO DE GOIAS,2399,64,2463,2820,821,6104
GO,ALVORADA DO NORTE,916,48,964,1504,313,2781
GO,AMARALINA,208,23,231,450,62,743
GO,AMERICANO DO BRASIL,587,27,614,1075,189,1878
GO,AMORINOPOLIS,231,14,245,630,106,981
GO,ANAPOLIS,62051,2059,64110,71072,22101,157283
GO,ANHANGUERA,131,7,138,348,60,546
GO,ANICUNS,2352,88,2440,3529,849,6818
GO,APARECIDA DE GOIANIA,83474,2349,85823,80480,27895,194198
GO,APARECIDA DO RIO DOCE,371,14,385,631,125,1141
GO,APORE,453,114,567,912,239,1718
GO,ARACU,488,19,507,886,200,1593
GO,ARAGARCAS,2095,116,2211,3322,975,6508
GO,ARAGOIANIA,1359,34,1393,1768,556,3717
GO,ARAGUAPAZ,665,49,714,1479,297,2490
GO,ARENOPOLIS,248,20,268,592,123,983
GO,ARUANA,1041,75,1116,1691,444,3251
GO,AURILANDIA,318,15,333,757,137,1227
GO,AVELINOPOLIS,330,15,345,603,108,1056
GO,BALIZA,244,18,262,529,105,896
GO,BARRO ALTO,1150,97,1247,1585,473,3305
GO,BELA VISTA DE GOIAS,3772,167,3939,4556,1186,9681
GO,BOM JARDIM DE GOIAS,782,50,832,1398,433,2663
GO,BOM JESUS,2248,140,2388,3346,893,6627
GO,BONFINOPOLIS,1120,35,1155,1428,451,3034
GO,BONOPOLIS,386,28,414,599,145,1158
GO,BRAZABRANTES,468,19,487,858,266,1611
GO,BRITANIA,810,57,867,1335,308,2510
GO,BURITI ALEGRE,1139,69,1208,1517,394,3119
GO,BURITI DE GOIAS,338,5,343,621,110,1074
GO,BURITINOPOLIS,208,4,212,403,63,678
GO,CABECEIRAS,630,45,675,1023,291,1989
GO,CACHOEIRA ALTA,977,99,1076,1656,420,3152
GO,CACHOEIRA DE GOIAS,153,10,163,407,57,627
GO,CACHOEIRA DOURADA,705,88,793,1425,461,2679
GO,CACU,1749,121,1870,2493,646,5009
GO,CAIAPONIA,1461,117,1578,2560,646,4784
GO,CALDAS NOVAS,16469,510,16979,20273,7429,44681
GO,CALDAZINHA,401,10,411,691,141,1243
GO,CAMPESTRE DE GOIAS,335,22,357,724,157,1238
GO,CAMPINACU,300,20,320,501,97,918
GO,CAMPINORTE,1495,51,1546,2263,532,4341
GO,CAMPO ALEGRE DE GOIAS,838,71,909,1237,392,2538
GO,CAMPO LIMPO DE GOIAS,812,25,837,979,273,2089
GO,CAMPOS BELOS,2545,81,2626,3492,1099,7217
GO,CAMPOS VERDES,451,19,470,1036,251,1757
GO,CARMO DO RIO VERDE,823,25,848,1474,326,2648
GO,CASTELANDIA,249,26,275,498,150,923
GO,CATALAO,15667,822,16489,19567,5896,41952
GO,CATURAI,574,15,589,923,188,1700
GO,CAVALCANTE,913,24,937,1409,471,2817
GO,CERES,3633,137,3770,5161,1188,10119
GO,CEZARINA,933,58,991,1357,411,2759
GO,CHAPADAO DO CEU,1865,199,2064,2290,617,4971
GO,CIDADE OCIDENTAL,8194,897,9091,10121,3863,23075
GO,COCALZINHO DE GOIAS,1601,94,1695,2121,625,4441
GO,COLINAS DO SUL,374,19,393,617,125,1135
GO,CORREGO DO OURO,248,5,253,483,94,830
GO,CORUMBA DE GOIAS,942,41,983,1585,279,2847
GO,CORUMBAIBA,935,61,996,1336,399,2731
GO,CRISTALINA,6296,461,6757,7509,2562,16828
GO,CRISTIANOPOLIS,394,21,415,1124,289,1828
GO,CRIXAS,1764,97,1861,2935,743,5539
GO,CROMINIA,483,17,500,829,178,1507
GO,CUMARI,307,9,316,545,101,962
GO,DAMIANOPOLIS,320,11,331,419,82,832
GO,DAMOLANDIA,460,16,476,606,184,1266
GO,DAVINOPOLIS,212,11,223,401,93,717
GO,DIORAMA,199,12,211,421,57,689
GO,DIVINOPOLIS DE GOIAS,379,16,395,799,155,1349
GO,DOVERLANDIA,653,48,701,1269,293,2263
GO,EDEALINA,402,32,434,831,200,1465
GO,EDEIA,1278,98,1376,2161,517,4054
GO,ESTRELA DO NORTE,406,14,420,754,156,1330
GO,FAINA,678,38,716,921,232,1869
GO,FAZENDA NOVA,667,24,691,1169,189,2049
GO,FIRMINOPOLIS,1558,38,1596,2149,408,4153
GO,FLORES DE GOIAS,602,34,636,1101,285,2022
GO,FORMOSA,13153,642,13795,17067,6298,37160
GO,FORMOSO,563,27,590,1289,228,2107
GO,GAMELEIRA DE GOIAS,359,10,369,646,85,1100
GO,GOIANAPOLIS,1421,52,1473,1998,594,4065
GO,GOIANDIRA,537,30,567,997,247,1811
GO,GOIANESIA,9409,355,9764,10358,2557,22679
GO,GOIANIA,315108,10893,326001,357471,120940,804412
GO,GOIANIRA,8371,227,8598,8341,3154,20093
GO,GOIAS,2303,109,2412,4438,1058,7908
GO,GOIATUBA,4450,256,4706,6452,1677,12835
GO,GOUVELANDIA,358,38,396,640,234,1270
GO,GUAPO,1997,66,2063,2494,780,5337
GO,GUARAITA,226,3,229,426,83,738
GO,GUARANI DE GOIAS,290,15,305,497,70,872
GO,GUARINOS,230,6,236,346,50,632
GO,HEITORAI,291,18,309,666,103,1078
GO,HIDROLANDIA,3459,189,3648,3891,1213,8752
GO,HIDROLINA,386,18,404,707,118,1229
GO,IACIARA,1021,61,1082,1777,439,3298
GO,INACIOLANDIA,528,45,573,923,177,1673
GO,INDIARA,1670,79,1749,2232,637,4618
GO,INHUMAS,7891,225,8116,9555,2550,20221
GO,IPAMERI,2982,177,3159,4554,1213,8926
GO,IPIRANGA DE GOIAS,289,9,298,439,56,793
GO,IPORA,4526,144,4670,6989,1865,13524
GO,ISRAELANDIA,273,21,294,581,125,1000
GO,ITABERAI,5744,199,5943,5952,1787,13682
GO,ITAGUARI,744,17,761,856,260,1877
GO,ITAGUARU,582,13,595,1040,214,1849
GO,ITAJA,626,54,680,1290,258,2228
GO,ITAPACI,2327,70,2397,3158,743,6298
GO,ITAPIRAPUA,744,44,788,1338,314,2440
GO,ITAPURANGA,3030,89,3119,4404,889,8412
GO,ITARUMA,663,68,731,994,260,1985
GO,ITAUCU,1314,37,1351,1563,300,3214
GO,ITUMBIARA,14609,947,15556,20778,6727,43061
GO,IVOLANDIA,264,20,284,542,97,923
GO,JANDAIA,677,39,716,1205,285,2206
GO,JARAGUA,5949,253,6202,6508,1957,14667
GO,JATAI,16420,715,17135,18155,5591,40881
GO,JAUPACI,317,14,331,659,154,1144
GO,JESUPOLIS,174,6,180,419,80,679
GO,JOVIANIA,785,46,831,1248,336,2415
GO,JUSSARA,3048,157,3205,4118,1034,8357
GO,LAGOA SANTA,231,17,248,370,79,697
GO,LEOPOLDO DE BULHOES,729,34,763,1120,254,2137
GO,LUZIANIA,21172,1634,22806,30171,10346,63323
GO,MAIRIPOTABA,265,18,283,523,88,894
GO,MAMBAI,836,37,873,997,271,2141
GO,MARA ROSA,1475,85,1560,2674,665,4899
GO,MARZAGAO,273,17,290,567,141,998
GO,MATRINCHA,540,24,564,757,171,1492
GO,MAURILANDIA,732,109,841,1474,462,2777
GO,MIMOSO DE GOIAS,129,18,147,513,53,713
GO,MINACU,2416,100,2516,4994,1141,8651
GO,MINEIROS,9563,436,9999,10614,3553,24166
GO,MOIPORA,221,16,237,447,97,781
GO,MONTE ALEGRE DE GOIAS,375,15,390,805,227,1422
GO,MONTES CLAROS DE GOIAS,1102,65,1167,1803,415,3385
GO,MONTIVIDIU,1451,103,1554,1836,583,3973
GO,MONTIVIDIU DO NORTE,298,16,314,589,106,1009
GO,MORRINHOS,5926,223,6149,8147,2010,16306
GO,MORRO AGUDO DE GOIAS,198,6,204,403,44,651
GO,MOSSAMEDES,525,15,540,917,184,1641
GO,MOZARLANDIA,1595,78,1673,2532,707,4912
GO,MUNDO NOVO,513,31,544,1036,233,1813
GO,MUTUNOPOLIS,306,22,328,674,108,1110
GO,NAZARIO,917,46,963,1519,419,2901
GO,NEROPOLIS,4167,142,4309,8210,2926,15445
GO,NIQUELANDIA,3032,198,3230,4969,1468,9667
GO,NOVA AMERICA,221,8,229,497,63,789
GO,NOVA AURORA,212,10,222,404,63,689
GO,NOVA CRIXAS,1471,197,1668,1840,519,4027
GO,NOVA GLORIA,657,24,681,1015,202,1898
GO,NOVA IGUACU DE GOIAS,278,11,289,538,91,918
GO,NOVA ROMA,225,27,252,466,78,796
GO,NOVA VENEZA,1545,37,1582,1895,571,4048
GO,NOVO BRASIL,387,12,399,799,131,1329
GO,NOVO GAMA,7818,264,8082,10096,4198,22376
GO,NOVO PLANALTO,412,43,455,667,147,1269
GO,ORIZONA,1740,109,1849,2165,470,4484
GO,OURO VERDE DE GOIAS,364,9,373,682,140,1195
GO,OUVIDOR,840,48,888,1221,277,2386
GO,PADRE BERNARDO,2341,160,2501,3771,1271,7543
GO,PALESTINA DE GOIAS,255,10,265,541,94,900
GO,PALMEIRAS DE GOIAS,3796,158,3954,4647,1239,9840
GO,PALMELO,342,9,351,774,105,1230
GO,PALMINOPOLIS,358,32,390,641,142,1173
GO,PANAMA,307,46,353,572,127,1052
GO,PARANAIGUARA,743,84,827,1574,294,2695
GO,PARAUNA,1506,121,1627,2292,596,4515
GO,PEROLANDIA,349,23,372,578,139,1089
GO,PETROLINA DE GOIAS,1155,38,1193,1551,324,3068
GO,PILAR DE GOIAS,221,18,239,592,91,922
GO,PIRACANJUBA,2592,137,2729,4236,1020,7985
GO,PIRANHAS,1189,73,1262,2126,521,3909
GO,PIRENOPOLIS,3640,147,3787,4494,989,9270
GO,PIRES DO RIO,4045,151,4196,6349,1577,12122
GO,PLANALTINA,8878,496,9374,13852,5724,28950
GO,PONTALINA,2324,91,2415,3232,918,6565
GO,PORANGATU,4877,263,5140,7182,1764,14086
GO,PORTEIRAO,470,46,516,799,216,1531
GO,PORTELANDIA,619,31,650,770,187,1607
GO,POSSE,3934,159,4093,4475,1305,9873
GO,PROFESSOR JAMIL,353,16,369,665,119,1153
GO,QUIRINOPOLIS,5550,259,5809,6655,1805,14269
GO,RIALMA,2029,56,2085,2641,661,5387
GO,RIANAPOLIS,530,18,548,898,183,1629
GO,RIO QUENTE,647,33,680,1080,331,2091
GO,RIO VERDE,35472,1831,37303,34222,11193,82718
GO,RUBIATABA,2374,61,2435,3593,819,6847
GO,SANCLERLANDIA,1350,31,1381,1689,379,3449
GO,SANTA BARBARA DE GOIAS,1052,32,1084,1676,482,3242
GO,SANTA CRUZ DE GOIAS,266,16,282,561,93,936
GO,SANTA FE DE GOIAS,556,29,585,773,119,1477
GO,SANTA HELENA DE GOIAS,4613,281,4894,6443,1940,13277
GO,SANTA ISABEL,291,33,324,504,103,931
GO,SANTA RITA DO ARAGUAIA,708,45,753,1383,415,2551
GO,SANTA RITA DO NOVO DESTINO,228,22,250,505,83,838
GO,SANTA ROSA DE GOIAS,289,18,307,672,87,1066
GO,SANTA TEREZA DE GOIAS,458,15,473,1063,185,1721
GO,SANTA TEREZINHA DE GOIAS,1203,46,1249,2190,472,3911
GO,SANTO ANTONIO DA BARRA,471,47,518,646,175,1339
GO,SANTO ANTONIO DE GOIAS,2805,42,2847,2884,1350,7081
GO,SANTO ANTONIO DO DESCOBERTO,4796,189,4985,7930,3040,15955
GO,SAO DOMINGOS,771,52,823,1637,436,2896
GO,SAO FRANCISCO DE GOIAS,638,33,671,1112,250,2033
GO,SAO JOAO D'ALIANCA,1168,54,1222,1621,496,3339
GO,SAO JOAO DA PARAUNA,300,13,313,417,70,800
GO,SAO LUIS DE MONTES BELOS,5194,166,5360,6788,1632,13780
GO,SAO LUIZ DO NORTE,487,46,533,753,193,1479
GO,SAO MIGUEL DO ARAGUAIA,2220,150,2370,3496,943,6809
GO,SAO MIGUEL DO PASSA QUATRO,512,23,535,704,155,1394
GO,SAO PATRICIO,161,4,165,355,42,562
GO,SAO SIMAO,1887,154,2041,3217,992,6250
GO,SENADOR CANEDO,20569,1363,21932,19512,6779,48223
GO,SERRANOPOLIS,710,104,814,1030,397,2241
GO,SILVANIA,2740,138,2878,3161,589,6628
GO,SIMOLANDIA,531,19,550,924,210,1684
GO,SITIO D'ABADIA,208,16,224,328,53,605
GO,TAQUARAL DE GOIAS,512,18,530,1073,175,1778
GO,TERESINA DE GOIAS,249,14,263,537,132,932
GO,TEREZOPOLIS DE GOIAS,976,46,1022,1298,366,2686
GO,TRES RANCHOS,516,14,530,914,332,1776
GO,TRINDADE,19625,695,20320,18543,6091,44954
GO,TROMBAS,287,14,301,535,105,941
GO,TURVANIA,498,27,525,989,307,1821
GO,TURVELANDIA,459,78,537,718,170,1425
GO,UIRAPURU,271,11,282,463,117,862
GO,URUACU,5699,271,5970,7057,1958,14985
GO,URUANA,1414,43,1457,2013,386,3856
GO,URUTAI,323,42,365,803,150,1318
GO,VALPARAISO DE GOIAS,21158,972,22130,23652,9948,55730
GO,VARJAO,376,32,408,700,132,1240
GO,VIANOPOLIS,1914,88,2002,2304,547,4853
GO,VICENTINOPOLIS,713,48,761,975,313,2049
GO,VILA BOA,302,23,325,637,151,1113
GO,VILA PROPICIO,558,49,607,737,125,1469
MA,ACAILANDIA,7005,473,7478,10199,3726,21403
MA,AFONSO CUNHA,170,18,188,550,97,835
MA,AGUA DOCE DO MARANHAO,322,9,331,609,149,1089
MA,ALCANTARA,553,37,590,1372,334,2296
MA,ALDEIAS ALTAS,507,34,541,1079,293,1913
MA,ALTAMIRA DO MARANHAO,177,8,185,422,84,691
MA,ALTO ALEGRE DO MARANHAO,700,67,767,1083,423,2273
MA,ALTO ALEGRE DO PINDARE,701,27,728,1127,365,2220
MA,ALTO PARNAIBA,708,55,763,1169,378,2310
MA,AMAPA DO MARANHAO,248,9,257,625,117,999
MA,AMARANTE DO MARANHAO,986,47,1033,1596,616,3245
MA,ANAJATUBA,609,27,636,1032,267,1935
MA,ANAPURUS,553,51,604,792,249,1645
MA,APICUM-ACU,414,17,431,878,387,1696
MA,ARAGUANA,222,8,230,537,114,881
MA,ARAIOSES,803,37,840,1726,544,3110
MA,ARAME,688,28,716,1183,428,2327
MA,ARARI,985,56,1041,1789,621,3451
MA,AXIXA,360,16,376,788,133,1297
MA,BACABAL,5597,339,5936,9747,3767,19450
MA,BACABEIRA,739,44,783,1092,412,2287
MA,BACURI,409,19,428,1072,352,1852
MA,BACURITUBA,126,3,129,505,47,681
MA,BALSAS,9993,779,10772,9588,3961,24321
MA,BARAO DE GRAJAU,852,52,904,993,280,2177
MA,BARRA DO CORDA,4632,192,4824,5242,2224,12290
MA,BARREIRINHAS,3726,282,4008,3547,1509,9064
MA,BELAGUA,238,5,243,473,83,799
MA,BELA VISTA DO MARANHAO,341,19,360,514,143,1017
MA,BENEDITO LEITE,159,19,178,442,105,725
MA,BEQUIMAO,548,18,566,1215,266,2047
MA,BERNARDO DO MEARIM,188,8,196,280,54,530
MA,BOA VISTA DO GURUPI,268,8,276,646,110,1032
MA,BOM JARDIM,750,54,804,1660,473,2937
MA,BOM JESUS DAS SELVAS,788,42,830,1295,529,2654
MA,BOM LUGAR,264,15,279,513,117,909
MA,BREJO,1035,60,1095,1570,512,3177
MA,BREJO DE AREIA,190,5,195,303,47,545
MA,BURITI,512,33,545,1199,255,1999
MA,BURITI BRAVO,650,34,684,1102,368,2154
MA,BURITICUPU,1977,121,2098,2339,1399,5836
MA,BURITIRANA,308,10,318,570,165,1053
MA,CACHOEIRA GRANDE,188,3,191,568,102,861
MA,CAJAPIO,198,9,207,621,102,930
MA,CAJARI,314,7,321,853,159,1333
MA,CAMPESTRE DO MARANHAO,541,30,571,994,287,1852
MA,CANDIDO MENDES,496,29,525,1499,360,2384
MA,CANTANHEDE,516,28,544,1239,254,2037
MA,CAPINZAL DO NORTE,392,15,407,540,129,1076
MA,CAROLINA,1549,98,1647,2461,797,4905
MA,CARUTAPERA,741,39,780,1677,556,3013
MA,CAXIAS,7467,425,7892,10339,4370,22601
MA,CEDRAL,237,6,243,843,137,1223
MA,CENTRAL DO MARANHAO,187,5,192,522,137,851
MA,CENTRO DO GUILHERME,310,13,323,592,159,1074
MA,CENTRO NOVO DO MARANHAO,531,18,549,629,242,1420
MA,CHAPADINHA,3198,224,3422,4214,1501,9137
MA,CIDELANDIA,522,26,548,761,287,1596
MA,CODO,3540,333,3873,5840,2539,12252
MA,COELHO NETO,1651,79,1730,2854,816,5400
MA,COLINAS,1557,79,1636,1805,695,4136
MA,CONCEICAO DO LAGO-ACU,289,11,300,689,130,1119
MA,COROATA,1857,121,1978,3594,1207,6779
MA,CURURUPU,841,96,937,1899,710,3546
MA,DAVINOPOLIS,712,42,754,1162,301,2217
MA,DOM PEDRO,1216,53,1269,1511,566,3346
MA,DUQUE BACELAR,253,17,270,661,138,1069
MA,ESPERANTINOPOLIS,567,30,597,1045,292,1934
MA,ESTREITO,2316,166,2482,3077,1252,6811
MA,FEIRA NOVA DO MARANHAO,211,12,223,354,68,645
MA,FERNANDO FALCAO,195,9,204,352,80,636
MA,FORMOSA DA SERRA NEGRA,557,36,593,576,181,1350
MA,FORTALEZA DOS NOGUEIRAS,830,45,875,920,265,2060
MA,FORTUNA,512,35,547,633,204,1384
MA,GODOFREDO VIANA,418,32,450,1107,283,1840
MA,GONCALVES DIAS,437,16,453,774,247,1474
MA,GOVERNADOR ARCHER,247,14,261,419,167,847
MA,GOVERNADOR EDISON LOBAO,1088,27,1115,1408,470,2993
MA,GOVERNADOR EUGENIO BARROS,344,18,362,754,149,1265
MA,GOVERNADOR LUIZ ROCHA,216,11,227,370,93,690
MA,GOVERNADOR NEWTON BELLO,256,8,264,504,104,872
MA,GOVERNADOR NUNES FREIRE,856,55,911,1454,508,2873
MA,GRACA ARANHA,221,14,235,394,82,711
MA,GRAJAU,2942,217,3159,4729,2023,9911
MA,GUIMARAES,309,14,323,879,233,1435
MA,HUMBERTO DE CAMPOS,563,20,583,1332,436,2351
MA,ICATU,377,16,393,976,281,1650
MA,IGARAPE DO MEIO,342,12,354,557,153,1064
MA,IGARAPE GRANDE,423,12,435,675,196,1306
MA,IMPERATRIZ,31054,1785,32839,42517,16509,91865
MA,ITAIPAVA DO GRAJAU,281,15,296,559,151,1006
MA,ITAPECURU MIRIM,2428,145,2573,4212,1457,8242
MA,ITINGA DO MARANHAO,1214,78,1292,1661,601,3554
MA,JATOBA,148,8,156,286,70,512
MA,JENIPAPO DOS VIEIRAS,889,11,900,507,159,1566
MA,JOAO LISBOA,1213,49,1262,2059,678,3999
MA,JOSELANDIA,417,16,433,629,184,1246
MA,JUNCO DO MARANHAO,194,5,199,368,75,642
MA,LAGOA DO MATO,297,10,307,435,115,857
MA,LAGOA GRANDE DO MARANHAO,333,10,343,525,116,984
MA,LAGO DA PEDRA,1931,91,2022,2352,904,5278
MA,LAGO DO JUNCO,233,10,243,557,129,929
MA,LAGO DOS RODRIGUES,372,9,381,469,81,931
MA,LAGO VERDE,319,19,338,750,179,1267
MA,LAJEADO NOVO,296,17,313,449,110,872
MA,LIMA CAMPOS,570,22,592,663,178,1433
MA,LORETO,417,19,436,663,157,1256
MA,LUIS DOMINGUES,235,10,245,653,178,1076
MA,MAGALHAES DE ALMEIDA,538,21,559,899,241,1699
MA,MARACACUME,809,38,847,1413,478,2738
MA,MARAJA DO SENA,124,3,127,358,59,544
MA,MARANHAOZINHO,313,8,321,509,131,961
MA,MATA ROMA,459,33,492,656,190,1338
MA,MATINHA,561,21,582,1032,362,1976
MA,MATOES,692,42,734,1020,328,2082
MA,MATOES DO NORTE,248,10,258,628,177,1063
MA,MILAGRES DO MARANHAO,120,9,129,306,56,491
MA,MIRADOR,559,73,632,801,232,1665
MA,MIRANDA DO NORTE,746,41,787,1306,500,2593
MA,MIRINZAL,488,28,516,1134,424,2074
MA,MONCAO,499,18,517,1415,317,2249
MA,MONTES ALTOS,249,12,261,738,186,1185
MA,MORROS,558,23,581,1109,315,2005
MA,NINA RODRIGUES,305,10,315,533,131,979
MA,NOVA COLINAS,195,7,202,311,47,560
MA,NOVA IORQUE,107,9,116,266,54,436
MA,NOVA OLINDA DO MARANHAO,396,16,412,693,232,1337
MA,OLHO D'AGUA DAS CUNHAS,488,25,513,857,273,1643
MA,OLINDA NOVA DO MARANHAO,325,10,335,762,153,1250
MA,PACO DO LUMIAR,8543,289,8832,11175,5249,25256
MA,PALMEIRANDIA,338,16,354,1020,194,1568
MA,PARAIBANO,624,40,664,877,316,1857
MA,PARNARAMA,843,45,888,1336,469,2693
MA,PASSAGEM FRANCA,591,33,624,941,265,1830
MA,PASTOS BONS,736,43,779,807,344,1930
MA,PAULINO NEVES,454,39,493,651,201,1345
MA,PAULO RAMOS,608,22,630,860,312,1802
MA,PEDREIRAS,2325,128,2453,4397,1312,8162
MA,PEDRO DO ROSARIO,447,13,460,772,235,1467
MA,PENALVA,709,24,733,1193,366,2292
MA,PERI MIRIM,293,11,304,800,153,1257
MA,PERITORO,578,32,610,1016,312,1938
MA,PINDARE MIRIM,882,50,932,1861,589,3382
MA,PINHEIRO,3499,251,3750,5345,2149,11244
MA,PIO XII,682,32,714,1314,326,2354
MA,PIRAPEMAS,394,11,405,943,239,1587
MA,POCAO DE PEDRAS,481,14,495,888,245,1628
MA,PORTO FRANCO,1707,105,1812,2498,842,5152
MA,PORTO RICO DO MARANHAO,149,7,156,482,86,724
MA,PRESIDENTE DUTRA,2880,265,3145,3820,1389,8354
MA,PRESIDENTE JUSCELINO,258,11,269,714,136,1119
MA,PRESIDENTE MEDICI,232,5,237,546,79,862
MA,PRESIDENTE SARNEY,478,10,488,925,159,1572
MA,PRESIDENTE VARGAS,274,7,281,687,119,1087
MA,PRIMEIRA CRUZ,210,11,221,650,131,1002
MA,RAPOSA,1562,71,1633,2250,986,4869
MA,RIACHAO,1118,85,1203,1324,346,2873
MA,RIBAMAR FIQUENE,245,9,254,572,134,960
MA,ROSARIO,1446,110,1556,2893,960,5409
MA,SAMBAIBA,224,12,236,395,102,733
MA,SANTA FILOMENA DO MARANHAO,161,9,170,350,77,597
MA,SANTA HELENA,981,48,1029,1837,605,3471
MA,SANTA INES,5077,379,5456,8497,3130,17083
MA,SANTA LUZIA,2084,109,2193,3863,1273,7329
MA,SANTA LUZIA DO PARUA,905,53,958,1434,489,2881
MA,SANTANA DO MARANHAO,196,3,199,434,112,745
MA,SANTA QUITERIA DO MARANHAO,604,50,654,955,362,1971
MA,SANTA RITA,1276,65,1341,2224,721,4286
MA,SANTO AMARO DO MARANHAO,816,28,844,761,184,1789
MA,SANTO ANTONIO DOS LOPES,561,49,610,886,221,1717
MA,SAO BENEDITO DO RIO PRETO,437,31,468,839,231,1538
MA,SAO BENTO,1097,62,1159,2205,610,3974
MA,SAO BERNARDO,942,54,996,1237,454,2687
MA,SAO DOMINGOS DO AZEITAO,408,22,430,499,134,1063
MA,SAO DOMINGOS DO MARANHAO,1323,67,1390,1412,561,3363
MA,SAO FELIX DE BALSAS,136,17,153,296,62,511
MA,SAO FRANCISCO DO BREJAO,337,10,347,680,142,1169
MA,SAO FRANCISCO DO MARANHAO,271,12,283,547,95,925
MA,SAO JOAO BATISTA,323,16,339,1040,206,1585
MA,SAO JOAO DO CARU,347,7,354,618,152,1124
MA,SAO JOAO DO PARAISO,452,19,471,785,195,1451
MA,SAO JOAO DO SOTER,413,16,429,790,201,1420
MA,SAO JOAO DOS PATOS,1419,85,1504,1623,589,3716
MA,SAO JOSE DE RIBAMAR,14257,586,14843,15938,8561,39342
MA,SAO JOSE DOS BASILIOS,192,9,201,320,46,567
MA,SAO LUIS,110139,6179,116318,147027,64187,327532
MA,SAO LUIS GONZAGA DO MARANHAO,385,24,409,1013,292,1714
MA,SAO MATEUS DO MARANHAO,1439,86,1525,2379,845,4749
MA,SAO PEDRO DA AGUA BRANCA,532,21,553,713,269,1535
MA,SAO PEDRO DOS CRENTES,243,6,249,351,63,663
MA,SAO RAIMUNDO DAS MANGABEIRAS,945,46,991,1295,427,2713
MA,SAO RAIMUNDO DO DOCA BEZERRA,143,10,153,285,54,492
MA,SAO ROBERTO,130,8,138,272,37,447
MA,SAO VICENTE FERRER,456,32,488,1011,326,1825
MA,SATUBINHA,209,6,215,324,77,616
MA,SENADOR ALEXANDRE COSTA,312,18,330,438,106,874
MA,SENADOR LA ROCQUE,540,23,563,876,323,1762
MA,SERRANO DO MARANHAO,184,5,189,505,122,816
MA,SITIO NOVO,571,38,609,792,315,1716
MA,SUCUPIRA DO NORTE,329,38,367,456,139,962
MA,SUCUPIRA DO RIACHAO,138,10,148,301,73,522
MA,TASSO FRAGOSO,522,58,580,655,217,1452
MA,TIMBIRAS,649,37,686,1332,335,2353
MA,TIMON,9583,562,10145,12000,5176,27321
MA,TRIZIDELA DO VALE,1035,28,1063,1113,371,2547
MA,TUFILANDIA,141,5,146,419,92,657
MA,TUNTUM,991,48,1039,1494,495,3028
MA,TURIACU,741,41,782,2325,520,3627
MA,TURILANDIA,470,14,484,1015,293,1792
MA,TUTOIA,1736,101,1837,2477,891,5205
MA,URBANO SANTOS,870,59,929,1395,523,2847
MA,VARGEM GRANDE,1208,82,1290,1832,617,3739
MA,VIANA,1531,83,1614,2762,1086,5462
MA,VILA NOVA DOS MARTIRIOS,389,24,413,699,233,1345
MA,VITORIA DO MEARIM,1038,62,1100,2330,860,4290
MA,VITORINO FREIRE,1059,54,1113,1489,512,3114
MA,ZE DOCA,1520,94,1614,2607,992,5213
MG,ABADIA DOS DOURADOS,644,30,674,938,136,1748
MG,ABAETE,3368,183,3551,5194,866,9611
MG,ABRE CAMPO,1274,50,1324,1950,277,3551
MG,ACAIACA,336,7,343,824,129,1296
MG,ACUCENA,519,28,547,1485,245,2277
MG,AGUA BOA,554,29,583,1285,289,2157
MG,AGUA COMPRIDA,167,23,190,423,81,694
MG,AGUANIL,381,19,400,865,109,1374
MG,AGUAS FORMOSAS,1496,68,1564,2855,660,5079
MG,AGUAS VERMELHAS,581,68,649,1316,272,2237
MG,AIMORES,2347,129,2476,3893,893,7262
MG,AIURUOCA,838,42,880,1127,217,2224
MG,ALAGOA,361,12,373,581,60,1014
MG,ALBERTINA,293,29,322,724,98,1144
MG,ALEM PARAIBA,4866,177,5043,8586,3033,16662
MG,ALFENAS,11163,490,11653,17952,4339,33944
MG,ALFREDO VASCONCELOS,629,15,644,1120,187,1951
MG,ALMENARA,3635,184,3819,6672,1634,12125
MG,ALPERCATA,836,22,858,1282,312,2452
MG,ALPINOPOLIS,2545,90,2635,4125,451,7211
MG,ALTEROSA,1099,47,1146,1998,250,3394
MG,ALTO CAPARAO,570,33,603,937,240,1780
MG,ALTO JEQUITIBA,617,33,650,1274,270,2194
MG,ALTO RIO DOCE,722,25,747,1288,165,2200
MG,ALVARENGA,324,18,342,508,88,938
MG,ALVINOPOLIS,1359,53,1412,2190,363,3965
MG,ALVORADA DE MINAS,325,14,339,672,76,1087
MG,AMPARO DA SERRA,276,14,290,808,100,1198
MG,ANDRADAS,4996,279,5275,7072,1270,13617
MG,ANDRELANDIA,1189,105,1294,2485,438,4217
MG,ANGELANDIA,485,23,508,794,134,1436
MG,ANTONIO CARLOS,959,33,992,1976,406,3374
MG,ANTONIO DIAS,621,48,669,1245,195,2109
MG,ANTONIO PRADO DE MINAS,118,7,125,392,45,562
MG,ARACAI,209,12,221,590,73,884
MG,ARACITABA,203,10,213,444,62,719
MG,ARACUAI,2944,157,3101,4357,978,8436
MG,ARAGUARI,15470,623,16093,21508,5855,43456
MG,ARANTINA,331,21,352,742,102,1196
MG,ARAPONGA,473,17,490,812,110,1412
MG,ARAPORA,911,83,994,1365,440,2799
MG,ARAPUA,282,12,294,565,56,915
MG,ARAUJOS,2052,44,2096,2762,2599,7457
MG,ARAXA,16401,657,17058,22387,4951,44396
MG,ARCEBURGO,916,84,1000,1894,267,3161
MG,ARCOS,7244,307,7551,8741,1660,17952
MG,AREADO,1402,66,1468,2705,569,4742
MG,ARGIRITA,275,9,284,861,181,1326
MG,ARICANDUVA,226,9,235,401,67,703
MG,ARINOS,1576,137,1713,2362,624,4699
MG,ASTOLFO DUTRA,1589,57,1646,2881,537,5064
MG,ATALEIA,667,44,711,1418,266,2395
MG,AUGUSTO DE LIMA,398,36,434,853,145,1432
MG,BAEPENDI,2721,112,2833,3928,694,7455
MG,BALDIM,846,31,877,1411,366,2654
MG,BAMBUI,2685,132,2817,4436,742,7995
MG,BANDEIRA,211,13,224,594,73,891
MG,BANDEIRA DO SUL,775,31,806,1371,205,2382
MG,BARAO DE COCAIS,3475,188,3663,4891,1078,9632
MG,BARAO DO MONTE ALTO,330,14,344,839,194,1377
MG,BARBACENA,14349,601,14950,23322,4593,42865
MG,BARRA LONGA,535,14,549,843,133,1525
MG,BARROSO,1920,93,2013,3868,659,6540
MG,BELA VISTA DE MINAS,870,40,910,2011,334,3255
MG,BELMIRO BRAGA,438,20,458,841,180,1479
MG,BELO HORIZONTE,521995,17958,539953,692597,183311,1415861
MG,BELO ORIENTE,2110,102,2212,3263,943,6418
MG,BELO VALE,760,32,792,1198,259,2249
MG,BERILO,600,29,629,1085,135,1849
MG,BERIZAL,242,22,264,493,50,807
MG,BERTOPOLIS,203,15,218,564,110,892
MG,BETIM,59065,2436,61501,71366,20898,153765
MG,BIAS FORTES,216,8,224,484,97,805
MG,BICAS,1754,73,1827,3712,722,6261
MG,BIQUINHAS,243,21,264,546,63,873
MG,BOA ESPERANCA,4954,236,5190,8223,1885,15298
MG,BOCAINA DE MINAS,730,17,747,1122,162,2031
MG,BOCAIUVA,4134,214,4348,7214,1479,13041
MG,BOM DESPACHO,6995,304,7299,9565,1880,18744
MG,BOM JARDIM DE MINAS,838,59,897,1578,334,2809
MG,BOM JESUS DA PENHA,409,20,429,711,90,1230
MG,BOM JESUS DO AMPARO,570,30,600,887,193,1680
MG,BOM JESUS DO GALHO,1079,34,1113,1701,340,3154
MG,BOM REPOUSO,924,50,974,1434,196,2604
MG,BOM SUCESSO,1531,87,1618,2989,505,5112
MG,BONFIM,768,38,806,1139,120,2065
MG,BONFINOPOLIS DE MINAS,715,40,755,1442,254,2451
MG,BONITO DE MINAS,392,20,412,593,110,1115
MG,BORDA DA MATA,2301,110,2411,3620,620,6651
MG,BOTELHOS,1810,74,1884,3239,605,5728
MG,BOTUMIRIM,347,25,372,878,89,1339
MG,BRASILANDIA DE MINAS,1451,97,1548,1814,539,3901
MG,BRASILIA DE MINAS,2223,88,2311,3737,909,6957
MG,BRASOPOLIS,1442,41,1483,3191,451,5125
MG,BRAS PIRES,325,12,337,626,35,998
MG,BRAUNAS,223,15,238,690,89,1017
MG,BRUMADINHO,5701,211,5912,6410,1677,13999
MG,BUENO BRANDAO,1210,48,1258,1955,263,3476
MG,BUENOPOLIS,784,46,830,1577,299,2706
MG,BUGRE,276,13,289,454,67,810
MG,BURITIS,2485,131,2616,4169,936,7721
MG,BURITIZEIRO,1836,209,2045,3630,841,6516
MG,CABECEIRA GRANDE,630,21,651,995,223,1869
MG,CABO VERDE,957,50,1007,1990,322,3319
MG,CACHOEIRA DA PRATA,515,28,543,1241,192,1976
MG,CACHOEIRA DE MINAS,1105,34,1139,1950,326,3415
MG,CACHOEIRA DE PAJEU,510,32,542,1017,224,1783
MG,CACHOEIRA DOURADA,218,17,235,564,133,932
MG,CAETANOPOLIS,1328,46,1374,2084,429,3887
MG,CAETE,4577,154,4731,7247,1769,13747
MG,CAIANA,354,21,375,751,157,1283
MG,CAJURI,381,8,389,648,101,1138
MG,CALDAS,1603,105,1708,2821,488,5017
MG,CAMACHO,200,22,222,624,37,883
MG,CAMANDUCAIA,3689,215,3904,5306,1259,10469
MG,CAMBUI,4363,237,4600,6701,1237,12538
MG,CAMBUQUIRA,1439,51,1490,2934,575,4999
MG,CAMPANARIO,289,12,301,720,115,1136
MG,CAMPANHA,2070,73,2143,3684,715,6542
MG,CAMPESTRE,1973,93,2066,3433,692,6191
MG,CAMPINA VERDE,2092,131,2223,3376,736,6335
MG,CAMPO AZUL,152,6,158,356,60,574
MG,CAMPO BELO,6973,230,7203,11077,1931,20211
MG,CAMPO DO MEIO,2186,93,2279,2904,506,5689
MG,CAMPO FLORIDO,822,77,899,1237,298,2434
MG,CAMPOS ALTOS,1514,69,1583,2688,525,4796
MG,CAMPOS GERAIS,2442,110,2552,3720,723,6995
MG,CANAA,284,8,292,596,53,941
MG,CANAPOLIS,1074,59,1133,1623,444,3200
MG,CANA VERDE,556,22,578,1101,139,1818
MG,CANDEIAS,1269,90,1359,2259,292,3910
MG,CANTAGALO,309,12,321,550,80,951
MG,CAPARAO,362,21,383,1043,168,1594
MG,CAPELA NOVA,351,21,372,716,72,1160
MG,CAPELINHA,4867,175,5042,5787,988,11817
MG,CAPETINGA,469,40,509,1336,239,2084
MG,CAPIM BRANCO,1477,36,1513,2306,493,4312
MG,CAPINOPOLIS,1569,79,1648,2900,618,5166
MG,CAPITAO ANDRADE,503,11,514,629,129,1272
MG,CAPITAO ENEAS,930,46,976,1839,305,3120
MG,CAPITOLIO,2154,63,2217,2121,343,4681
MG,CAPUTIRA,558,20,578,1013,193,1784
MG,CARAI,749,34,783,1277,287,2347
MG,CARANAIBA,164,4,168,448,54,670
MG,CARANDAI,2452,108,2560,3827,646,7033
MG,CARANGOLA,3672,179,3851,7448,1448,12747
MG,CARATINGA,12047,404,12451,18274,3956,34681
MG,CARBONITA,783,61,844,1376,206,2426
MG,CAREACU,673,43,716,1597,255,2568
MG,CARLOS CHAGAS,1459,94,1553,2839,598,4990
MG,CARMESIA,274,26,300,457,57,814
MG,CARMO DA CACHOEIRA,1027,51,1078,2162,587,3827
MG,CARMO DA MATA,1282,59,1341,2233,295,3869
MG,CARMO DE MINAS,1328,41,1369,2570,484,4423
MG,CARMO DO CAJURU,3409,100,3509,4589,696,8794
MG,CARMO DO PARANAIBA,4038,115,4153,5010,962,10125
MG,CARMO DO RIO CLARO,2446,106,2552,4381,818,7751
MG,CARMOPOLIS DE MINAS,2502,106,2608,3102,584,6294
MG,CARNEIRINHO,773,53,826,1220,283,2329
MG,CARRANCAS,527,32,559,986,163,1708
MG,CARVALHOPOLIS,312,18,330,756,131,1217
MG,CARVALHOS,441,24,465,813,123,1401
MG,CASA GRANDE,199,6,205,321,39,565
MG,CASCALHO RICO,221,19,240,642,69,951
MG,CASSIA,2051,82,2133,4115,834,7082
MG,CATAGUASES,7485,292,7777,15496,3209,26482
MG,CATAS ALTAS,726,35,761,1262,183,2206
MG,CATAS ALTAS DA NORUEGA,264,4,268,579,56,903
MG,CATUJI,509,23,532,866,177,1575
MG,CATUTI,244,15,259,408,53,720
MG,CAXAMBU,3035,125,3160,5965,1281,10406
MG,CEDRO DO ABAETE,96,10,106,315,36,457
MG,CENTRAL DE MINAS,650,21,671,1139,238,2048
MG,CENTRALINA,929,49,978,1792,324,3094
MG,CHACARA,451,19,470,1039,192,1701
MG,CHALE,357,16,373,607,110,1090
MG,CHAPADA DO NORTE,553,26,579,861,148,1588
MG,CHAPADA GAUCHA,1011,64,1075,1209,318,2602
MG,CHIADOR,270,13,283,662,159,1104
MG,CIPOTANEA,280,9,289,725,59,1073
MG,CLARAVAL,301,34,335,834,127,1296
MG,CLARO DOS POCOES,422,34,456,1011,164,1631
MG,CLAUDIO,4808,216,5024,6174,931,12129
MG,COIMBRA,970,19,989,1395,200,2584
MG,COLUNA,541,30,571,871,133,1575
MG,COMENDADOR GOMES,289,30,319,540,140,999
MG,COMERCINHO,297,17,314,860,105,1279
MG,CONCEICAO DA APARECIDA,846,45,891,1641,299,2831
MG,CONCEICAO DA BARRA DE MINAS,244,17,261,717,66,1044
MG,CONCEICAO DAS ALAGOAS,2275,126,2401,2802,1241,6444
MG,CONCEICAO DAS PEDRAS,186,12,198,427,55,680
MG,CONCEICAO DE IPANEMA,224,9,233,578,107,918
MG,CONCEICAO DO MATO DENTRO,2544,166,2710,3175,611,6496
MG,CONCEICAO DO PARA,615,42,657,1167,403,2227
MG,CONCEICAO DO RIO VERDE,1232,66,1298,2987,486,4771
MG,CONCEICAO DOS OUROS,1445,40,1485,2215,437,4137
MG,CONEGO MARINHO,256,9,265,487,70,822
MG,CONFINS,1356,172,1528,2005,477,4010
MG,CONGONHAL,1496,41,1537,2107,457,4101
MG,CONGONHAS,6155,293,6448,9511,2302,18261
MG,CONGONHAS DO NORTE,329,15,344,660,62,1066
MG,CONQUISTA,536,40,576,1188,230,1994
MG,CONSELHEIRO LAFAIETE,16845,576,17421,22822,5491,45734
MG,CONSELHEIRO PENA,2172,94,2266,3579,806,6651
MG,CONSOLACAO,138,7,145,350,63,558
MG,CONTAGEM,105157,4345,109502,143936,38740,292178
MG,COQUEIRAL,925,35,960,1876,258,3094
MG,CORACAO DE JESUS,1341,77,1418,2934,402,4754
MG,CORDISBURGO,742,35,777,1360,292,2429
MG,CORDISLANDIA,237,19,256,752,116,1124
MG,CORINTO,2382,146,2528,4784,941,8253
MG,COROACI,1021,29,1050,1299,231,2580
MG,COROMANDEL,3385,145,3530,4667,901,9098
MG,CORONEL FABRICIANO,13447,432,13879,22903,5623,42405
MG,CORONEL MURTA,506,36,542,1001,161,1704
MG,CORONEL PACHECO,295,19,314,799,132,1245
MG,CORONEL XAVIER CHAVES,378,18,396,701,76,1173
MG,CORREGO DANTA,293,17,310,792,151,1253
MG,CORREGO DO BOM JESUS,434,8,442,742,107,1291
MG,CORREGO FUNDO,1048,52,1100,1399,209,2708
MG,CORREGO NOVO,250,12,262,721,81,1064
MG,COUTO DE MAGALHAES DE MINAS,561,24,585,1194,169,1948
MG,CRISOLITA,230,11,241,548,88,877
MG,CRISTAIS,1098,42,1140,1790,384,3314
MG,CRISTALIA,237,34,271,618,84,973
MG,CRISTIANO OTONI,544,16,560,1053,194,1807
MG,CRISTINA,1383,35,1418,2208,383,4009
MG,CRUCILANDIA,656,20,676,1164,146,1986
MG,CRUZEIRO DA FORTALEZA,484,29,513,788,157,1458
MG,CRUZILIA,2089,69,2158,3410,597,6165
MG,CUPARAQUE,361,21,382,582,193,1157
MG,CURRAL DE DENTRO,481,33,514,646,110,1270
MG,CURVELO,9652,528,10180,14712,3668,28560
MG,DATAS,504,22,526,967,152,1645
MG,DELFIM MOREIRA,763,32,795,1377,234,2406
MG,DELFINOPOLIS,858,37,895,1289,280,2464
MG,DELTA,800,46,846,1361,620,2827
MG,DESCOBERTO,476,17,493,1180,174,1847
MG,DESTERRO DE ENTRE RIOS,635,23,658,1036,110,1804
MG,DESTERRO DO MELO,353,9,362,716,94,1172
MG,DIAMANTINA,6019,350,6369,10013,2005,18387
MG,DIOGO DE VASCONCELOS,206,8,214,500,65,779
MG,DIONISIO,519,31,550,1482,258,2290
MG,DIVINESIA,511,14,525,862,178,1565
MG,DIVINO,1990,105,2095,3001,530,5626
MG,DIVINO DAS LARANJEIRAS,330,21,351,716,133,1200
MG,DIVINOLANDIA DE MINAS,691,24,715,1227,186,2128
MG,DIVINOPOLIS,45302,1341,46643,59177,11088,116908
MG,DIVISA ALEGRE,626,34,660,959,264,1883
MG,DIVISA NOVA,508,28,536,1160,185,1881
MG,DIVISOPOLIS,505,38,543,860,196,1599
MG,DOM BOSCO,288,12,300,520,116,936
MG,DOM CAVATI,719,19,738,1130,209,2077
MG,DOM JOAQUIM,360,21,381,657,93,1131
MG,DOM SILVERIO,515,28,543,984,164,1691
MG,DOM VICOSO,325,6,331,636,67,1034
MG,DONA EUZEBIA,727,19,746,1129,266,2141
MG,DORES DE CAMPOS,1615,37,1652,1948,418,4018
MG,DORES DE GUANHAES,350,15,365,723,80,1168
MG,DORES DO INDAIA,1829,62,1891,3663,630,6184
MG,DORES DO TURVO,447,20,467,840,91,1398
MG,DORESOPOLIS,136,9,145,360,53,558
MG,DOURADOQUARA,180,12,192,495,59,746
MG,DURANDE,388,22,410,625,157,1192
MG,ELOI MENDES,2882,116,2998,4692,962,8652
MG,ENGENHEIRO CALDAS,1186,31,1217,1755,374,3346
MG,ENGENHEIRO NAVARRO,434,25,459,1146,164,1769
MG,ENTRE FOLHAS,420,12,432,820,121,1373
MG,ENTRE RIOS DE MINAS,1630,62,1692,2575,375,4642
MG,ERVALIA,1751,56,1807,2358,374,4539
MG,ESMERALDAS,8613,228,8841,10100,2712,21653
MG,ESPERA FELIZ,2575,112,2687,4394,1136,8217
MG,ESPINOSA,2106,107,2213,3200,715,6128
MG,ESPIRITO SANTO DO DOURADO,410,18,428,681,139,1248
MG,ESTIVA,1147,79,1226,1556,316,3098
MG,ESTRELA DALVA,190,9,199,490,109,798
MG,ESTRELA DO INDAIA,269,22,291,687,87,1065
MG,ESTRELA DO SUL,581,39,620,1121,238,1979
MG,EUGENOPOLIS,1038,39,1077,1594,371,3042
MG,EWBANK DA CAMARA,408,12,420,1020,254,1694
MG,EXTREMA,7966,1510,9476,9387,2400,21263
MG,FAMA,272,18,290,654,123,1067
MG,FARIA LEMOS,225,25,250,783,134,1167
MG,FELICIO DOS SANTOS,416,18,434,776,94,1304
MG,FELISBURGO,349,12,361,831,146,1338
MG,FELIXLANDIA,1387,76,1463,2580,498,4541
MG,FERNANDES TOURINHO,207,11,218,459,55,732
MG,FERROS,564,37,601,1095,182,1878
MG,FERVEDOURO,688,34,722,1114,298,2134
MG,FLORESTAL,989,40,1029,1573,335,2937
MG,FORMIGA,12034,503,12537,16273,2644,31454
MG,FORMOSO,520,26,546,892,231,1669
MG,FORTALEZA DE MINAS,336,19,355,840,113,1308
MG,FORTUNA DE MINAS,620,16,636,1107,152,1895
MG,FRANCISCO BADARO,507,15,522,780,60,1362
MG,FRANCISCO DUMONT,358,35,393,863,136,1392
MG,FRANCISCOPOLIS,266,29,295,500,70,865
MG,FRANCISCO SA,1849,101,1950,2849,435,5234
MG,FREI GASPAR,312,12,324,666,117,1107
MG,FREI INOCENCIO,867,25,892,1617,334,2843
MG,FREI LAGONEGRO,151,10,161,345,34,540
MG,FRONTEIRA,1533,98,1631,2711,903,5245
MG,FRONTEIRA DOS VALES,228,8,236,626,80,942
MG,FRUTA DE LEITE,202,21,223,476,59,758
MG,FRUTAL,7767,428,8195,10502,2755,21452
MG,FUNILANDIA,722,19,741,1111,217,2069
MG,GALILEIA,578,25,603,1277,283,2163
MG,GAMELEIRAS,240,18,258,332,66,656
MG,GLAUCILANDIA,182,10,192,435,58,685
MG,GOIABEIRA,449,11,460,560,162,1182
MG,GOIANA,593,34,627,970,175,1772
MG,GONCALVES,1022,27,1049,1135,127,2311
MG,GONZAGA,454,20,474,665,127,1266
MG,GOUVEIA,1114,64,1178,2141,361,3680
MG,GOVERNADOR VALADARES,40392,1335,41727,57822,16043,115592
MG,GRAO MOGOL,974,125,1099,1812,350,3261
MG,GRUPIARA,187,8,195,405,61,661
MG,GUANHAES,4018,196,4214,5194,952,10360
MG,GUAPE,1592,70,1662,2348,455,4465
MG,GUARACIABA,584,15,599,1284,177,2060
MG,GUARACIAMA,283,18,301,547,78,926
MG,GUARANESIA,1946,95,2041,3605,645,6291
MG,GUARANI,887,39,926,1900,345,3171
MG,GUARARA,435,14,449,972,180,1601
MG,GUARDA-MOR,790,64,854,1052,199,2105
MG,GUAXUPE,6958,336,7294,11474,2117,20885
MG,GUIDOVAL,856,16,872,1566,312,2750
MG,GUIMARANIA,783,43,826,1404,243,2473
MG,GUIRICEMA,627,21,648,1322,154,2124
MG,GURINHATA,310,33,343,1012,192,1547
MG,HELIODORA,535,27,562,1243,206,2011
MG,IAPU,956,23,979,1283,276,2538
MG,IBERTIOGA,363,29,392,852,147,1391
MG,IBIA,2204,131,2335,3837,926,7098
MG,IBIAI,377,24,401,1198,154,1753
MG,IBIRACATU,207,6,213,475,55,743
MG,IBIRACI,859,75,934,1455,350,2739
MG,IBIRITE,20349,303,20652,25250,7154,53056
MG,IBITIURA DE MINAS,359,19,378,766,103,1247
MG,IBITURUNA,275,16,291,572,85,948
MG,ICARAI DE MINAS,392,19,411,623,156,1190
MG,IGARAPE,6850,229,7079,8874,2127,18080
MG,IGARATINGA,1438,73,1511,2035,269,3815
MG,IGUATAMA,783,50,833,1714,240,2787
MG,IJACI,882,60,942,1578,250,2770
MG,ILICINEA,1199,53,1252,2142,363,3757
MG,IMBE DE MINAS,381,12,393,583,97,1073
MG,INCONFIDENTES,938,38,976,1863,302,3141
MG,INDAIABIRA,348,60,408,487,86,981
MG,INDIANOPOLIS,606,52,658,956,231,1845
MG,INGAI,227,34,261,549,80,890
MG,INHAPIM,2155,73,2228,3192,656,6076
MG,INHAUMA,707,23,730,1262,283,2275
MG,INIMUTABA,630,32,662,1106,224,1992
MG,IPABA,1478,51,1529,2074,657,4260
MG,IPANEMA,2408,78,2486,3041,866,6393
MG,IPATINGA,35941,1360,37301,54352,13918,105571
MG,IPIACU,346,25,371,901,105,1377
MG,IPUIUNA,928,45,973,1526,368,2867
MG,IRAI DE MINAS,852,46,898,1039,162,2099
MG,ITABIRA,12774,532,13306,18294,4046,35646
MG,ITABIRINHA,1024,40,1064,1350,320,2734
MG,ITABIRITO,7203,295,7498,9507,1990,18995
MG,ITACAMBIRA,187,17,204,502,60,766
MG,ITACARAMBI,1044,61,1105,2338,575,4018
MG,ITAGUARA,2317,81,2398,2827,351,5576
MG,ITAIPE,706,21,727,1128,277,2132
MG,ITAJUBA,13420,524,13944,22969,5277,42190
MG,ITAMARANDIBA,2653,131,2784,3684,651,7119
MG,ITAMARATI DE MINAS,431,21,452,1258,200,1910
MG,ITAMBACURI,1529,43,1572,2988,658,5218
MG,ITAMBE DO MATO DENTRO,160,11,171,356,48,575
MG,ITAMOGI,975,43,1018,1650,272,2940
MG,ITAMONTE,2197,85,2282,2967,709,5958
MG,ITANHANDU,2002,87,2089,3592,746,6427
MG,ITANHOMI,1202,23,1225,1755,333,3313
MG,ITAOBIM,1841,117,1958,3507,832,6297
MG,ITAPAGIPE,1346,66,1412,1798,346,3556
MG,ITAPECERICA,2959,94,3053,5192,396,8641
MG,ITAPEVA,1661,201,1862,2251,519,4632
MG,ITATIAIUCU,1653,84,1737,2033,373,4143
MG,ITAU DE MINAS,1664,86,1750,3600,734,6084
MG,ITAUNA,14231,424,14655,18657,3037,36349
MG,ITAVERAVA,416,16,432,705,113,1250
MG,ITINGA,750,64,814,1576,245,2635
MG,ITUETA,487,28,515,761,173,1449
MG,ITUIUTABA,10684,440,11124,19709,4745,35578
MG,ITUMIRIM,662,18,680,1215,201,2096
MG,ITURAMA,4590,230,4820,8003,1935,14758
MG,ITUTINGA,384,29,413,932,128,1473
MG,JABOTICATUBAS,2583,81,2664,2613,693,5970
MG,JACINTO,664,32,696,1317,304,2317
MG,JACUI,739,25,764,1321,123,2208
MG,JACUTINGA,4229,292,4521,6646,1525,12692
MG,JAGUARACU,308,11,319,621,101,1041
MG,JAIBA,2628,221,2849,3077,947,6873
MG,JAMPRUCA,249,12,261,576,103,940
MG,JANAUBA,7677,351,8028,11424,2490,21942
MG,JANUARIA,4199,243,4442,8192,2006,14640
MG,JAPARAIBA,515,28,543,919,105,1567
MG,JAPONVAR,421,22,443,795,99,1337
MG,JECEABA,418,49,467,1150,160,1777
MG,JENIPAPO DE MINAS,532,14,546,669,299,1514
MG,JEQUERI,818,24,842,1543,222,2607
MG,JEQUITAI,453,50,503,1235,143,1881
MG,JEQUITIBA,680,35,715,1170,384,2269
MG,JEQUITINHONHA,1420,91,1511,3035,617,5163
MG,JESUANIA,493,14,507,1002,159,1668
MG,JOAIMA,728,40,768,1677,343,2788
MG,JOANESIA,282,14,296,928,101,1325
MG,JOAO MONLEVADE,10754,368,11122,16666,3412,31200
MG,JOAO PINHEIRO,5589,449,6038,8553,1876,16467
MG,JOAQUIM FELICIO,361,21,382,768,137,1287
MG,JORDANIA,641,21,662,1100,297,2059
MG,JOSE GONCALVES DE MINAS,365,27,392,544,63,999
MG,JOSENOPOLIS,159,15,174,394,47,615
MG,JOSE RAYDAN,349,10,359,572,58,989
MG,JUATUBA,3717,129,3846,5316,2177,11339
MG,JUIZ DE FORA,86126,3426,89552,119143,34641,243336
MG,JURAMENTO,232,15,247,755,95,1097
MG,JURUAIA,1719,47,1766,1941,381,4088
MG,JUVENILIA,234,15,249,465,85,799
MG,LADAINHA,553,29,582,1159,274,2015
MG,LAGAMAR,627,31,658,1278,153,2089
MG,LAGOA DA PRATA,8762,296,9058,11389,2321,22768
MG,LAGOA DOS PATOS,260,19,279,579,92,950
MG,LAGOA DOURADA,1181,40,1221,1432,159,2812
MG,LAGOA FORMOSA,1874,57,1931,2146,369,4446
MG,LAGOA GRANDE,882,55,937,1417,251,2605
MG,LAGOA SANTA,12458,449,12907,13257,3810,29974
MG,LAJINHA,1684,70,1754,2228,653,4635
MG,LAMBARI,2554,88,2642,4934,864,8440
MG,LAMIM,275,12,287,467,68,822
MG,LARANJAL,692,18,710,1314,291,2315
MG,LASSANCE,512,46,558,1105,246,1909
MG,LAVRAS,14904,565,15469,21573,3931,40973
MG,LEANDRO FERREIRA,373,20,393,808,163,1364
MG,LEME DO PRADO,460,17,477,670,92,1239
MG,LEOPOLDINA,5822,222,6044,11499,2262,19805
MG,LIBERDADE,490,36,526,1146,228,1900
MG,LIMA DUARTE,2537,81,2618,3972,850,7440
MG,LIMEIRA DO OESTE,760,52,812,1063,248,2123
MG,LONTRA,557,21,578,900,159,1637
MG,LUISBURGO,362,21,383,722,122,1227
MG,LUISLANDIA,246,14,260,551,85,896
MG,LUMINARIAS,637,29,666,1616,201,2483
MG,LUZ,2704,97,2801,4524,746,8071
MG,MACHACALIS,541,25,566,971,175,1712
MG,MACHADO,5107,193,5300,7966,1977,15243
MG,MADRE DE DEUS DE MINAS,547,44,591,1027,157,1775
MG,MALACACHETA,1467,54,1521,2308,360,4189
MG,MAMONAS,291,15,306,398,63,767
MG,MANGA,1151,71,1222,3250,635,5107
MG,MANHUACU,11698,478,12176,16082,4342,32600
MG,MANHUMIRIM,2274,109,2383,4379,1048,7810
MG,MANTENA,3134,118,3252,5355,1074,9681
MG,MARAVILHAS,987,43,1030,1482,237,2749
MG,MAR DE ESPANHA,1744,61,1805,2275,617,4697
MG,MARIA DA FE,1447,49,1496,2740,399,4635
MG,MARIANA,7279,335,7614,9466,2097,19177
MG,MARILAC,346,11,357,655,97,1109
MG,MARIO CAMPOS,1941,40,1981,2446,711,5138
MG,MARIPA DE MINAS,426,22,448,847,216,1511
MG,MARLIERIA,457,18,475,1044,213,1732
MG,MARMELOPOLIS,313,12,325,706,129,1160
MG,MARTINHO CAMPOS,2170,178,2348,3232,427,6007
MG,MARTINS SOARES,730,31,761,886,268,1915
MG,MATA VERDE,510,18,528,908,251,1687
MG,MATERLANDIA,244,17,261,624,63,948
MG,MATEUS LEME,4177,151,4328,6351,1581,12260
MG,MATHIAS LOBATO,249,8,257,665,105,1027
MG,MATIAS BARBOSA,2134,109,2243,3346,876,6465
MG,MATIAS CARDOSO,458,64,522,864,193,1579
MG,MATIPO,1463,78,1541,2271,447,4259
MG,MATO VERDE,1022,42,1064,1798,354,3216
MG,MATOZINHOS,4749,169,4918,7637,1977,14532
MG,MATUTINA,460,19,479,949,96,1524
MG,MEDEIROS,341,42,383,541,80,1004
MG,MEDINA,1413,66,1479,2878,573,4930
MG,MENDES PIMENTEL,543,16,559,994,178,1731
MG,MERCES,1020,31,1051,1652,262,2965
MG,MESQUITA,362,14,376,1116,137,1629
MG,MINAS NOVAS,1661,109,1770,2388,422,4580
MG,MINDURI,469,32,501,1030,167,1698
MG,MIRABELA,866,50,916,1686,344,2946
MG,MIRADOURO,879,24,903,1499,199,2601
MG,MIRAI,1276,42,1318,2622,516,4456
MG,MIRAVANIA,165,11,176,351,43,570
MG,MOEDA,637,20,657,991,210,1858
MG,MOEMA,1044,37,1081,1683,337,3101
MG,MONJOLOS,139,34,173,487,48,708
MG,MONSENHOR PAULO,890,31,921,1450,260,2631
MG,MONTALVANIA,814,42,856,1641,328,2825
MG,MONTE ALEGRE DE MINAS,2057,154,2211,3188,883,6282
MG,MONTE AZUL,1482,82,1564,2988,529,5081
MG,MONTE BELO,1342,64,1406,2250,332,3988
MG,MONTE CARMELO,6899,221,7120,9247,1963,18330
MG,MONTE FORMOSO,223,16,239,563,55,857
MG,MONTE SANTO DE MINAS,1902,95,1997,3942,548,6487
MG,MONTES CLAROS,57669,2021,59690,81314,19038,160042
MG,MONTE SIAO,4632,278,4910,7156,1470,13536
MG,MONTEZUMA,324,43,367,583,112,1062
MG,MORADA NOVA DE MINAS,1366,96,1462,1961,312,3735
MG,MORRO DA GARCA,189,15,204,506,98,808
MG,MORRO DO PILAR,421,12,433,724,155,1312
MG,MUNHOZ,647,29,676,936,218,1830
MG,MURIAE,15659,589,16248,22739,5300,44287
MG,MUTUM,1841,85,1926,2934,636,5496
MG,MUZAMBINHO,2711,111,2822,5190,692,8704
MG,NACIP RAYDAN,191,10,201,448,49,698
MG,NANUQUE,3800,257,4057,7399,2030,13486
MG,NAQUE,590,19,609,995,203,1807
MG,NATALANDIA,267,12,279,590,107,976
MG,NATERCIA,382,17,399,856,67,1322
MG,NAZARENO,769,50,819,1602,212,2633
MG,NEPOMUCENO,2688,87,2775,4971,667,8413
MG,NINHEIRA,424,43,467,617,117,1201
MG,NOVA BELEM,184,8,192,417,64,673
MG,NOVA ERA,1620,81,1701,3118,624,5443
MG,NOVA LIMA,21829,1070,22899,20354,5536,48789
MG,NOVA MODICA,223,13,236,535,123,894
MG,NOVA PONTE,1898,95,1993,2524,625,5142
MG,NOVA PORTEIRINHA,495,26,521,856,167,1544
MG,NOVA RESENDE,1505,47,1552,2370,304,4226
MG,NOVA SERRANA,18690,466,19156,19673,12295,51124
MG,NOVA UNIAO,686,22,708,1032,181,1921
MG,NOVO CRUZEIRO,1527,60,1587,2452,519,4558
MG,NOVO ORIENTE DE MINAS,579,31,610,927,268,1805
MG,NOVORIZONTE,302,21,323,517,63,903
MG,OLARIA,207,4,211,455,80,746
MG,OLHOS-D'AGUA,471,46,517,673,142,1332
MG,OLIMPIO NORONHA,287,10,297,636,117,1050
MG,OLIVEIRA,4513,246,4759,7221,1175,13155
MG,OLIVEIRA FORTES,187,9,196,470,59,725
MG,ONCA DE PITANGUI,221,18,239,641,79,959
MG,ORATORIOS,406,11,417,845,117,1379
MG,ORIZANIA,502,27,529,829,149,1507
MG,OURO BRANCO,5231,269,5500,8592,1808,15900
MG,OURO FINO,4478,227,4705,6940,1521,13166
MG,OURO PRETO,9216,432,9648,13452,3503,26603
MG,OURO VERDE DE MINAS,435,13,448,988,177,1613
MG,PADRE CARVALHO,233,20,253,541,75,869
MG,PADRE PARAISO,1205,55,1260,2069,517,3846
MG,PAINEIRAS,461,33,494,1164,124,1782
MG,PAINS,1195,84,1279,2041,316,3636
MG,PAI PEDRO,249,17,266,423,28,717
MG,PAIVA,178,7,185,479,71,735
MG,PALMA,609,22,631,1110,213,1954
MG,PALMOPOLIS,308,18,326,634,129,1089
MG,PAPAGAIOS,1775,129,1904,2733,720,5357
MG,PARACATU,11546,539,12085,15067,4716,31868
MG,PARA DE MINAS,14443,482,14925,19592,3186,37703
MG,PARAGUACU,3255,105,3360,4361,841,8562
MG,PARAISOPOLIS,2115,87,2202,4312,722,7236
MG,PARAOPEBA,3056,119,3175,4222,967,8364
MG,PASSABEM,138,7,145,341,42,528
MG,PASSA QUATRO,2031,67,2098,3682,572,6352
MG,PASSA TEMPO,1099,42,1141,1663,127,2931
MG,PASSA VINTE,229,17,246,681,109,1036
MG,PASSOS,15065,611,15676,22200,5305,43181
MG,PATIS,183,10,193,427,90,710
MG,PATOS DE MINAS,28706,873,29579,32723,6969,69271
MG,PATROCINIO,10545,477,11022,13451,2506,26979
MG,PATROCINIO DO MURIAE,652,15,667,1056,195,1918
MG,PAULA CANDIDO,685,15,700,1321,185,2206
MG,PAULISTAS,278,11,289,584,72,945
MG,PAVAO,466,22,488,1030,263,1781
MG,PECANHA,961,46,1007,1697,306,3010
MG,PEDRA AZUL,1473,85,1558,3027,718,5303
MG,PEDRA BONITA,279,14,293,632,117,1042
MG,PEDRA DO ANTA,245,9,254,623,64,941
MG,PEDRA DO INDAIA,481,30,511,788,76,1375
MG,PEDRA DOURADA,269,9,278,752,107,1137
MG,PEDRALVA,892,26,918,2076,269,3263
MG,PEDRAS DE MARIA DA CRUZ,486,21,507,1024,207,1738
MG,PEDRINOPOLIS,351,22,373,718,123,1214
MG,PEDRO LEOPOLDO,8358,331,8689,11169,3001,22859
MG,PEDRO TEIXEIRA,206,6,212,416,52,680
MG,PEQUERI,509,27,536,998,231,1765
MG,PEQUI,462,26,488,838,154,1480
MG,PERDIGAO,1878,59,1937,2865,4046,8848
MG,PERDIZES,1615,125,1740,2144,578,4462
MG,PERDOES,3230,105,3335,5423,704,9462
MG,PERIQUITO,561,17,578,894,209,1681
MG,PESCADOR,214,12,226,657,120,1003
MG,PIAU,239,9,248,579,108,935
MG,PIEDADE DE CARATINGA,1086,30,1116,1105,265,2486
MG,PIEDADE DE PONTE NOVA,326,16,342,936,96,1374
MG,PIEDADE DO RIO GRANDE,370,22,392,869,126,1387
MG,PIEDADE DOS GERAIS,506,20,526,716,88,1330
MG,PIMENTA,1174,35,1209,1537,185,2931
MG,PINGO D'AGUA,515,12,527,778,184,1489
MG,PINTOPOLIS,405,18,423,743,122,1288
MG,PIRACEMA,728,28,756,1110,142,2008
MG,PIRAJUBA,604,47,651,833,284,1768
MG,PIRANGA,1136,31,1167,1567,306,3040
MG,PIRANGUCU,548,22,570,1147,167,1884
MG,PIRANGUINHO,1016,46,1062,1925,377,3364
MG,PIRAPETINGA,1129,52,1181,2093,460,3734
MG,PIRAPORA,5816,346,6162,10067,2484,18713
MG,PIRAUBA,1215,43,1258,2063,475,3796
MG,PITANGUI,3947,112,4059,5335,1065,10459
MG,PIUMHI,5211,230,5441,6978,1221,13640
MG,PLANURA,1074,70,1144,1850,453,3447
MG,POCO FUNDO,1573,64,1637,2557,366,4560
MG,POCOS DE CALDAS,28150,1385,29535,38314,9788,77637
MG,POCRANE,539,23,562,885,169,1616
MG,POMPEU,4360,223,4583,6082,1419,12084
MG,PONTE NOVA,8288,303,8591,13865,3084,25540
MG,PONTO CHIQUE,230,11,241,451,70,762
MG,PONTO DOS VOLANTES,601,50,651,881,184,1716
MG,PORTEIRINHA,3088,145,3233,5053,698,8984
MG,PORTO FIRME,775,18,793,1138,154,2085
MG,POTE,907,43,950,1623,308,2881
MG,POUSO ALEGRE,24497,1490,25987,33873,8195,68055
MG,POUSO ALTO,820,36,856,1451,294,2601
MG,PRADOS,1300,49,1349,1541,221,3111
MG,PRATA,3203,322,3525,4500,1027,9052
MG,PRATAPOLIS,899,36,935,2581,359,3875
MG,PRATINHA,247,18,265,588,71,924
MG,PRESIDENTE BERNARDES,306,13,319,644,45,1008
MG,PRESIDENTE JUSCELINO,246,18,264,477,65,806
MG,PRESIDENTE KUBITSCHEK,413,9,422,777,89,1288
MG,PRESIDENTE OLEGARIO,1769,68,1837,2780,427,5044
MG,PRUDENTE DE MORAIS,1272,61,1333,2404,634,4371
MG,QUARTEL GERAL,304,15,319,816,119,1254
MG,QUELUZITO,203,9,212,376,50,638
MG,RAPOSOS,1343,38,1381,2936,642,4959
MG,RAUL SOARES,2323,80,2403,4423,690,7516
MG,RECREIO,925,31,956,2132,456,3544
MG,REDUTO,731,30,761,959,257,1977
MG,RESENDE COSTA,1550,60,1610,2102,289,4001
MG,RESPLENDOR,1791,87,1878,2666,565,5109
MG,RESSAQUINHA,416,24,440,1145,194,1779
MG,RIACHINHO,516,36,552,804,189,1545
MG,RIACHO DOS MACHADOS,391,39,430,802,162,1394
MG,RIBEIRAO DAS NEVES,36283,672,36955,44688,15005,96648
MG,RIBEIRAO VERMELHO,477,18,495,1067,168,1730
MG,RIO ACIMA,1524,50,1574,5123,1646,8343
MG,RIO CASCA,1695,67,1762,3050,400,5212
MG,RIO DOCE,368,16,384,734,71,1189
MG,RIO DO PRADO,263,17,280,676,110,1066
MG,RIO ESPERA,349,11,360,750,93,1203
MG,RIO MANSO,623,22,645,940,144,1729
MG,RIO NOVO,1007,41,1048,2255,546,3849
MG,RIO PARANAIBA,1882,89,1971,2401,380,4752
MG,RIO PARDO DE MINAS,1669,118,1787,2734,582,5103
MG,RIO PIRACICABA,1302,63,1365,2498,446,4309
MG,RIO POMBA,2381,90,2471,3823,584,6878
MG,RIO PRETO,525,23,548,1147,208,1903
MG,RIO VERMELHO,671,16,687,1095,244,2026
MG,RITAPOLIS,480,25,505,1147,196,1848
MG,ROCHEDO DE MINAS,342,11,353,825,109,1287
MG,RODEIRO,1179,44,1223,1828,298,3349
MG,ROMARIA,312,20,332,653,99,1084
MG,ROSARIO DA LIMEIRA,495,19,514,911,160,1585
MG,RUBELITA,265,31,296,590,106,992
MG,RUBIM,427,16,443,1213,167,1823
MG,SABARA,13932,340,14272,19267,5927,39466
MG,SABINOPOLIS,1136,43,1179,1930,313,3422
MG,SACRAMENTO,3065,197,3262,4299,1149,8710
MG,SALINAS,4666,233,4899,6414,1103,12416
MG,SALTO DA DIVISA,373,26,399,1004,250,1653
MG,SANTA BARBARA,3371,131,3502,4968,958,9428
MG,SANTA BARBARA DO LESTE,658,21,679,977,179,1835
MG,SANTA BARBARA DO MONTE VERDE,291,13,304,517,106,927
MG,SANTA BARBARA DO TUGURIO,327,12,339,819,108,1266
MG,SANTA CRUZ DE MINAS,1142,30,1172,1593,383,3148
MG,SANTA CRUZ DE SALINAS,219,18,237,435,62,734
MG,SANTA CRUZ DO ESCALVADO,383,12,395,945,108,1448
MG,SANTA EFIGENIA DE MINAS,583,12,595,720,89,1404
MG,SANTA FE DE MINAS,240,14,254,517,75,846
MG,SANTA HELENA DE MINAS,283,11,294,546,103,943
MG,SANTA JULIANA,1808,140,1948,2407,450,4805
MG,SANTA LUZIA,26753,658,27411,35023,10846,73280
MG,SANTA MARGARIDA,1073,42,1115,1662,212,2989
MG,SANTA MARIA DE ITABIRA,998,45,1043,1355,316,2714
MG,SANTA MARIA DO SALTO,273,17,290,634,144,1068
MG,SANTA MARIA DO SUACUI,1095,33,1128,1655,291,3074
MG,SANTANA DA VARGEM,731,30,761,1577,308,2646
MG,SANTANA DE CATAGUASES,342,13,355,840,146,1341
MG,SANTANA DE PIRAPAMA,369,27,396,780,167,1343
MG,SANTANA DO DESERTO,535,25,560,1085,251,1896
MG,SANTANA DO GARAMBEU,225,22,247,439,67,753
MG,SANTANA DO JACARE,513,24,537,999,118,1654
MG,SANTANA DO MANHUACU,538,28,566,1030,279,1875
MG,SANTANA DO PARAISO,5757,179,5936,5937,1512,13385
MG,SANTANA DO RIACHO,1275,42,1317,1407,354,3078
MG,SANTANA DOS MONTES,344,5,349,600,83,1032
MG,SANTA RITA DE CALDAS,902,60,962,1499,164,2625
MG,SANTA RITA DE IBITIPOCA,295,27,322,518,76,916
MG,SANTA RITA DE JACUTINGA,567,26,593,1049,257,1899
MG,SANTA RITA DE MINAS,774,21,795,1042,205,2042
MG,SANTA RITA DO ITUETO,346,26,372,611,128,1111
MG,SANTA RITA DO SAPUCAI,5828,266,6094,9212,1884,17190
MG,SANTA ROSA DA SERRA,318,17,335,743,101,1179
MG,SANTA VITORIA,2250,129,2379,3817,870,7066
MG,SANTO ANTONIO DO AMPARO,1591,82,1673,2534,497,4704
MG,SANTO ANTONIO DO AVENTUREIRO,445,18,463,653,124,1240
MG,SANTO ANTONIO DO GRAMA,347,28,375,934,104,1413
MG,SANTO ANTONIO DO ITAMBE,241,16,257,502,107,866
MG,SANTO ANTONIO DO JACINTO,524,22,546,1146,224,1916
MG,SANTO ANTONIO DO MONTE,4669,146,4815,5705,830,11350
MG,SANTO ANTONIO DO RETIRO,232,24,256,439,52,747
MG,SANTO ANTONIO DO RIO ABAIXO,163,4,167,393,43,603
MG,SANTO HIPOLITO,213,26,239,667,97,1003
MG,SANTOS DUMONT,3836,195,4031,7484,1690,13205
MG,SAO BENTO ABADE,470,32,502,1062,189,1753
MG,SAO BRAS DO SUACUI,473,33,506,1078,160,1744
MG,SAO DOMINGOS DAS DORES,516,16,532,669,116,1317
MG,SAO DOMINGOS DO PRATA,1760,60,1820,3034,459,5313
MG,SAO FELIX DE MINAS,282,14,296,587,81,964
MG,SAO FRANCISCO,2940,141,3081,5786,1150,10017
MG,SAO FRANCISCO DE PAULA,504,35,539,1099,123,1761
MG,SAO FRANCISCO DE SALES,399,33,432,866,200,1498
MG,SAO FRANCISCO DO GLORIA,470,17,487,958,174,1619
MG,SAO GERALDO,1050,31,1081,1626,301,3008
MG,SAO GERALDO DA PIEDADE,199,10,209,538,68,815
MG,SAO GERALDO DO BAIXIO,229,14,243,425,94,762
MG,SAO GONCALO DO ABAETE,592,59,651,1111,270,2032
MG,SAO GONCALO DO PARA,1485,59,1544,2494,400,4438
MG,SAO GONCALO DO RIO ABAIXO,1371,123,1494,1842,397,3733
MG,SAO GONCALO DO RIO PRETO,289,14,303,654,61,1018
MG,SAO GONCALO DO SAPUCAI,2713,125,2838,5075,843,8756
MG,SAO GOTARDO,6536,242,6778,7911,1350,16039
MG,SAO JOAO BATISTA DO GLORIA,1122,33,1155,1964,366,3485
MG,SAO JOAO DA LAGOA,274,12,286,520,60,866
MG,SAO JOAO DA MATA,258,10,268,619,103,990
MG,SAO JOAO DA PONTE,1039,84,1123,1878,431,3432
MG,SAO JOAO DAS MISSOES,358,12,370,555,107,1032
MG,SAO JOAO DEL REI,12112,462,12574,19359,3524,35457
MG,SAO JOAO DO MANHUACU,767,41,808,1133,256,2197
MG,SAO JOAO DO MANTENINHA,659,27,686,882,215,1783
MG,SAO JOAO DO ORIENTE,850,21,871,1049,256,2176
MG,SAO JOAO DO PACUI,172,6,178,449,39,666
MG,SAO JOAO DO PARAISO,1486,126,1612,2287,420,4319
MG,SAO JOAO EVANGELISTA,1922,57,1979,2412,487,4878
MG,SAO JOAO NEPOMUCENO,3365,131,3496,6668,1494,11658
MG,SAO JOAQUIM DE BICAS,4082,136,4218,4766,1201,10185
MG,SAO JOSE DA BARRA,1055,37,1092,1521,253,2866
MG,SAO JOSE DA LAPA,3455,88,3543,4482,1166,9191
MG,SAO JOSE DA SAFIRA,256,16,272,495,89,856
MG,SAO JOSE DA VARGINHA,378,23,401,849,134,1384
MG,SAO JOSE DO ALEGRE,396,18,414,1047,148,1609
MG,SAO JOSE DO DIVINO,238,15,253,459,124,836
MG,SAO JOSE DO GOIABAL,471,26,497,1031,138,1666
MG,SAO JOSE DO JACURI,362,21,383,844,98,1325
MG,SAO JOSE DO MANTIMENTO,197,12,209,362,63,634
MG,SAO LOURENCO,7933,328,8261,13441,2962,24664
MG,SAO MIGUEL DO ANTA,469,12,481,970,137,1588
MG,SAO PEDRO DA UNIAO,401,18,419,934,94,1447
MG,SAO PEDRO DOS FERROS,700,33,733,1608,247,2588
MG,SAO PEDRO DO SUACUI,380,16,396,709,93,1198
MG,SAO ROMAO,527,29,556,1265,180,2001
MG,SAO ROQUE DE MINAS,1013,53,1066,1140,207,2413
MG,SAO SEBASTIAO DA BELA VISTA,618,42,660,930,163,1753
MG,SAO SEBASTIAO DA VARGEM ALEGRE,332,15,347,524,91,962
MG,SAO SEBASTIAO DO ANTA,417,16,433,712,113,1258
MG,SAO SEBASTIAO DO MARANHAO,397,17,414,718,134,1266
MG,SAO SEBASTIAO DO OESTE,936,40,976,1195,177,2348
MG,SAO SEBASTIAO DO PARAISO,9141,361,9502,13664,2247,25413
MG,SAO SEBASTIAO DO RIO PRETO,121,3,124,353,35,512
MG,SAO SEBASTIAO DO RIO VERDE,262,12,274,650,50,974
MG,SAO TIAGO,1416,42,1458,2351,223,4032
MG,SAO TOMAS DE AQUINO,556,43,599,1260,201,2060
MG,SAO TOME DAS LETRAS,1479,54,1533,2226,475,4234
MG,SAO VICENTE DE MINAS,852,57,909,1391,253,2553
MG,SAPUCAI-MIRIM,1017,40,1057,1487,288,2832
MG,SARDOA,499,17,516,873,134,1523
MG,SARZEDO,5017,141,5158,5889,1651,12698
MG,SEM-PEIXE,179,8,187,426,33,646
MG,SENADOR AMARAL,683,35,718,761,133,1612
MG,SENADOR CORTES,211,11,222,434,69,725
MG,SENADOR FIRMINO,708,26,734,1208,112,2054
MG,SENADOR JOSE BENTO,131,8,139,402,45,586
MG,SENADOR MODESTINO GONCALVES,318,35,353,672,91,1116
MG,SENHORA DE OLIVEIRA,408,17,425,649,96,1170
MG,SENHORA DO PORTO,208,10,218,513,50,781
MG,SENHORA DOS REMEDIOS,714,19,733,1246,171,2150
MG,SERICITA,425,18,443,706,124,1273
MG,SERITINGA,253,16,269,554,73,896
MG,SERRA AZUL DE MINAS,218,13,231,461,80,772
MG,SERRA DA SAUDADE,193,7,200,348,46,594
MG,SERRA DOS AIMORES,494,25,519,1258,309,2086
MG,SERRA DO SALITRE,1455,87,1542,2103,480,4125
MG,SERRANIA,729,35,764,1543,275,2582
MG,SERRANOPOLIS DE MINAS,197,10,207,410,47,664
MG,SERRANOS,200,17,217,524,47,788
MG,SERRO,1985,89,2074,2570,656,5300
MG,SETE LAGOAS,33634,1229,34863,44549,11274,90686
MG,SETUBINHA,419,22,441,767,115,1323
MG,SILVEIRANIA,257,8,265,525,56,846
MG,SILVIANOPOLIS,491,30,521,1116,150,1787
MG,SIMAO PEREIRA,392,22,414,837,195,1446
MG,SIMONESIA,1172,56,1228,1873,477,3578
MG,SOBRALIA,355,17,372,893,132,1397
MG,SOLEDADE DE MINAS,829,10,839,1344,291,2474
MG,TABULEIRO,352,18,370,889,102,1361
MG,TAIOBEIRAS,4183,217,4400,5072,1015,10487
MG,TAPARUBA,205,17,222,443,83,748
MG,TAPIRA,503,33,536,865,172,1573
MG,TAPIRAI,91,10,101,384,45,530
MG,TAQUARACU DE MINAS,429,14,443,816,147,1406
MG,TARUMIRIM,1362,34,1396,2151,547,4094
MG,TEIXEIRAS,1340,43,1383,1976,385,3744
MG,TEOFILO OTONI,15606,671,16277,23730,6732,46739
MG,TIMOTEO,10358,366,10724,16776,4264,31764
MG,TIRADENTES,1785,86,1871,2835,538,5244
MG,TIROS,852,40,892,1474,187,2553
MG,TOCANTINS,2229,70,2299,3421,702,6422
MG,TOCOS DO MOJI,265,16,281,381,48,710
MG,TOLEDO,827,47,874,861,255,1990
MG,TOMBOS,840,39,879,1928,405,3212
MG,TRES CORACOES,8115,433,8548,14161,3809,26518
MG,TRES MARIAS,3366,163,3529,5551,1359,10439
MG,TRES PONTAS,6924,298,7222,10077,2004,19303
MG,TUMIRITINGA,445,17,462,799,156,1417
MG,TUPACIGUARA,3106,145,3251,7281,1191,11723
MG,TURMALINA,2444,159,2603,3097,486,6186
MG,TURVOLANDIA,460,26,486,816,113,1415
MG,UBA,13151,491,13642,19461,3792,36895
MG,UBAI,419,18,437,988,206,1631
MG,UBAPORANGA,1107,34,1141,1394,301,2836
MG,UBERABA,48086,2461,50547,66553,19912,137012
MG,UBERLANDIA,140742,6222,146964,169698,47398,364060
MG,UMBURATIBA,200,19,219,502,102,823
MG,UNAI,11768,469,12237,13935,3456,29628
MG,UNIAO DE MINAS,263,25,288,485,97,870
MG,URUANA DE MINAS,290,14,304,667,84,1055
MG,URUCANIA,958,32,990,1883,314,3187
MG,URUCUIA,725,39,764,1271,261,2296
MG,VARGEM ALEGRE,607,17,624,816,153,1593
MG,VARGEM BONITA,274,13,287,502,68,857
MG,VARGEM GRANDE DO RIO PARDO,304,41,345,465,52,862
MG,VARGINHA,22738,1236,23974,34901,7601,66476
MG,VARJAO DE MINAS,744,31,775,928,185,1888
MG,VARZEA DA PALMA,2767,185,2952,4942,1169,9063
MG,VARZELANDIA,1022,54,1076,1773,318,3167
MG,VAZANTE,2265,93,2358,3300,777,6435
MG,VERDELANDIA,338,36,374,705,157,1236
MG,VEREDINHA,396,39,435,589,56,1080
MG,VERISSIMO,220,39,259,594,102,955
MG,VERMELHO NOVO,325,15,340,750,56,1146
MG,VESPASIANO,15438,375,15813,18991,6016,40820
MG,VICOSA,12605,331,12936,16173,2973,32082
MG,VIEIRAS,251,19,270,647,93,1010
MG,VIRGEM DA LAPA,1025,36,1061,1549,234,2844
MG,VIRGINIA,850,27,877,1357,335,2569
MG,VIRGINOPOLIS,1101,39,1140,1595,226,2961
MG,VIRGOLANDIA,333,10,343,545,78,966
MG,VISCONDE DO RIO BRANCO,4402,142,4544,7324,1128,12996
MG,VOLTA GRANDE,426,19,445,973,334,1752
MG,WENCESLAU BRAZ,216,8,224,604,63,891
MS,AGUA CLARA,2086,309,2395,2585,1120,6100
MS,ALCINOPOLIS,587,78,665,827,223,1715
MS,AMAMBAI,3536,309,3845,5272,1440,10557
MS,ANASTACIO,1880,141,2021,3359,974,6354
MS,ANAURILANDIA,706,103,809,1243,352,2404
MS,ANGELICA,676,78,754,1448,311,2513
MS,ANTONIO JOAO,704,63,767,1141,366,2274
MS,APARECIDA DO TABOADO,3032,259,3291,4322,1306,8919
MS,AQUIDAUANA,3861,336,4197,6983,2225,13405
MS,ARAL MOREIRA,649,99,748,1272,374,2394
MS,BANDEIRANTES,890,109,999,1751,446,3196
MS,BATAGUASSU,2802,269,3071,3986,1046,8103
MS,BATAYPORA,1075,86,1161,1682,348,3191
MS,BELA VISTA,1934,157,2091,3178,933,6202
MS,BODOQUENA,738,89,827,1189,389,2405
MS,BONITO,3880,272,4152,4800,1566,10518
MS,BRASILANDIA,1096,176,1272,2008,626,3906
MS,CAARAPO,2940,236,3176,3934,1037,8147
MS,CAMAPUA,1721,158,1879,3090,646,5615
MS,CAMPO GRANDE,148188,6442,154630,178611,65251,398492
MS,CARACOL,463,49,512,773,196,1481
MS,CASSILANDIA,2695,236,2931,4736,1176,8843
MS,CHAPADAO DO SUL,6619,410,7029,5035,1737,13801
MS,CORGUINHO,464,44,508,880,231,1619
MS,CORONEL SAPUCAIA,1154,71,1225,1149,473,2847
MS,CORUMBA,8108,719,8827,14985,5480,29292
MS,COSTA RICA,3368,232,3600,3916,1100,8616
MS,COXIM,3786,263,4049,6435,1794,12278
MS,DEODAPOLIS,1199,79,1278,2055,612,3945
MS,DOIS IRMAOS DO BURITI,681,96,777,1108,278,2163
MS,DOURADINA,508,40,548,847,233,1628
MS,DOURADOS,35845,1952,37797,38873,12366,89036
MS,ELDORADO,1097,122,1219,2212,431,3862
MS,FATIMA DO SUL,2082,109,2191,3411,877,6479
MS,FIGUEIRAO,426,73,499,499,52,1050
MS,GLORIA DE DOURADOS,1144,59,1203,2260,393,3856
MS,GUIA LOPES DA LAGUNA,905,65,970,1541,370,2881
MS,IGUATEMI,1487,144,1631,2689,583,4903
MS,INOCENCIA,1562,468,2030,1577,348,3955
MS,ITAPORA,1878,107,1985,2476,667,5128
MS,ITAQUIRAI,1261,147,1408,2014,551,3973
MS,IVINHEMA,2880,217,3097,4144,829,8070
MS,JAPORA,302,22,324,745,91,1160
MS,JARAGUARI,559,105,664,1027,242,1933
MS,JARDIM,2949,202,3151,4302,1399,8852
MS,JATEI,259,52,311,535,113,959
MS,JUTI,536,67,603,960,283,1846
MS,LADARIO,983,90,1073,2294,674,4041
MS,LAGUNA CARAPA,588,79,667,739,201,1607
MS,MARACAJU,5601,463,6064,5715,1920,13699
MS,MIRANDA,1595,187,1782,3190,896,5868
MS,MUNDO NOVO,2471,190,2661,4497,933,8091
MS,NAVIRAI,6403,462,6865,7714,2285,16864
MS,NIOAQUE,974,96,1070,1896,580,3546
MS,NOVA ALVORADA DO SUL,2236,215,2451,2354,890,5695
MS,NOVA ANDRADINA,5943,454,6397,8005,2006,16408
MS,NOVO HORIZONTE DO SUL,405,35,440,706,117,1263
MS,PARAISO DAS AGUAS,748,106,854,566,165,1585
MS,PARANAIBA,5359,394,5753,7580,1634,14967
MS,PARANHOS,535,50,585,1072,252,1909
MS,PEDRO GOMES,777,73,850,1479,492,2821
MS,PONTA PORA,9857,673,10530,13162,4529,28221
MS,PORTO MURTINHO,1036,204,1240,2139,735,4114
MS,RIBAS DO RIO PARDO,2982,561,3543,4082,1405,9030
MS,RIO BRILHANTE,3706,304,4010,4644,1428,10082
MS,RIO NEGRO,565,41,606,931,194,1731
MS,RIO VERDE DE MATO GROSSO,2105,142,2247,3336,921,6504
MS,ROCHEDO,477,44,521,921,238,1680
MS,SANTA RITA DO PARDO,671,96,767,802,200,1769
MS,SAO GABRIEL DO OESTE,4359,296,4655,4783,1278,10716
MS,SELVIRIA,663,112,775,1226,325,2326
MS,SETE QUEDAS,830,54,884,1810,277,2971
MS,SIDROLANDIA,4703,337,5040,5749,2043,12832
MS,SONORA,2015,131,2146,2316,740,5202
MS,TACURU,454,71,525,943,216,1684
MS,TAQUARUSSU,269,28,297,585,99,981
MS,TERENOS,1348,136,1484,2392,735,4611
MS,TRES LAGOAS,17172,1583,18755,21296,7140,47191
MS,VICENTINA,441,27,468,812,141,1421
MT,ACORIZAL,436,14,450,937,270,1657
MT,AGUA BOA,5394,356,5750,5171,1455,12376
MT,ALTA FLORESTA,9127,395,9522,12141,3118,24781
MT,ALTO ARAGUAIA,1945,155,2100,3199,872,6171
MT,ALTO BOA VISTA,792,30,822,971,303,2096
MT,ALTO GARCAS,1200,104,1304,1664,475,3443
MT,ALTO PARAGUAI,413,26,439,1220,256,1915
MT,ALTO TAQUARI,1158,126,1284,2017,639,3940
MT,APIACAS,904,28,932,1223,327,2482
MT,ARAGUAIANA,354,36,390,682,177,1249
MT,ARAGUAINHA,224,5,229,432,60,721
MT,ARAPUTANGA,1756,117,1873,2482,568,4923
MT,ARENAPOLIS,1348,64,1412,2730,563,4705
MT,ARIPUANA,2453,236,2689,3843,1208,7740
MT,BARAO DE MELGACO,464,29,493,988,192,1673
MT,BARRA DO BUGRES,3069,178,3247,5658,1251,10156
MT,BARRA DO GARCAS,9366,674,10040,14874,4231,29145
MT,BOA ESPERANCA DO NORTE,541,46,587,24,5,616
MT,BOM JESUS DO ARAGUAIA,747,54,801,955,337,2093
MT,BRASNORTE,1644,158,1802,2100,786,4688
MT,CACERES,8886,446,9332,14517,4364,28213
MT,CAMPINAPOLIS,789,53,842,1207,326,2375
MT,CAMPO NOVO DO PARECIS,7277,479,7756,6388,2236,16380
MT,CAMPOS DE JULIO,1802,134,1936,1689,548,4173
MT,CAMPO VERDE,6902,441,7343,7426,2397,17166
MT,CANABRAVA DO NORTE,407,27,434,803,248,1485
MT,CANARANA,4595,266,4861,4416,1299,10576
MT,CARLINDA,838,42,880,1261,391,2532
MT,CASTANHEIRA,733,41,774,1074,288,2136
MT,CHAPADA DOS GUIMARAES,3076,129,3205,3879,1281,8365
MT,CLAUDIA,1427,77,1504,1875,559,3938
MT,COCALINHO,783,81,864,1004,321,2189
MT,COLIDER,4044,206,4250,7067,1505,12822
MT,COLNIZA,2370,163,2533,2690,1163,6386
MT,COMODORO,2483,173,2656,2983,934,6573
MT,CONFRESA,5038,336,5374,4624,1918,11916
MT,CONQUISTA D'OESTE,425,28,453,671,141,1265
MT,COTRIGUACU,844,66,910,1427,430,2767
MT,CUIABA,122786,6420,129206,151915,62981,344102
MT,CURVELANDIA,476,16,492,743,177,1412
MT,DENISE,513,23,536,1050,273,1859
MT,DIAMANTINO,3152,305,3457,5034,1485,9976
MT,DOM AQUINO,1059,50,1109,1628,388,3125
MT,FELIZ NATAL,1313,98,1411,1381,539,3331
MT,FIGUEIROPOLIS D'OESTE,270,19,289,418,85,792
MT,GAUCHA DO NORTE,1030,100,1130,1027,344,2501
MT,GENERAL CARNEIRO,366,40,406,790,208,1404
MT,GLORIA D'OESTE,277,25,302,576,72,950
MT,GUARANTA DO NORTE,4595,233,4828,5119,1547,11494
MT,GUIRATINGA,1009,67,1076,1902,530,3508
MT,INDIAVAI,200,19,219,415,72,706
MT,IPIRANGA DO NORTE,1272,91,1363,1121,359,2843
MT,ITANHANGA,850,57,907,899,365,2171
MT,ITAUBA,806,63,869,1371,298,2538
MT,ITIQUIRA,1199,158,1357,2149,598,4104
MT,JACIARA,3526,199,3725,5355,1722,10802
MT,JANGADA,514,30,544,844,309,1697
MT,JAURU,862,57,919,1699,330,2948
MT,JUARA,4199,251,4450,4812,1640,10902
MT,JUINA,6255,271,6526,7504,2303,16333
MT,JURUENA,1347,63,1410,1787,589,3786
MT,JUSCIMEIRA,993,72,1065,1636,520,3221
MT,LAMBARI D'OESTE,476,39,515,1004,263,1782
MT,LUCAS DO RIO VERDE,15213,828,16041,11434,3890,31365
MT,LUCIARA,371,15,386,1123,220,1729
MT,MARCELANDIA,1682,63,1745,3246,783,5774
MT,MATUPA,3278,203,3481,3035,876,7392
MT,MIRASSOL D'OESTE,2907,166,3073,5180,1012,9265
MT,NOBRES,2208,145,2353,3593,1110,7056
MT,NORTELANDIA,513,33,546,1298,277,2121
MT,NOSSA SENHORA DO LIVRAMENTO,916,62,978,1126,413,2517
MT,NOVA BANDEIRANTES,1314,88,1402,1705,537,3644
MT,NOVA BRASILANDIA,399,38,437,903,231,1571
MT,NOVA CANAA DO NORTE,1112,80,1192,1590,393,3175
MT,NOVA GUARITA,593,26,619,630,161,1410
MT,NOVA LACERDA,670,46,716,891,219,1826
MT,NOVA MARILANDIA,427,34,461,519,138,1118
MT,NOVA MARINGA,1252,97,1349,1217,480,3046
MT,NOVA MONTE VERDE,964,67,1031,1211,387,2629
MT,NOVA MUTUM,9766,587,10353,7348,2675,20376
MT,NOVA NAZARE,278,31,309,541,185,1035
MT,NOVA OLIMPIA,1400,84,1484,2103,678,4265
MT,NOVA SANTA HELENA,566,42,608,780,235,1623
MT,NOVA UBIRATA,1642,114,1756,1812,650,4218
MT,NOVA XAVANTINA,3110,160,3270,4658,1322,9250
MT,NOVO HORIZONTE DO NORTE,370,31,401,575,151,1127
MT,NOVO MUNDO,591,44,635,794,205,1634
MT,NOVO SANTO ANTONIO,291,9,300,439,97,836
MT,NOVO SAO JOAQUIM,617,59,676,1053,299,2028
MT,PARANAITA,1206,66,1272,1736,575,3583
MT,PARANATINGA,3233,271,3504,3955,1239,8698
MT,PEDRA PRETA,1792,119,1911,2799,778,5488
MT,PEIXOTO DE AZEVEDO,3228,164,3392,4727,1419,9538
MT,PLANALTO DA SERRA,413,20,433,676,181,1290
MT,POCONE,3068,141,3209,3572,1394,8175
MT,PONTAL DO ARAGUAIA,985,55,1040,1442,364,2846
MT,PONTE BRANCA,380,14,394,571,140,1105
MT,PONTES E LACERDA,7898,348,8246,9280,2399,19925
MT,PORTO ALEGRE DO NORTE,1230,77,1307,1384,494,3185
MT,PORTO DOS GAUCHOS,774,97,871,1651,371,2893
MT,PORTO ESPERIDIAO,992,46,1038,1364,448,2850
MT,PORTO ESTRELA,331,18,349,593,125,1067
MT,POXOREU,1975,113,2088,3057,919,6064
MT,PRIMAVERA DO LESTE,16457,1015,17472,13130,5077,35679
MT,QUERENCIA,4219,336,4555,3029,1201,8785
MT,RESERVA DO CABACAL,201,31,232,413,98,743
MT,RIBEIRAO CASCALHEIRA,1044,116,1160,1772,450,3382
MT,RIBEIRAOZINHO,415,25,440,510,134,1084
MT,RIO BRANCO,570,32,602,1075,221,1898
MT,RONDOLANDIA,226,38,264,466,93,823
MT,RONDONOPOLIS,37840,2133,39973,42656,15219,97848
MT,ROSARIO OESTE,1254,90,1344,2474,767,4585
MT,SALTO DO CEU,308,25,333,641,141,1115
MT,SANTA CARMEM,823,53,876,816,238,1930
MT,SANTA CRUZ DO XINGU,421,26,447,594,162,1203
MT,SANTA RITA DO TRIVELATO,436,44,480,591,148,1219
MT,SANTA TEREZINHA,561,42,603,1114,371,2088
MT,SANTO AFONSO,375,20,395,457,65,917
MT,SANTO ANTONIO DO LESTE,361,43,404,557,195,1156
MT,SANTO ANTONIO DO LEVERGER,1568,115,1683,2047,1005,4735
MT,SAO FELIX DO ARAGUAIA,1613,115,1728,2429,859,5016
MT,SAO JOSE DO POVO,197,12,209,413,81,703
MT,SAO JOSE DO RIO CLARO,1799,111,1910,2610,685,5205
MT,SAO JOSE DOS QUATRO MARCOS,2255,100,2355,3218,706,6279
MT,SAO JOSE DO XINGU,755,56,811,915,358,2084
MT,SAO PEDRO DA CIPA,362,17,379,704,204,1287
MT,SAPEZAL,4614,349,4963,4081,1866,10910
MT,SERRA NOVA DOURADA,166,10,176,366,101,643
MT,SINOP,36785,1718,38503,31028,10022,79553
MT,SORRISO,21941,1061,23002,16012,5339,44353
MT,TABAPORA,1732,88,1820,1935,613,4368
MT,TANGARA DA SERRA,14620,734,15354,15284,4900,35538
MT,TAPURAH,2364,150,2514,2372,999,5885
MT,TERRA NOVA DO NORTE,1342,61,1403,1840,441,3684
MT,TESOURO,357,25,382,493,94,969
MT,TORIXOREU,659,26,685,1157,272,2114
MT,UNIAO DO SUL,509,30,539,734,267,1540
MT,VALE DE SAO DOMINGOS,229,9,238,397,72,707
MT,VARZEA GRANDE,39349,1788,41137,46808,20426,108371
MT,VERA,1460,106,1566,1951,511,4028
MT,VILA BELA DA SANTISSIMA TRINDADE,1163,105,1268,2223,667,4158
MT,VILA RICA,2844,144,2988,3566,1125,7679
PA,ABAETETUBA,5397,385,5782,8368,3445,17595
PA,ABEL FIGUEIREDO,343,19,362,663,180,1205
PA,ACARA,1303,97,1400,2470,796,4666
PA,AFUA,663,44,707,1155,438,2300
PA,AGUA AZUL DO NORTE,754,50,804,920,367,2091
PA,ALENQUER,1930,108,2038,2999,1091,6128
PA,ALMEIRIM,1091,133,1224,2976,1412,5612
PA,ALTAMIRA,10785,625,11410,13404,5563,30377
PA,ANAJAS,608,45,653,1120,328,2101
PA,ANANINDEUA,40967,1782,42749,55088,30788,128625
PA,ANAPU,1504,60,1564,1863,937,4364
PA,AUGUSTO CORREA,826,28,854,1526,640,3020
PA,AURORA DO PARA,582,30,612,1037,345,1994
PA,AVEIRO,339,23,362,905,240,1507
PA,BAGRE,380,21,401,878,247,1526
PA,BAIAO,678,38,716,1470,524,2710
PA,BANNACH,214,8,222,508,109,839
PA,BARCARENA,8000,706,8706,9351,4732,22789
PA,BELEM,120180,6253,126433,182124,85927,394484
PA,BELTERRA,952,37,989,1311,492,2792
PA,BENEVIDES,4508,327,4835,5475,2805,13115
PA,BOM JESUS DO TOCANTINS,681,32,713,1054,305,2072
PA,BONITO,370,19,389,792,197,1378
PA,BRAGANCA,4633,277,4910,6903,3264,15077
PA,BRASIL NOVO,965,57,1022,1146,510,2678
PA,BREJO GRANDE DO ARAGUAIA,278,25,303,575,127,1005
PA,BREU BRANCO,1454,102,1556,2312,978,4846
PA,BREVES,2781,133,2914,4788,2478,10180
PA,BUJARU,587,43,630,1373,385,2388
PA,CACHOEIRA DO ARARI,398,24,422,982,266,1670
PA,CACHOEIRA DO PIRIA,468,21,489,748,233,1470
PA,CAMETA,2699,178,2877,4450,1719,9046
PA,CANAA DOS CARAJAS,8383,590,8973,5885,2900,17758
PA,CAPANEMA,5499,287,5786,7208,2634,15628
PA,CAPITAO POCO,3353,110,3463,3165,1603,8231
PA,CASTANHAL,15562,734,16296,20291,8989,45576
PA,CHAVES,233,19,252,749,117,1118
PA,COLARES,363,18,381,1022,240,1643
PA,CONCEICAO DO ARAGUAIA,3088,187,3275,6879,2009,12163
PA,CONCORDIA DO PARA,1219,65,1284,1463,599,3346
PA,CUMARU DO NORTE,493,45,538,668,391,1597
PA,CURIONOPOLIS,1131,117,1248,2131,739,4118
PA,CURRALINHO,597,26,623,1417,370,2410
PA,CURUA,389,24,413,914,168,1495
PA,CURUCA,1051,41,1092,2007,895,3994
PA,DOM ELISEU,2746,238,2984,3388,1616,7988
PA,ELDORADO DOS CARAJAS,1314,78,1392,1984,823,4199
PA,FARO,222,23,245,660,234,1139
PA,FLORESTA DO ARAGUAIA,861,43,904,1201,576,2681
PA,GARRAFAO DO NORTE,1317,31,1348,1112,297,2757
PA,GOIANESIA DO PARA,1163,84,1247,1735,741,3723
PA,GURUPA,757,26,783,940,445,2168
PA,IGARAPE-ACU,1416,76,1492,2186,751,4429
PA,IGARAPE-MIRI,1712,91,1803,3150,1149,6102
PA,INHANGAPI,311,13,324,750,150,1224
PA,IPIXUNA DO PARA,1132,69,1201,1711,661,3573
PA,IRITUIA,704,30,734,1488,492,2714
PA,ITAITUBA,9407,623,10030,11090,5367,26487
PA,ITUPIRANGA,1328,76,1404,2845,1000,5249
PA,JACAREACANGA,745,59,804,1000,531,2335
PA,JACUNDA,1813,99,1912,3337,1066,6315
PA,JURUTI,2116,144,2260,2815,1234,6309
PA,LIMOEIRO DO AJURU,446,24,470,979,238,1687
PA,MAE DO RIO,1613,83,1696,2017,892,4605
PA,MAGALHAES BARATA,202,14,216,590,170,976
PA,MARABA,22838,1705,24543,28816,13620,66979
PA,MARACANA,689,26,715,1529,554,2798
PA,MARAPANIM,703,32,735,1531,541,2807
PA,MARITUBA,6427,372,6799,7730,4530,19059
PA,MEDICILANDIA,1161,57,1218,1684,548,3450
PA,MELGACO,405,20,425,753,431,1609
PA,MOCAJUBA,703,59,762,1395,470,2627
PA,MOJU,2190,137,2327,3506,1657,7490
PA,MOJUI DOS CAMPOS,793,34,827,645,169,1641
PA,MONTE ALEGRE,2316,121,2437,3140,1065,6642
PA,MUANA,626,41,667,1331,329,2327
PA,NOVA ESPERANCA DO PIRIA,591,20,611,796,282,1689
PA,NOVA IPIXUNA,478,28,506,921,354,1781
PA,NOVA TIMBOTEUA,547,22,569,941,257,1767
PA,NOVO PROGRESSO,3919,249,4168,3908,2105,10181
PA,NOVO REPARTIMENTO,2305,158,2463,3146,1463,7072
PA,OBIDOS,1848,103,1951,3027,987,5965
PA,OEIRAS DO PARA,591,30,621,1445,432,2498
PA,ORIXIMINA,2624,195,2819,4346,1799,8964
PA,OUREM,568,31,599,1232,389,2220
PA,OURILANDIA DO NORTE,1990,154,2144,2498,1166,5808
PA,PACAJA,1398,85,1483,2050,1003,4536
PA,PALESTINA DO PARA,247,11,258,540,131,929
PA,PARAGOMINAS,8619,588,9207,10200,4487,23894
PA,PARAUAPEBAS,22929,1503,24432,22999,12264,59695
PA,PAU D'ARCO,434,18,452,739,234,1425
PA,PEIXE-BOI,281,13,294,676,167,1137
PA,PICARRA,509,34,543,666,242,1451
PA,PLACAS,749,36,785,1050,352,2187
PA,PONTA DE PEDRAS,614,28,642,1297,410,2349
PA,PORTEL,1844,95,1939,2901,1246,6086
PA,PORTO DE MOZ,1028,45,1073,1967,748,3788
PA,PRAINHA,715,75,790,1393,450,2633
PA,PRIMAVERA,478,19,497,985,299,1781
PA,QUATIPURU,350,9,359,872,225,1456
PA,REDENCAO,10101,467,10568,9396,4141,24105
PA,RIO MARIA,1167,69,1236,1932,710,3878
PA,RONDON DO PARA,2226,118,2344,3309,1305,6958
PA,RUROPOLIS,1373,93,1466,1686,590,3742
PA,SALINOPOLIS,3147,181,3328,3801,1994,9123
PA,SALVATERRA,877,42,919,1657,539,3115
PA,SANTA BARBARA DO PARA,966,31,997,1771,752,3520
PA,SANTA CRUZ DO ARARI,132,6,138,499,82,719
PA,SANTA ISABEL DO PARA,3736,189,3925,5023,2107,11055
PA,SANTA LUZIA DO PARA,630,20,650,913,266,1829
PA,SANTA MARIA DAS BARREIRAS,1059,91,1150,1250,465,2865
PA,SANTA MARIA DO PARA,1319,77,1396,1692,703,3791
PA,SANTANA DO ARAGUAIA,2707,217,2924,4083,1470,8477
PA,SANTAREM,27344,1617,28961,29193,14048,72202
PA,SANTAREM NOVO,222,6,228,624,151,1003
PA,SANTO ANTONIO DO TAUA,1171,62,1233,2311,705,4249
PA,SAO CAETANO DE ODIVELAS,545,26,571,1177,384,2132
PA,SAO DOMINGOS DO ARAGUAIA,958,53,1011,1278,533,2822
PA,SAO DOMINGOS DO CAPIM,606,42,648,1363,397,2408
PA,SAO FELIX DO XINGU,3336,197,3533,4568,2081,10182
PA,SAO FRANCISCO DO PARA,542,35,577,911,277,1765
PA,SAO GERALDO DO ARAGUAIA,1340,100,1440,2039,839,4318
PA,SAO JOAO DA PONTA,152,6,158,605,88,851
PA,SAO JOAO DE PIRABAS,578,33,611,1436,477,2524
PA,SAO JOAO DO ARAGUAIA,342,28,370,1151,284,1805
PA,SAO MIGUEL DO GUAMA,2205,114,2319,3384,1548,7251
PA,SAO SEBASTIAO DA BOA VISTA,525,33,558,1285,282,2125
PA,SAPUCAIA,291,25,316,645,166,1127
PA,SENADOR JOSE PORFIRIO,614,40,654,1168,433,2255
PA,SOURE,996,49,1045,2197,664,3906
PA,TAILANDIA,4051,237,4288,4725,2242,11255
PA,TERRA ALTA,353,14,367,837,204,1408
PA,TERRA SANTA,871,67,938,957,562,2457
PA,TOME-ACU,3286,194,3480,4024,1621,9125
PA,TRACUATEUA,576,18,594,1073,373,2040
PA,TRAIRAO,1034,48,1082,1066,507,2655
PA,TUCUMA,3135,172,3307,3529,1671,8507
PA,TUCURUI,4546,254,4800,9137,2936,16873
PA,ULIANOPOLIS,1402,80,1482,1612,686,3780
PA,URUARA,2017,121,2138,2611,1120,5869
PA,VIGIA,1760,98,1858,3115,1378,6351
PA,VISEU,1263,51,1314,2099,1009,4422
PA,VITORIA DO XINGU,637,88,725,1135,457,2317
PA,XINGUARA,4518,245,4763,5079,2193,12035
PB,AGUA BRANCA,436,18,454,688,141,1283
PB,AGUIAR,249,13,262,355,79,696
PB,ALAGOA GRANDE,1273,65,1338,2482,616,4436
PB,ALAGOA NOVA,980,28,1008,1306,352,2666
PB,ALAGOINHA,705,23,728,934,292,1954
PB,ALCANTIL,283,13,296,445,70,811
PB,ALGODAO DE JANDAIRA,138,6,144,341,64,549
PB,ALHANDRA,1137,267,1404,1785,672,3861
PB,AMPARO,126,5,131,294,32,457
PB,APARECIDA,410,16,426,483,148,1057
PB,ARACAGI,651,26,677,1237,319,2233
PB,ARARA,553,29,582,945,197,1724
PB,ARARUNA,880,57,937,1210,347,2494
PB,AREIA,1226,58,1284,2225,580,4089
PB,AREIA DE BARAUNAS,75,5,80,220,41,341
PB,AREIAL,458,19,477,657,141,1275
PB,AROEIRAS,576,24,600,1197,248,2045
PB,ASSUNCAO,219,15,234,409,100,743
PB,BAIA DA TRAICAO,338,25,363,911,239,1513
PB,BANANEIRAS,1213,67,1280,1488,467,3235
PB,BARAUNA,328,12,340,443,61,844
PB,BARRA DE SANTANA,224,10,234,434,82,750
PB,BARRA DE SANTA ROSA,640,49,689,975,278,1942
PB,BARRA DE SAO MIGUEL,205,6,211,435,100,746
PB,BAYEUX,6081,330,6411,11037,4498,21946
PB,BELEM,1184,52,1236,1864,514,3614
PB,BELEM DO BREJO DO CRUZ,244,18,262,454,171,887
PB,BERNARDINO BATISTA,128,5,133,235,41,409
PB,BOA VENTURA,205,13,218,529,79,826
PB,BOA VISTA,565,19,584,735,138,1457
PB,BOM JESUS,125,9,134,281,37,452
PB,BOM SUCESSO,202,14,216,293,91,600
PB,BONITO DE SANTA FE,412,20,432,671,180,1283
PB,BOQUEIRAO,986,43,1029,1467,337,2833
PB,BORBOREMA,351,9,360,525,95,980
PB,BREJO DO CRUZ,675,82,757,969,242,1968
PB,BREJO DOS SANTOS,272,17,289,438,114,841
PB,CAAPORA,957,110,1067,1700,683,3450
PB,CABACEIRAS,524,23,547,656,131,1334
PB,CABEDELO,7336,760,8096,9210,3746,21052
PB,CACHOEIRA DOS INDIOS,351,16,367,488,128,983
PB,CACIMBA DE AREIA,128,6,134,335,48,517
PB,CACIMBA DE DENTRO,635,36,671,981,226,1878
PB,CACIMBAS,266,18,284,502,71,857
PB,CAICARA,263,25,288,583,101,972
PB,CAJAZEIRAS,5206,333,5539,6575,1991,14105
PB,CAJAZEIRINHAS,121,5,126,228,52,406
PB,CALDAS BRANDAO,237,12,249,694,200,1143
PB,CAMALAU,266,14,280,444,85,809
PB,CAMPINA GRANDE,45464,2944,48408,61408,19165,128981
PB,CAPIM,272,9,281,700,149,1130
PB,CARAUBAS,199,10,209,301,56,566
PB,CARRAPATEIRA,120,6,126,242,27,395
PB,CASSERENGUE,284,14,298,419,63,780
PB,CATINGUEIRA,163,8,171,462,83,716
PB,CATOLE DO ROCHA,2097,159,2256,2362,825,5443
PB,CATURITE,213,11,224,453,78,755
PB,CONCEICAO,957,49,1006,1495,395,2896
PB,CONDADO,272,23,295,582,123,1000
PB,CONDE,2261,286,2547,2826,1289,6662
PB,CONGO,298,11,309,462,87,858
PB,COREMAS,930,42,972,1256,261,2489
PB,COXIXOLA,108,4,112,246,34,392
PB,CRUZ DO ESPIRITO SANTO,596,34,630,1145,327,2102
PB,CUBATI,348,13,361,734,156,1251
PB,CUITE,1397,77,1474,1723,451,3648
PB,CUITE DE MAMANGUAPE,338,3,341,517,108,966
PB,CUITEGI,310,8,318,678,183,1179
PB,CURRAL DE CIMA,166,6,172,298,78,548
PB,CURRAL VELHO,89,4,93,259,40,392
PB,DAMIAO,252,15,267,403,72,742
PB,DESTERRO,531,8,539,715,197,1451
PB,DIAMANTE,273,15,288,576,128,992
PB,DONA INES,594,20,614,760,115,1489
PB,DUAS ESTRADAS,266,10,276,553,82,911
PB,EMAS,222,4,226,339,52,617
PB,ESPERANCA,2899,112,3011,3373,1128,7512
PB,FAGUNDES,427,17,444,688,189,1321
PB,FREI MARTINHO,267,7,274,390,75,739
PB,GADO BRAVO,186,6,192,449,78,719
PB,GUARABIRA,4831,333,5164,7537,2600,15301
PB,GURINHEM,504,28,532,886,258,1676
PB,GURJAO,221,11,232,466,98,796
PB,IBIARA,262,13,275,541,129,945
PB,IGARACY,262,10,272,491,75,838
PB,IMACULADA,278,15,293,531,109,933
PB,INGA,886,49,935,1516,455,2906
PB,ITABAIANA,1464,120,1584,2653,913,5150
PB,ITAPORANGA,1596,96,1692,2758,652,5102
PB,ITAPOROROCA,974,32,1006,1181,391,2578
PB,ITATUBA,346,12,358,583,151,1092
PB,JACARAU,830,40,870,1197,278,2345
PB,JERICO,310,29,339,602,149,1090
PB,JOAO PESSOA,124029,6980,131009,138417,49504,318930
PB,JOCA CLAUDINO,120,3,123,231,23,377
PB,JUAREZ TAVORA,341,11,352,630,144,1126
PB,JUAZEIRINHO,863,59,922,1496,378,2796
PB,JUNCO DO SERIDO,481,25,506,689,173,1368
PB,JURIPIRANGA,551,28,579,973,315,1867
PB,JURU,412,24,436,670,111,1217
PB,LAGOA,169,13,182,327,89,598
PB,LAGOA DE DENTRO,379,24,403,675,150,1228
PB,LAGOA SECA,1388,45,1433,1716,598,3747
PB,LASTRO,110,11,121,265,51,437
PB,LIVRAMENTO,256,17,273,528,109,910
PB,LOGRADOURO,169,101,270,275,68,613
PB,LUCENA,881,31,912,1624,623,3159
PB,MAE D'AGUA,113,9,122,320,31,473
PB,MALTA,307,12,319,609,126,1054
PB,MAMANGUAPE,3170,161,3331,4615,1564,9510
PB,MANAIRA,404,19,423,680,107,1210
PB,MARCACAO,250,8,258,506,125,889
PB,MARI,1150,49,1199,1987,506,3692
PB,MARIZOPOLIS,301,18,319,467,150,936
PB,MASSARANDUBA,589,19,608,1041,217,1866
PB,MATARACA,491,33,524,811,164,1499
PB,MATINHAS,128,4,132,299,54,485
PB,MATO GROSSO,93,9,102,205,36,343
PB,MATUREIA,303,14,317,471,124,912
PB,MOGEIRO,471,16,487,945,222,1654
PB,MONTADAS,268,9,277,487,111,875
PB,MONTE HOREBE,255,9,264,444,61,769
PB,MONTEIRO,2002,110,2112,3240,953,6305
PB,MULUNGU,416,15,431,645,155,1231
PB,NATUBA,191,17,208,428,88,724
PB,NAZAREZINHO,279,21,300,452,123,875
PB,NOVA FLORESTA,573,37,610,1053,235,1898
PB,NOVA OLINDA,232,11,243,443,93,779
PB,NOVA PALMEIRA,355,17,372,556,95,1023
PB,OLHO D'AGUA,210,9,219,435,64,718
PB,OLIVEDOS,204,8,212,367,53,632
PB,OURO VELHO,159,10,169,354,75,598
PB,PARARI,76,7,83,208,39,330
PB,PASSAGEM,136,5,141,309,56,506
PB,PATOS,9831,570,10401,15645,4565,30611
PB,PAULISTA,560,31,591,760,194,1545
PB,PEDRA BRANCA,165,9,174,346,53,573
PB,PEDRA LAVRADA,434,27,461,669,140,1270
PB,PEDRAS DE FOGO,1337,102,1439,2030,861,4330
PB,PEDRO REGIS,203,14,217,384,80,681
PB,PIANCO,877,57,934,1425,296,2655
PB,PICUI,1350,98,1448,2102,449,3999
PB,PILAR,550,34,584,920,280,1784
PB,PILOES,363,17,380,576,155,1111
PB,PILOEZINHOS,200,5,205,438,87,730
PB,PIRPIRITUBA,579,15,594,950,252,1796
PB,PITIMBU,820,40,860,1275,526,2661
PB,POCINHOS,891,50,941,1259,288,2488
PB,POCO DANTAS,173,11,184,197,27,408
PB,POCO DE JOSE DE MOURA,285,8,293,275,49,617
PB,POMBAL,2206,165,2371,3368,930,6669
PB,PRATA,302,12,314,551,118,983
PB,PRINCESA ISABEL,1300,92,1392,1827,432,3651
PB,PUXINANA,613,29,642,952,269,1863
PB,QUEIMADAS,2835,132,2967,3668,1009,7644
PB,QUIXABA,96,3,99,242,28,369
PB,REMIGIO,1161,48,1209,1774,569,3552
PB,RIACHAO,218,11,229,262,51,542
PB,RIACHAO DO BACAMARTE,208,10,218,386,70,674
PB,RIACHAO DO POCO,158,7,165,343,70,578
PB,RIACHO DE SANTO ANTONIO,117,4,121,288,39,448
PB,RIACHO DOS CAVALOS,431,15,446,559,144,1149
PB,RIO TINTO,1200,49,1249,2151,645,4045
PB,SALGADINHO,124,7,131,258,60,449
PB,SALGADO DE SAO FELIX,417,12,429,754,199,1382
PB,SANTA CECILIA,289,13,302,552,93,947
PB,SANTA CRUZ,277,19,296,463,97,856
PB,SANTA HELENA,232,15,247,466,86,799
PB,SANTA INES,123,4,127,238,40,405
PB,SANTA LUZIA,1180,93,1273,1687,352,3312
PB,SANTANA DE MANGUEIRA,152,8,160,334,46,540
PB,SANTANA DOS GARROTES,273,13,286,450,91,827
PB,SANTA RITA,8881,641,9522,13385,5407,28314
PB,SANTA TERESINHA,183,6,189,421,92,702
PB,SANTO ANDRE,142,7,149,345,52,546
PB,SAO BENTINHO,179,23,202,305,59,566
PB,SAO BENTO,2475,242,2717,2365,850,5932
PB,SAO DOMINGOS,88,8,96,177,30,303
PB,SAO DOMINGOS DO CARIRI,180,6,186,278,40,504
PB,SAO FRANCISCO,159,7,166,284,40,490
PB,SAO JOAO DO CARIRI,285,17,302,646,100,1048
PB,SAO JOAO DO RIO DO PEIXE,817,35,852,1260,277,2389
PB,SAO JOAO DO TIGRE,121,9,130,283,50,463
PB,SAO JOSE DA LAGOA TAPADA,337,22,359,494,103,956
PB,SAO JOSE DE CAIANA,200,10,210,440,55,705
PB,SAO JOSE DE ESPINHARAS,120,5,125,350,77,552
PB,SAO JOSE DE PIRANHAS,963,38,1001,1379,240,2620
PB,SAO JOSE DE PRINCESA,97,3,100,218,16,334
PB,SAO JOSE DO BONFIM,129,3,132,296,68,496
PB,SAO JOSE DO BREJO DO CRUZ,157,3,160,269,58,487
PB,SAO JOSE DO SABUGI,408,27,435,378,84,897
PB,SAO JOSE DOS CORDEIROS,161,6,167,333,58,558
PB,SAO JOSE DOS RAMOS,180,3,183,379,87,649
PB,SAO MAMEDE,461,30,491,711,208,1410
PB,SAO MIGUEL DE TAIPU,286,9,295,509,131,935
PB,SAO SEBASTIAO DE LAGOA DE ROCA,559,26,585,790,218,1593
PB,SAO SEBASTIAO DO UMBUZEIRO,185,7,192,342,71,605
PB,SAO VICENTE DO SERIDO,436,14,450,804,145,1399
PB,SAPE,2436,227,2663,4410,1550,8623
PB,SERRA BRANCA,748,48,796,1255,284,2335
PB,SERRA DA RAIZ,166,4,170,350,67,587
PB,SERRA GRANDE,146,7,153,280,37,470
PB,SERRA REDONDA,281,12,293,569,117,979
PB,SERRARIA,322,17,339,467,81,887
PB,SERTAOZINHO,295,11,306,428,134,868
PB,SOBRADO,307,8,315,610,131,1056
PB,SOLANEA,2345,118,2463,3038,970,6471
PB,SOLEDADE,1183,48,1231,1591,449,3271
PB,SOSSEGO,191,4,195,284,52,531
PB,SOUSA,5354,376,5730,8082,2397,16209
PB,SUME,1191,74,1265,2008,538,3811
PB,TACIMA,264,20,284,552,130,966
PB,TAPEROA,745,32,777,1218,242,2237
PB,TAVARES,567,28,595,955,181,1731
PB,TEIXEIRA,659,37,696,1405,407,2508
PB,TENORIO,168,7,175,308,42,525
PB,TRIUNFO,381,16,397,630,156,1183
PB,UIRAUNA,1034,53,1087,1542,454,3083
PB,UMBUZEIRO,372,13,385,679,144,1208
PB,VARZEA,195,9,204,352,46,602
PB,VIEIROPOLIS,150,13,163,275,54,492
PB,VISTA SERRANA,189,17,206,332,43,581
PB,ZABELE,106,5,111,245,53,409
PE,ABREU E LIMA,6306,282,6588,10551,4178,21317
PE,AFOGADOS DA INGAZEIRA,3234,142,3376,4587,1058,9021
PE,AFRANIO,697,51,748,995,221,1964
PE,AGRESTINA,1092,60,1152,1729,460,3341
PE,AGUA PRETA,721,44,765,2105,687,3557
PE,AGUAS BELAS,1064,108,1172,2245,598,4015
PE,ALAGOINHA,681,36,717,935,191,1843
PE,ALIANCA,1483,105,1588,2215,727,4530
PE,ALTINHO,1524,40,1564,1257,340,3161
PE,AMARAJI,831,37,868,1774,458,3100
PE,ANGELIM,294,30,324,674,169,1167
PE,ARACOIABA,730,29,759,1361,401,2521
PE,ARARIPINA,4525,318,4843,6561,2186,13590
PE,ARCOVERDE,6238,395,6633,10597,3008,20238
PE,BARRA DE GUABIRABA,518,20,538,994,166,1698
PE,BARREIROS,2201,124,2325,4651,1646,8622
PE,BELEM DE MARIA,288,23,311,698,150,1159
PE,BELEM DO SAO FRANCISCO,777,52,829,1734,453,3016
PE,BELO JARDIM,4621,348,4969,7558,2129,14656
PE,BETANIA,315,33,348,655,128,1131
PE,BEZERROS,3639,201,3840,5694,1560,11094
PE,BODOCO,1060,76,1136,1593,428,3157
PE,BOM CONSELHO,1307,143,1450,2590,733,4773
PE,BOM JARDIM,1169,53,1222,1718,489,3429
PE,BONITO,2149,93,2242,3472,813,6527
PE,BREJAO,311,14,325,611,158,1094
PE,BREJINHO,360,31,391,617,83,1091
PE,BREJO DA MADRE DE DEUS,2075,127,2202,2492,1046,5740
PE,BUENOS AIRES,351,14,365,807,244,1416
PE,BUIQUE,1256,92,1348,2118,547,4013
PE,CABO DE SANTO AGOSTINHO,14360,1343,15703,21897,8532,46132
PE,CABROBO,1433,129,1562,2775,895,5232
PE,CACHOEIRINHA,768,46,814,1391,272,2477
PE,CAETES,571,57,628,900,239,1767
PE,CALCADO,225,18,243,476,99,818
PE,CALUMBI,221,18,239,463,75,777
PE,CAMARAGIBE,13417,387,13804,19372,7349,40525
PE,CAMOCIM DE SAO FELIX,701,46,747,1294,319,2360
PE,CAMUTANGA,312,21,333,685,164,1182
PE,CANHOTINHO,888,48,936,1350,328,2614
PE,CAPOEIRAS,427,36,463,903,208,1574
PE,CARNAIBA,938,43,981,1295,254,2530
PE,CARNAUBEIRA DA PENHA,356,45,401,538,109,1048
PE,CARPINA,6575,391,6966,9449,3165,19580
PE,CARUARU,46252,2416,48668,56818,16833,122319
PE,CASINHAS,255,13,268,455,68,791
PE,CATENDE,1222,63,1285,3191,1109,5585
PE,CEDRO,463,31,494,694,154,1342
PE,CHA DE ALEGRIA,560,32,592,1038,252,1882
PE,CHA GRANDE,1102,43,1145,1430,392,2967
PE,CONDADO,1066,54,1120,1977,666,3763
PE,CORRENTES,335,26,361,841,211,1413
PE,CORTES,438,15,453,1094,343,1890
PE,CUMARU,393,20,413,735,212,1360
PE,CUPIRA,1866,91,1957,2331,595,4883
PE,CUSTODIA,1637,84,1721,2465,610,4796
PE,DORMENTES,716,44,760,719,97,1576
PE,ESCADA,2963,190,3153,5441,1876,10470
PE,EXU,1222,78,1300,1899,536,3735
PE,FEIRA NOVA,1038,38,1076,1472,418,2966
PE,FERNANDO DE NORONHA,1128,53,1181,480,394,2055
PE,FERREIROS,459,22,481,826,261,1568
PE,FLORES,731,60,791,1291,350,2432
PE,FLORESTA,1208,96,1304,1995,601,3900
PE,FREI MIGUELINHO,482,26,508,746,160,1414
PE,GAMELEIRA,711,36,747,1849,526,3122
PE,GARANHUNS,10971,678,11649,17864,4985,34498
PE,GLORIA DO GOITA,1230,51,1281,1859,700,3840
PE,GOIANA,4948,398,5346,8875,3468,17689
PE,GRANITO,653,10,663,703,125,1491
PE,GRAVATA,6646,401,7047,9450,2793,19290
PE,IATI,457,32,489,972,309,1770
PE,IBIMIRIM,823,53,876,2248,491,3615
PE,IBIRAJUBA,177,18,195,433,74,702
PE,IGARASSU,8440,425,8865,11416,4553,24834
PE,IGUARACY,404,29,433,816,150,1399
PE,ILHA DE ITAMARACA,1298,45,1343,2778,1217,5338
PE,INAJA,555,52,607,1070,319,1996
PE,INGAZEIRA,184,11,195,360,54,609
PE,IPOJUCA,8319,682,9001,10506,4894,24401
PE,IPUBI,1087,56,1143,1668,587,3398
PE,ITACURUBA,149,19,168,361,88,617
PE,ITAIBA,756,56,812,1396,246,2454
PE,ITAMBE,1552,152,1704,2614,1033,5351
PE,ITAPETIM,711,28,739,1160,187,2086
PE,ITAPISSUMA,1074,65,1139,2029,811,3979
PE,ITAQUITINGA,514,29,543,1296,341,2180
PE,JABOATAO DOS GUARARAPES,56351,2411,58762,87173,35247,181182
PE,JAQUEIRA,344,30,374,766,216,1356
PE,JATAUBA,540,43,583,787,195,1565
PE,JATOBA,575,39,614,937,231,1782
PE,JOAO ALFREDO,1048,57,1105,1922,471,3498
PE,JOAQUIM NABUCO,407,24,431,1128,318,1877
PE,JUCATI,289,19,308,427,98,833
PE,JUPI,556,27,583,904,211,1698
PE,JUREMA,370,32,402,716,148,1266
PE,LAGOA DE ITAENGA,994,25,1019,1478,370,2867
PE,LAGOA DO CARRO,865,50,915,1394,380,2689
PE,LAGOA DO OURO,294,21,315,586,120,1021
PE,LAGOA DOS GATOS,428,28,456,822,188,1466
PE,LAGOA GRANDE,1050,73,1123,1294,419,2836
PE,LAJEDO,2289,145,2434,3383,851,6668
PE,LIMOEIRO,4784,205,4989,6183,2239,13411
PE,MACAPARANA,1041,59,1100,1492,347,2939
PE,MACHADOS,486,30,516,758,196,1470
PE,MANARI,304,17,321,559,93,973
PE,MARAIAL,288,21,309,1106,266,1681
PE,MIRANDIBA,514,38,552,1127,266,1945
PE,MOREILANDIA,357,21,378,608,142,1128
PE,MORENO,3519,168,3687,5768,2281,11736
PE,NAZARE DA MATA,1560,99,1659,3130,894,5683
PE,OLINDA,35447,1077,36524,62473,24631,123628
PE,OROBO,826,44,870,998,270,2138
PE,OROCO,396,37,433,866,235,1534
PE,OURICURI,2569,197,2766,4954,1083,8803
PE,PALMARES,3566,263,3829,8179,2630,14638
PE,PALMEIRINA,183,12,195,575,85,855
PE,PANELAS,808,39,847,1207,313,2367
PE,PARANATAMA,409,35,444,681,145,1270
PE,PARNAMIRIM,655,47,702,1301,255,2258
PE,PASSIRA,920,34,954,1571,376,2901
PE,PAUDALHO,2833,97,2930,4429,1520,8879
PE,PAULISTA,29336,1224,30560,45858,18317,94735
PE,PEDRA,638,40,678,1041,233,1952
PE,PESQUEIRA,2743,227,2970,6538,1791,11299
PE,PETROLANDIA,1632,149,1781,3436,854,6071
PE,PETROLINA,39571,2112,41683,46540,16173,104396
PE,POCAO,385,24,409,765,166,1340
PE,POMBOS,1294,67,1361,1839,620,3820
PE,PRIMAVERA,457,20,477,1128,266,1871
PE,QUIPAPA,567,26,593,1248,344,2185
PE,QUIXABA,278,18,296,368,54,718
PE,RECIFE,201605,10791,212396,313060,108566,634022
PE,RIACHO DAS ALMAS,1249,37,1286,1369,354,3009
PE,RIBEIRAO,1687,114,1801,3684,1413,6898
PE,RIO FORMOSO,889,70,959,2205,591,3755
PE,SAIRE,531,31,562,779,221,1562
PE,SALGADINHO,154,11,165,381,71,617
PE,SALGUEIRO,4604,324,4928,7845,2215,14988
PE,SALOA,358,40,398,801,223,1422
PE,SANHARO,1199,40,1239,1569,302,3110
PE,SANTA CRUZ,411,21,432,573,109,1114
PE,SANTA CRUZ DA BAIXA VERDE,662,30,692,922,149,1763
PE,SANTA CRUZ DO CAPIBARIBE,9628,758,10386,12734,4414,27534
PE,SANTA FILOMENA,292,30,322,491,52,865
PE,SANTA MARIA DA BOA VISTA,1089,134,1223,2527,768,4518
PE,SANTA MARIA DO CAMBUCA,381,16,397,689,179,1265
PE,SANTA TEREZINHA,421,30,451,694,162,1307
PE,SAO BENEDITO DO SUL,267,12,279,604,119,1002
PE,SAO BENTO DO UNA,1602,133,1735,2535,570,4840
PE,SAO CAITANO,1814,71,1885,2605,618,5108
PE,SAO JOAO,697,34,731,1002,212,1945
PE,SAO JOAQUIM DO MONTE,554,30,584,1190,234,2008
PE,SAO JOSE DA COROA GRANDE,1269,62,1331,2158,869,4358
PE,SAO JOSE DO BELMONTE,1584,98,1682,2236,511,4429
PE,SAO JOSE DO EGITO,2099,95,2194,3303,791,6288
PE,SAO LOURENCO DA MATA,7983,236,8219,11946,4580,24745
PE,SAO VICENTE FERRER,622,27,649,941,216,1806
PE,SERRA TALHADA,7491,364,7855,11598,2788,22241
PE,SERRITA,493,31,524,954,174,1652
PE,SERTANIA,1541,87,1628,3035,808,5471
PE,SIRINHAEM,1474,88,1562,2664,948,5174
PE,SOLIDAO,167,9,176,317,47,540
PE,SURUBIM,3944,279,4223,5709,1638,11570
PE,TABIRA,1505,88,1593,2254,415,4262
PE,TACAIMBO,422,38,460,875,135,1470
PE,TACARATU,662,64,726,1113,289,2128
PE,TAMANDARE,2187,151,2338,2556,1138,6032
PE,TAQUARITINGA DO NORTE,1436,84,1520,1839,724,4083
PE,TEREZINHA,193,13,206,387,91,684
PE,TERRA NOVA,365,20,385,576,104,1065
PE,TIMBAUBA,2614,189,2803,4912,1657,9372
PE,TORITAMA,3087,307,3394,4928,2343,10665
PE,TRACUNHAEM,591,22,613,1299,288,2200
PE,TRINDADE,1840,112,1952,2584,1101,5637
PE,TRIUNFO,1351,59,1410,1747,351,3508
PE,TUPANATINGA,500,27,527,1043,243,1813
PE,TUPARETAMA,431,34,465,824,156,1445
PE,VENTUROSA,735,48,783,1192,295,2270
PE,VERDEJANTE,349,23,372,671,148,1191
PE,VERTENTE DO LERIO,182,13,195,587,83,865
PE,VERTENTES,771,53,824,1215,582,2621
PE,VICENCIA,1148,47,1195,1984,610,3789
PE,VITORIA DE SANTO ANTAO,8896,474,9370,13417,4917,27704
PE,XEXEU,415,25,440,731,275,1446
PI,ACAUA,303,12,315,298,27,640
PI,AGRICOLANDIA,213,7,220,416,96,732
PI,AGUA BRANCA,1393,119,1512,1885,632,4029
PI,ALAGOINHA DO PIAUI,230,5,235,316,65,616
PI,ALEGRETE DO PIAUI,243,11,254,340,96,690
PI,ALTO LONGA,501,42,543,724,203,1470
PI,ALTOS,2562,165,2727,2863,1143,6733
PI,ALVORADA DO GURGUEIA,254,16,270,462,124,856
PI,AMARANTE,683,56,739,1314,350,2403
PI,ANGICAL DO PIAUI,363,19,382,705,167,1254
PI,ANISIO DE ABREU,447,33,480,610,216,1306
PI,ANTONIO ALMEIDA,174,11,185,418,100,703
PI,AROAZES,281,15,296,452,119,867
PI,AROEIRAS DO ITAIM,87,3,90,195,21,306
PI,ARRAIAL,209,11,220,376,72,668
PI,ASSUNCAO DO PIAUI,237,12,249,328,81,658
PI,AVELINO LOPES,408,15,423,642,190,1255
PI,BAIXA GRANDE DO RIBEIRO,1166,94,1260,819,472,2551
PI,BARRA D'ALCANTARA,159,13,172,286,46,504
PI,BARRAS,2330,112,2442,2597,898,5937
PI,BARREIRAS DO PIAUI,118,17,135,369,57,561
PI,BARRO DURO,272,16,288,625,171,1084
PI,BATALHA,961,38,999,1149,388,2536
PI,BELA VISTA DO PIAUI,199,12,211,259,36,506
PI,BELEM DO PIAUI,224,3,227,226,39,492
PI,BENEDITINOS,403,23,426,709,136,1271
PI,BERTOLINIA,323,18,341,582,146,1069
PI,BETANIA DO PIAUI,284,10,294,282,33,609
PI,BOA HORA,246,11,257,421,82,760
PI,BOCAINA,138,8,146,271,31,448
PI,BOM JESUS,2891,301,3192,2890,1322,7404
PI,BOM PRINCIPIO DO PIAUI,173,8,181,512,67,760
PI,BONFIM DO PIAUI,136,14,150,274,62,486
PI,BOQUEIRAO DO PIAUI,286,12,298,481,81,860
PI,BRASILEIRA,341,15,356,474,94,924
PI,BREJO DO PIAUI,130,13,143,248,39,430
PI,BURITI DOS LOPES,655,62,717,1214,314,2245
PI,BURITI DOS MONTES,312,10,322,325,106,753
PI,CABECEIRAS DO PIAUI,291,18,309,465,116,890
PI,CAJAZEIRAS DO PIAUI,152,6,158,214,46,418
PI,CAJUEIRO DA PRAIA,671,54,725,709,195,1629
PI,CALDEIRAO GRANDE DO PIAUI,163,13,176,296,74,546
PI,CAMPINAS DO PIAUI,154,14,168,350,65,583
PI,CAMPO ALEGRE DO FIDALGO,221,17,238,307,62,607
PI,CAMPO GRANDE DO PIAUI,251,10,261,357,91,709
PI,CAMPO LARGO DO PIAUI,205,9,214,356,49,619
PI,CAMPO MAIOR,3343,240,3583,5644,1700,10927
PI,CANAVIEIRA,134,9,143,322,37,502
PI,CANTO DO BURITI,1159,96,1255,1640,513,3408
PI,CAPITAO DE CAMPOS,411,26,437,679,211,1327
PI,CAPITAO GERVASIO OLIVEIRA,197,23,220,290,45,555
PI,CARACOL,402,31,433,518,215,1166
PI,CARAUBAS DO PIAUI,232,8,240,315,53,608
PI,CARIDADE DO PIAUI,259,5,264,300,72,636
PI,CASTELO DO PIAUI,1130,77,1207,1484,557,3248
PI,CAXINGO,205,6,211,283,38,532
PI,COCAL,1042,78,1120,1522,416,3058
PI,COCAL DE TELHA,204,8,212,318,68,598
PI,COCAL DOS ALVES,268,15,283,328,28,639
PI,COIVARAS,145,10,155,282,43,480
PI,COLONIA DO GURGUEIA,395,24,419,592,150,1161
PI,COLONIA DO PIAUI,232,15,247,379,101,727
PI,CONCEICAO DO CANINDE,209,7,216,453,102,771
PI,CORONEL JOSE DIAS,189,10,199,313,78,590
PI,CORRENTE,1727,201,1928,2602,1102,5632
PI,CRISTALANDIA DO PIAUI,259,15,274,426,109,809
PI,CRISTINO CASTRO,654,60,714,952,388,2054
PI,CURIMATA,714,48,762,844,322,1928
PI,CURRAIS,184,12,196,472,99,767
PI,CURRALINHOS,172,7,179,444,63,686
PI,CURRAL NOVO DO PIAUI,174,14,188,240,38,466
PI,DEMERVAL LOBAO,958,48,1006,1102,415,2523
PI,DIRCEU ARCOVERDE,219,12,231,336,100,667
PI,DOM EXPEDITO LOPES,366,21,387,538,108,1033
PI,DOMINGOS MOURAO,190,17,207,305,46,558
PI,DOM INOCENCIO,372,85,457,447,100,1004
PI,ELESBAO VELOSO,651,43,694,871,184,1749
PI,ELISEU MARTINS,285,23,308,576,141,1025
PI,ESPERANTINA,2132,153,2285,2560,729,5574
PI,FARTURA DO PIAUI,139,5,144,307,80,531
PI,FLORES DO PIAUI,172,13,185,406,72,663
PI,FLORESTA DO PIAUI,115,5,120,215,34,369
PI,FLORIANO,5985,408,6393,8054,2817,17264
PI,FRANCINOPOLIS,151,14,165,358,61,584
PI,FRANCISCO AYRES,152,10,162,388,45,595
PI,FRANCISCO MACEDO,138,2,140,203,27,370
PI,FRANCISCO SANTOS,273,23,296,422,81,799
PI,FRONTEIRAS,466,46,512,842,286,1640
PI,GEMINIANO,227,4,231,396,58,685
PI,GILBUES,611,58,669,944,367,1980
PI,GUADALUPE,745,40,785,1138,299,2222
PI,GUARIBAS,167,7,174,231,60,465
PI,HUGO NAPOLEAO,140,9,149,350,57,556
PI,ILHA GRANDE,327,15,342,776,177,1295
PI,INHUMA,562,56,618,895,196,1709
PI,IPIRANGA DO PIAUI,381,22,403,526,149,1078
PI,ISAIAS COELHO,195,20,215,354,59,628
PI,ITAINOPOLIS,377,22,399,598,121,1118
PI,ITAUEIRA,540,48,588,834,230,1652
PI,JACOBINA DO PIAUI,260,7,267,249,37,553
PI,JAICOS,992,65,1057,1065,277,2399
PI,JARDIM DO MULATO,135,4,139,297,51,487
PI,JATOBA DO PIAUI,214,5,219,414,52,685
PI,JERUMENHA,222,20,242,624,132,998
PI,JOAO COSTA,115,4,119,289,41,449
PI,JOAQUIM PIRES,420,35,455,621,166,1242
PI,JOCA MARQUES,128,3,131,272,41,444
PI,JOSE DE FREITAS,2280,88,2368,2889,1434,6691
PI,JUAZEIRO DO PIAUI,424,13,437,430,130,997
PI,JULIO BORGES,191,9,200,268,53,521
PI,JUREMA,143,9,152,217,48,417
PI,LAGOA ALEGRE,312,18,330,530,180,1040
PI,LAGOA DE SAO FRANCISCO,239,7,246,344,71,661
PI,LAGOA DO BARRO DO PIAUI,249,51,300,305,47,652
PI,LAGOA DO PIAUI,246,17,263,364,101,728
PI,LAGOA DO SITIO,126,6,132,227,40,399
PI,LAGOINHA DO PIAUI,105,4,109,270,38,417
PI,LANDRI SALES,252,13,265,501,119,885
PI,LUIS CORREIA,1261,121,1382,1947,587,3916
PI,LUZILANDIA,1026,86,1112,1484,440,3036
PI,MADEIRO,164,10,174,393,75,642
PI,MANOEL EMIDIO,307,29,336,475,137,948
PI,MARCOLANDIA,511,41,552,740,207,1499
PI,MARCOS PARENTE,209,21,230,442,102,774
PI,MASSAPE DO PIAUI,132,3,135,264,49,448
PI,MATIAS OLIMPIO,383,32,415,684,140,1239
PI,MIGUEL ALVES,811,68,879,1406,529,2814
PI,MIGUEL LEAO,81,3,84,248,41,373
PI,MILTON BRANDAO,173,10,183,252,40,475
PI,MONSENHOR GIL,463,34,497,696,221,1414
PI,MONSENHOR HIPOLITO,263,13,276,427,119,822
PI,MONTE ALEGRE DO PIAUI,406,33,439,665,231,1335
PI,MORRO CABECA NO TEMPO,186,5,191,318,62,571
PI,MORRO DO CHAPEU DO PIAUI,167,3,170,341,57,568
PI,MURICI DOS PORTELAS,250,10,260,476,100,836
PI,NAZARE DO PIAUI,307,28,335,555,133,1023
PI,NAZARIA,368,23,391,552,173,1116
PI,NOSSA SENHORA DE NAZARE,228,3,231,344,59,634
PI,NOSSA SENHORA DOS REMEDIOS,203,9,212,538,96,846
PI,NOVA SANTA RITA,151,5,156,257,51,464
PI,NOVO ORIENTE DO PIAUI,215,11,226,420,95,741
PI,NOVO SANTO ANTONIO,124,5,129,233,33,395
PI,OEIRAS,2557,187,2744,3020,1168,6932
PI,OLHO D'AGUA DO PIAUI,74,5,79,229,38,346
PI,PADRE MARCOS,295,24,319,542,81,942
PI,PAES LANDIM,221,19,240,466,94,800
PI,PAJEU DO PIAUI,157,7,164,221,35,420
PI,PALMEIRA DO PIAUI,218,15,233,428,95,756
PI,PALMEIRAIS,437,24,461,819,210,1490
PI,PAQUETA,102,1,103,196,25,324
PI,PARNAGUA,333,25,358,564,240,1162
PI,PARNAIBA,12669,819,13488,17081,5926,36495
PI,PASSAGEM FRANCA DO PIAUI,183,13,196,334,92,622
PI,PATOS DO PIAUI,247,8,255,296,64,615
PI,PAU D'ARCO DO PIAUI,144,6,150,414,37,601
PI,PAULISTANA,1325,108,1433,1787,367,3587
PI,PAVUSSU,154,5,159,288,50,497
PI,PEDRO II,1991,135,2126,2259,776,5161
PI,PEDRO LAURENTINO,145,8,153,248,43,444
PI,PICOS,7954,669,8623,9535,2977,21135
PI,PIMENTEIRAS,346,26,372,482,164,1018
PI,PIO IX,685,53,738,865,268,1871
PI,PIRACURUCA,1755,116,1871,2123,569,4563
PI,PIRIPIRI,3637,259,3896,5094,1618,10608
PI,PORTO,412,30,442,749,182,1373
PI,PORTO ALEGRE DO PIAUI,110,7,117,238,49,404
PI,PRATA DO PIAUI,165,16,181,336,42,559
PI,QUEIMADA NOVA,333,49,382,426,67,875
PI,REDENCAO DO GURGUEIA,331,16,347,536,238,1121
PI,REGENERACAO,801,51,852,1363,327,2542
PI,RIACHO FRIO,107,4,111,254,49,414
PI,RIBEIRA DO PIAUI,177,15,192,248,60,500
PI,RIBEIRO GONCALVES,443,60,503,666,279,1448
PI,RIO GRANDE DO PIAUI,273,32,305,501,119,925
PI,SANTA CRUZ DO PIAUI,264,19,283,499,100,882
PI,SANTA CRUZ DOS MILAGRES,161,6,167,302,49,518
PI,SANTA FILOMENA,372,37,409,535,193,1137
PI,SANTA LUZ,230,8,238,396,122,756
PI,SANTANA DO PIAUI,118,4,122,209,25,356
PI,SANTA ROSA DO PIAUI,309,14,323,398,91,812
PI,SANTO ANTONIO DE LISBOA,224,20,244,358,68,670
PI,SANTO ANTONIO DOS MILAGRES,73,1,74,237,36,347
PI,SANTO INACIO DO PIAUI,177,11,188,368,58,614
PI,SAO BRAZ DO PIAUI,165,6,171,296,66,533
PI,SAO FELIX DO PIAUI,149,8,157,280,42,479
PI,SAO FRANCISCO DE ASSIS DO PIAUI,185,17,202,248,47,497
PI,SAO FRANCISCO DO PIAUI,278,14,292,415,96,803
PI,SAO GONCALO DO GURGUEIA,151,24,175,286,85,546
PI,SAO GONCALO DO PIAUI,201,10,211,489,124,824
PI,SAO JOAO DA CANABRAVA,170,7,177,257,51,485
PI,SAO JOAO DA FRONTEIRA,201,12,213,361,73,647
PI,SAO JOAO DA SERRA,217,17,234,430,91,755
PI,SAO JOAO DA VARJOTA,132,10,142,229,46,417
PI,SAO JOAO DO ARRAIAL,319,20,339,364,107,810
PI,SAO JOAO DO PIAUI,1482,147,1629,2183,707,4519
PI,SAO JOSE DO DIVINO,257,15,272,406,46,724
PI,SAO JOSE DO PEIXE,172,17,189,431,73,693
PI,SAO JOSE DO PIAUI,183,10,193,302,42,537
PI,SAO JULIAO,235,13,248,510,128,886
PI,SAO LOURENCO DO PIAUI,135,10,145,269,43,457
PI,SAO LUIS DO PIAUI,67,1,68,180,17,265
PI,SAO MIGUEL DA BAIXA GRANDE,124,5,129,244,31,404
PI,SAO MIGUEL DO FIDALGO,106,6,112,228,27,367
PI,SAO MIGUEL DO TAPUIO,716,51,767,1176,326,2269
PI,SAO PEDRO DO PIAUI,561,36,597,1026,310,1933
PI,SAO RAIMUNDO NONATO,3030,226,3256,3443,1256,7955
PI,SEBASTIAO BARROS,102,7,109,257,47,413
PI,SEBASTIAO LEAL,309,22,331,295,57,683
PI,SIGEFREDO PACHECO,394,20,414,499,99,1012
PI,SIMOES,560,67,627,714,218,1559
PI,SIMPLICIO MENDES,853,73,926,1265,378,2569
PI,SOCORRO DO PIAUI,215,8,223,459,62,744
PI,SUSSUAPARA,256,4,260,390,59,709
PI,TAMBORIL DO PIAUI,125,4,129,246,39,414
PI,TANQUE DO PIAUI,146,6,152,291,43,486
PI,TERESINA,94538,5506,100044,112076,44240,256360
PI,UNIAO,1942,93,2035,2353,918,5306
PI,URUCUI,2277,305,2582,2188,1233,6003
PI,VALENCA DO PIAUI,1793,121,1914,1902,846,4662
PI,VARZEA BRANCA,151,9,160,324,85,569
PI,VARZEA GRANDE,197,10,207,452,103,762
PI,VERA MENDES,104,3,107,218,26,351
PI,VILA NOVA DO PIAUI,147,5,152,252,39,443
PI,WALL FERRAZ,132,5,137,250,45,432
PR,ABATIA,536,32,568,1207,231,2006
PR,ADRIANOPOLIS,591,49,640,1166,254,2060
PR,AGUDOS DO SUL,1193,44,1237,1784,411,3432
PR,ALMIRANTE TAMANDARE,16095,349,16444,16707,5513,38664
PR,ALTAMIRA DO PARANA,299,9,308,585,160,1053
PR,ALTONIA,2294,100,2394,4009,761,7164
PR,ALTO PARAISO,313,25,338,609,97,1044
PR,ALTO PARANA,1737,78,1815,2404,570,4789
PR,ALTO PIQUIRI,987,50,1037,2245,413,3695
PR,ALVORADA DO SUL,1321,51,1372,1828,551,3751
PR,AMAPORA,408,18,426,788,163,1377
PR,AMPERE,2503,86,2589,2939,544,6072
PR,ANAHY,290,6,296,471,94,861
PR,ANDIRA,2420,135,2555,3757,833,7145
PR,ANGULO,592,21,613,676,136,1425
PR,ANTONINA,1818,141,1959,4030,1180,7169
PR,ANTONIO OLINTO,432,46,478,765,155,1398
PR,APUCARANA,20656,692,21348,24792,6998,53138
PR,ARAPONGAS,21485,684,22169,22600,6498,51267
PR,ARAPOTI,3180,169,3349,4465,1306,9120
PR,ARAPUA,242,11,253,390,63,706
PR,ARARUNA,1932,88,2020,2588,551,5159
PR,ARAUCARIA,24127,1121,25248,27744,7720,60712
PR,ARIRANHA DO IVAI,130,11,141,369,80,590
PR,ASSAI,1688,77,1765,2851,535,5151
PR,ASSIS CHATEAUBRIAND,4923,226,5149,7155,1374,13678
PR,ASTORGA,4034,193,4227,4553,1258,10038
PR,ATALAIA,615,34,649,958,207,1814
PR,BALSA NOVA,1854,99,1953,2174,538,4665
PR,BANDEIRANTES,4506,151,4657,6394,1444,12495
PR,BARBOSA FERRAZ,1072,67,1139,2200,366,3705
PR,BARRACAO,1842,113,1955,2929,737,5621
PR,BARRA DO JACARE,220,18,238,651,85,974
PR,BELA VISTA DA CAROBA,252,14,266,481,53,800
PR,BELA VISTA DO PARAISO,2228,90,2318,3101,1283,6702
PR,BITURUNA,1818,88,1906,2896,475,5277
PR,BOA ESPERANCA,564,22,586,935,175,1696
PR,BOA ESPERANCA DO IGUACU,260,16,276,431,118,825
PR,BOA VENTURA DE SAO ROQUE,540,30,570,747,128,1445
PR,BOA VISTA DA APARECIDA,1117,27,1144,1490,364,2998
PR,BOCAIUVA DO SUL,1549,78,1627,2202,574,4403
PR,BOM JESUS DO SUL,385,20,405,586,106,1097
PR,BOM SUCESSO,647,37,684,1375,310,2369
PR,BOM SUCESSO DO SUL,367,21,388,481,96,965
PR,BORRAZOPOLIS,836,48,884,1773,271,2928
PR,BRAGANEY,490,30,520,1049,239,1808
PR,BRASILANDIA DO SUL,367,17,384,519,124,1027
PR,CAFEARA,269,15,284,483,119,886
PR,CAFELANDIA,2488,87,2575,2523,634,5732
PR,CAFEZAL DO SUL,379,17,396,645,147,1188
PR,CALIFORNIA,1156,41,1197,1756,383,3336
PR,CAMBARA,2870,135,3005,4908,1276,9189
PR,CAMBE,15916,574,16490,17956,5482,39928
PR,CAMBIRA,1276,41,1317,1810,446,3573
PR,CAMPINA DA LAGOA,1525,63,1588,2242,544,4374
PR,CAMPINA DO SIMAO,252,15,267,548,111,926
PR,CAMPINA GRANDE DO SUL,8062,293,8355,8476,2456,19287
PR,CAMPO BONITO,382,20,402,768,165,1335
PR,CAMPO DO TENENTE,775,65,840,1422,346,2608
PR,CAMPO LARGO,19549,873,20422,18854,5223,44499
PR,CAMPO MAGRO,3502,81,3583,3803,1125,8511
PR,CAMPO MOURAO,18352,733,19085,21902,5648,46635
PR,CANDIDO DE ABREU,1014,58,1072,1736,473,3281
PR,CANDOI,1576,73,1649,1895,460,4004
PR,CANTAGALO,1203,65,1268,2068,479,3815
PR,CAPANEMA,2255,109,2364,3566,650,6580
PR,CAPITAO LEONIDAS MARQUES,2005,77,2082,3073,494,5649
PR,CARAMBEI,3491,138,3629,3442,884,7955
PR,CARLOPOLIS,1977,88,2065,2748,813,5626
PR,CASCAVEL,69442,3077,72519,74857,18245,165621
PR,CASTRO,9960,528,10488,12100,3245,25833
PR,CATANDUVAS,966,37,1003,1650,311,2964
PR,CENTENARIO DO SUL,1054,51,1105,2347,470,3922
PR,CERRO AZUL,1090,70,1160,1973,742,3875
PR,CEU AZUL,1542,69,1611,2461,423,4495
PR,CHOPINZINHO,3061,129,3190,3589,770,7549
PR,CIANORTE,13145,611,13756,17752,4047,35555
PR,CIDADE GAUCHA,1512,66,1578,1771,363,3712
PR,CLEVELANDIA,1797,102,1899,3577,1058,6534
PR,COLOMBO,38550,1107,39657,42555,13818,96030
PR,COLORADO,3814,102,3916,5552,1202,10670
PR,CONGONHINHAS,655,51,706,1375,295,2376
PR,CONSELHEIRO MAIRINCK,392,16,408,846,132,1386
PR,CONTENDA,2278,97,2375,3079,717,6171
PR,CORBELIA,2731,93,2824,4104,866,7794
PR,CORNELIO PROCOPIO,6537,337,6874,9636,2863,19373
PR,CORONEL DOMINGOS SOARES,567,33,600,816,242,1658
PR,CORONEL VIVIDA,2754,139,2893,3451,626,6970
PR,CORUMBATAI DO SUL,272,26,298,744,123,1165
PR,CRUZEIRO DO IGUACU,547,23,570,839,202,1611
PR,CRUZEIRO DO OESTE,2455,115,2570,3587,1092,7249
PR,CRUZEIRO DO SUL,499,17,516,907,198,1621
PR,CRUZ MACHADO,1322,104,1426,1965,354,3745
PR,CRUZMALTINA,234,22,256,398,98,752
PR,CURITIBA,465728,18266,483994,522267,147848,1154109
PR,CURIUVA,1163,72,1235,2010,670,3915
PR,DIAMANTE D'OESTE,464,28,492,693,127,1312
PR,DIAMANTE DO NORTE,578,33,611,1071,201,1883
PR,DIAMANTE DO SUL,214,10,224,467,99,790
PR,DOIS VIZINHOS,7191,276,7467,7530,1744,16741
PR,DOURADINA,1204,47,1251,1754,362,3367
PR,DOUTOR CAMARGO,1022,38,1060,1580,285,2925
PR,DOUTOR ULYSSES,324,33,357,490,138,985
PR,ENEAS MARQUES,627,34,661,872,158,1691
PR,ENGENHEIRO BELTRAO,1571,88,1659,2602,650,4911
PR,ENTRE RIOS DO OESTE,662,38,700,834,131,1665
PR,ESPERANCA NOVA,151,9,160,315,77,552
PR,ESPIGAO ALTO DO IGUACU,315,26,341,467,107,915
PR,FAROL,258,17,275,518,58,851
PR,FAXINAL,2222,124,2346,3144,890,6380
PR,FAZENDA RIO GRANDE,23058,1941,24999,22096,6500,53595
PR,FENIX,375,36,411,878,223,1512
PR,FERNANDES PINHEIRO,447,28,475,780,127,1382
PR,FIGUEIRA,811,40,851,1665,402,2918
PR,FLORAI,701,35,736,1212,214,2162
PR,FLOR DA SERRA DO SUL,527,26,553,715,137,1405
PR,FLORESTA,2012,69,2081,1747,388,4216
PR,FLORESTOPOLIS,1043,66,1109,1968,504,3581
PR,FLORIDA,454,24,478,647,131,1256
PR,FORMOSA DO OESTE,1130,51,1181,2097,357,3635
PR,FOZ DO IGUACU,56189,1941,58130,59519,16682,134331
PR,FOZ DO JORDAO,508,21,529,944,194,1667
PR,FRANCISCO ALVES,700,26,726,1181,347,2254
PR,FRANCISCO BELTRAO,16990,623,17613,16467,4391,38471
PR,GENERAL CARNEIRO,1596,97,1693,2396,590,4679
PR,GODOY MOREIRA,208,14,222,497,62,781
PR,GOIOERE,4158,182,4340,6973,1381,12694
PR,GOIOXIM,443,17,460,679,195,1334
PR,GRANDES RIOS,409,26,435,1307,230,1972
PR,GUAIRA,4134,217,4351,6535,1414,12300
PR,GUAIRACA,578,24,602,930,137,1669
PR,GUAMIRANGA,644,27,671,781,150,1602
PR,GUAPIRAMA,563,27,590,1013,270,1873
PR,GUAPOREMA,248,10,258,423,66,747
PR,GUARACI,499,35,534,1010,176,1720
PR,GUARANIACU,1801,69,1870,3042,509,5421
PR,GUARAPUAVA,27885,1245,29130,29939,9405,68474
PR,GUARAQUECABA,533,30,563,1266,281,2110
PR,GUARATUBA,7017,347,7364,8206,2926,18496
PR,HONORIO SERPA,478,29,507,752,174,1433
PR,IBAITI,4088,212,4300,6413,1409,12122
PR,IBEMA,654,30,684,1253,282,2219
PR,IBIPORA,7275,354,7629,9859,2457,19945
PR,ICARAIMA,1069,51,1120,2055,328,3503
PR,IGUARACU,921,32,953,1191,270,2414
PR,IGUATU,188,6,194,418,88,700
PR,IMBAU,1163,51,1214,1639,358,3211
PR,IMBITUVA,2958,120,3078,3697,744,7519
PR,INACIO MARTINS,913,52,965,1436,341,2742
PR,INAJA,216,17,233,605,112,950
PR,INDIANOPOLIS,446,25,471,1061,138,1670
PR,IPIRANGA,1336,63,1399,1825,366,3590
PR,IPORA,1779,85,1864,3166,575,5605
PR,IRACEMA DO OESTE,223,16,239,336,58,633
PR,IRATI,7976,391,8367,9363,2218,19948
PR,IRETAMA,1020,46,1066,1642,333,3041
PR,ITAGUAJE,551,24,575,1007,202,1784
PR,ITAIPULANDIA,1757,59,1816,2087,454,4357
PR,ITAMBARACA,639,25,664,1264,243,2171
PR,ITAMBE,1014,27,1041,1233,237,2511
PR,ITAPEJARA D'OESTE,1496,72,1568,1968,432,3968
PR,ITAPERUCU,3346,86,3432,2992,1421,7845
PR,ITAUNA DO SUL,319,13,332,653,115,1100
PR,IVAI,1182,49,1231,1420,311,2962
PR,IVAIPORA,4399,186,4585,7545,1780,13910
PR,IVATE,641,23,664,1019,223,1906
PR,IVATUBA,738,20,758,772,145,1675
PR,JABOTI,567,29,596,779,159,1534
PR,JACAREZINHO,4611,227,4838,8397,2161,15396
PR,JAGUAPITA,1739,102,1841,2374,514,4729
PR,JAGUARIAIVA,3558,217,3775,5501,1887,11163
PR,JANDAIA DO SUL,3558,144,3702,4968,1215,9885
PR,JANIOPOLIS,635,21,656,1204,269,2129
PR,JAPIRA,516,20,536,1022,200,1758
PR,JAPURA,1225,41,1266,1740,205,3211
PR,JARDIM ALEGRE,1333,65,1398,2234,451,4083
PR,JARDIM OLINDA,163,7,170,390,70,630
PR,JATAIZINHO,1313,79,1392,2439,663,4494
PR,JESUITAS,999,50,1049,1347,298,2694
PR,JOAQUIM TAVORA,1416,76,1492,2257,707,4456
PR,JUNDIAI DO SUL,267,25,292,642,137,1071
PR,JURANDA,853,29,882,1143,255,2280
PR,JUSSARA,852,39,891,1555,276,2722
PR,KALORE,434,23,457,992,160,1609
PR,LAPA,5359,270,5629,8707,1842,16178
PR,LARANJAL,331,16,347,724,129,1200
PR,LARANJEIRAS DO SUL,4945,179,5124,6861,1580,13565
PR,LEOPOLIS,406,26,432,832,143,1407
PR,LIDIANOPOLIS,435,17,452,633,169,1254
PR,LINDOESTE,632,12,644,815,185,1644
PR,LOANDA,4123,168,4291,4455,1242,9988
PR,LOBATO,776,32,808,1145,214,2167
PR,LONDRINA,109366,4578,113944,135387,39704,289035
PR,LUIZIANA,668,53,721,827,188,1736
PR,LUNARDELLI,483,21,504,812,172,1488
PR,LUPIONOPOLIS,548,34,582,903,172,1657
PR,MALLET,1498,80,1578,2337,340,4255
PR,MAMBORE,1639,63,1702,2675,682,5059
PR,MANDAGUACU,5672,181,5853,6244,1046,13143
PR,MANDAGUARI,5309,197,5506,6696,1374,13576
PR,MANDIRITUBA,3402,171,3573,5540,1562,10675
PR,MANFRINOPOLIS,273,10,283,442,42,767
PR,MANGUEIRINHA,1963,98,2061,2711,746,5518
PR,MANOEL RIBAS,1335,65,1400,1937,556,3893
PR,MARECHAL CANDIDO RONDON,9610,343,9953,12194,1957,24104
PR,MARIA HELENA,575,21,596,1381,211,2188
PR,MARIALVA,6967,260,7227,7452,1720,16399
PR,MARILANDIA DO SUL,876,44,920,1589,473,2982
PR,MARILENA,807,37,844,1270,237,2351
PR,MARILUZ,788,40,828,1369,337,2534
PR,MARINGA,107788,4407,112195,109756,25764,247715
PR,MARIOPOLIS,900,58,958,1298,360,2616
PR,MARIPA,878,46,924,981,125,2030
PR,MARMELEIRO,2151,113,2264,2554,539,5357
PR,MARQUINHO,311,20,331,513,83,927
PR,MARUMBI,528,13,541,873,174,1588
PR,MATELANDIA,2346,85,2431,3299,679,6409
PR,MATINHOS,7780,338,8118,9500,3457,21075
PR,MATO RICO,225,15,240,422,65,727
PR,MAUA DA SERRA,1254,69,1323,1488,414,3225
PR,MEDIANEIRA,8413,315,8728,9088,2044,19860
PR,MERCEDES,1017,35,1052,1020,193,2265
PR,MIRADOR,133,12,145,485,84,714
PR,MIRASELVA,226,30,256,541,128,925
PR,MISSAL,1710,86,1796,1893,302,3991
PR,MOREIRA SALES,936,40,976,1971,455,3402
PR,MORRETES,2368,116,2484,3296,1323,7103
PR,MUNHOZ DE MELO,618,28,646,921,180,1747
PR,NOSSA SENHORA DAS GRACAS,493,24,517,864,165,1546
PR,NOVA ALIANCA DO IVAI,153,11,164,378,45,587
PR,NOVA AMERICA DA COLINA,310,14,324,648,147,1119
PR,NOVA AURORA,1655,86,1741,2355,532,4628
PR,NOVA CANTU,665,34,699,1268,181,2148
PR,NOVA ESPERANCA,3866,152,4018,5484,1234,10736
PR,NOVA ESPERANCA DO SUDOESTE,631,22,653,689,171,1513
PR,NOVA FATIMA,776,45,821,1578,357,2756
PR,NOVA LARANJEIRAS,658,32,690,981,207,1878
PR,NOVA LONDRINA,1983,116,2099,2731,632,5462
PR,NOVA OLIMPIA,729,34,763,1211,225,2199
PR,NOVA PRATA DO IGUACU,1584,55,1639,1744,478,3861
PR,NOVA SANTA BARBARA,534,22,556,740,181,1477
PR,NOVA SANTA ROSA,1806,52,1858,1992,311,4161
PR,NOVA TEBAS,521,25,546,1019,164,1729
PR,NOVO ITACOLOMI,314,12,326,551,74,951
PR,ORTIGUEIRA,2175,184,2359,3603,765,6727
PR,OURIZONA,391,14,405,743,137,1285
PR,OURO VERDE DO OESTE,713,36,749,960,218,1927
PR,PAICANDU,6612,219,6831,7115,1559,15505
PR,PALMAS,5211,267,5478,6545,2163,14186
PR,PALMEIRA,4856,221,5077,5524,1211,11812
PR,PALMITAL,1322,58,1380,2514,437,4331
PR,PALOTINA,5958,248,6206,6884,1451,14541
PR,PARAISO DO NORTE,1526,48,1574,2185,491,4250
PR,PARANACITY,1165,44,1209,2115,504,3828
PR,PARANAGUA,18714,1595,20309,27939,10894,59142
PR,PARANAPOEMA,303,10,313,601,88,1002
PR,PARANAVAI,14858,541,15399,18233,4281,37913
PR,PATO BRAGADO,962,32,994,1227,190,2411
PR,PATO BRANCO,18261,935,19196,20981,4734,44911
PR,PAULA FREITAS,607,35,642,1018,159,1819
PR,PAULO FRONTIN,644,44,688,1120,202,2010
PR,PEABIRU,1638,62,1700,2640,627,4967
PR,PEROBAL,791,47,838,1041,158,2037
PR,PEROLA,1772,64,1836,2676,581,5093
PR,PEROLA D'OESTE,821,29,850,1366,119,2335
PR,PIEN,1569,92,1661,2242,550,4453
PR,PINHAIS,27490,1041,28531,29242,9446,67219
PR,PINHALAO,686,52,738,1130,235,2103
PR,PINHAL DE SAO BENTO,228,14,242,408,53,703
PR,PINHAO,2609,115,2724,3949,1178,7851
PR,PIRAI DO SUL,2265,136,2401,3753,956,7110
PR,PIRAQUARA,15070,322,15392,19768,6709,41869
PR,PITANGA,3882,189,4071,5970,1316,11357
PR,PITANGUEIRAS,357,24,381,487,129,997
PR,PLANALTINA DO PARANA,450,18,468,734,146,1348
PR,PLANALTO,1393,59,1452,2076,265,3793
PR,PONTA GROSSA,61116,3427,64543,69709,20093,154345
PR,PONTAL DO PARANA,6351,312,6663,7769,3173,17605
PR,PORECATU,1442,109,1551,2620,698,4869
PR,PORTO AMAZONAS,648,42,690,1202,230,2122
PR,PORTO BARREIRO,215,14,229,438,55,722
PR,PORTO RICO,792,60,852,832,179,1863
PR,PORTO VITORIA,415,15,430,729,112,1271
PR,PRADO FERREIRA,475,18,493,735,186,1414
PR,PRANCHITA,797,28,825,1076,125,2026
PR,PRESIDENTE CASTELO BRANCO,628,26,654,988,170,1812
PR,PRIMEIRO DE MAIO,1092,53,1145,1561,292,2998
PR,PRUDENTOPOLIS,4955,241,5196,5703,1088,11987
PR,QUARTO CENTENARIO,419,21,440,720,95,1255
PR,QUATIGUA,1067,36,1103,1757,336,3196
PR,QUATRO BARRAS,4071,182,4253,4998,1415,10666
PR,QUATRO PONTES,937,33,970,936,140,2046
PR,QUEDAS DO IGUACU,3338,111,3449,4785,872,9106
PR,QUERENCIA DO NORTE,1341,46,1387,1887,382,3656
PR,QUINTA DO SOL,582,22,604,894,159,1657
PR,QUITANDINHA,1909,69,1978,2241,505,4724
PR,RAMILANDIA,349,20,369,716,135,1220
PR,RANCHO ALEGRE,382,19,401,745,181,1327
PR,RANCHO ALEGRE D'OESTE,234,10,244,450,71,765
PR,REALEZA,3310,155,3465,3929,729,8123
PR,REBOUCAS,1396,62,1458,2214,436,4108
PR,RENASCENCA,831,42,873,1093,273,2239
PR,RESERVA,2832,95,2927,3532,737,7196
PR,RESERVA DO IGUACU,584,22,606,948,273,1827
PR,RIBEIRAO CLARO,1934,60,1994,2683,573,5250
PR,RIBEIRAO DO PINHAL,1178,66,1244,2532,667,4443
PR,RIO AZUL,1172,86,1258,1872,342,3472
PR,RIO BOM,442,17,459,749,131,1339
PR,RIO BONITO DO IGUACU,913,47,960,1322,283,2565
PR,RIO BRANCO DO IVAI,295,18,313,520,157,990
PR,RIO BRANCO DO SUL,3428,152,3580,4132,1380,9092
PR,RIO NEGRO,4159,247,4406,6288,1508,12202
PR,ROLANDIA,10020,373,10393,11814,3413,25620
PR,RONCADOR,1166,58,1224,1940,469,3633
PR,RONDON,1199,54,1253,1817,295,3365
PR,ROSARIO DO IVAI,422,25,447,701,173,1321
PR,SABAUDIA,1423,57,1480,2475,636,4591
PR,SALGADO FILHO,455,16,471,854,106,1431
PR,SALTO DO ITARARE,428,26,454,1091,208,1753
PR,SALTO DO LONTRA,1562,69,1631,2067,479,4177
PR,SANTA AMELIA,256,19,275,681,89,1045
PR,SANTA CECILIA DO PAVAO,324,19,343,882,231,1456
PR,SANTA CRUZ DE MONTE CASTELO,998,55,1053,1536,335,2924
PR,SANTA FE,1998,75,2073,2637,578,5288
PR,SANTA HELENA,3142,210,3352,4548,837,8737
PR,SANTA INES,183,8,191,467,69,727
PR,SANTA ISABEL DO IVAI,1054,42,1096,1881,396,3373
PR,SANTA IZABEL DO OESTE,1420,52,1472,1959,394,3825
PR,SANTA LUCIA,473,17,490,642,156,1288
PR,SANTA MARIA DO OESTE,692,41,733,1112,255,2100
PR,SANTA MARIANA,1053,71,1124,1773,605,3502
PR,SANTA MONICA,287,11,298,579,124,1001
PR,SANTANA DO ITARARE,528,29,557,1158,163,1878
PR,SANTA TEREZA DO OESTE,1952,83,2035,2216,481,4732
PR,SANTA TEREZINHA DE ITAIPU,3145,104,3249,3430,936,7615
PR,SANTO ANTONIO DA PLATINA,5664,322,5986,8058,2302,16346
PR,SANTO ANTONIO DO CAIUA,207,18,225,546,84,855
PR,SANTO ANTONIO DO PARAISO,205,20,225,528,65,818
PR,SANTO ANTONIO DO SUDOESTE,2522,144,2666,3797,880,7343
PR,SANTO INACIO,771,42,813,1249,244,2306
PR,SAO CARLOS DO IVAI,888,25,913,1306,266,2485
PR,SAO JERONIMO DA SERRA,733,39,772,1426,339,2537
PR,SAO JOAO,1691,60,1751,2309,418,4478
PR,SAO JOAO DO CAIUA,576,23,599,1059,213,1871
PR,SAO JOAO DO IVAI,1263,63,1326,2474,455,4255
PR,SAO JOAO DO TRIUNFO,911,45,956,1442,195,2593
PR,SAO JORGE D'OESTE,1177,59,1236,1671,283,3190
PR,SAO JORGE DO IVAI,700,35,735,1158,221,2114
PR,SAO JORGE DO PATROCINIO,659,25,684,1062,279,2025
PR,SAO JOSE DA BOA VISTA,502,23,525,959,256,1740
PR,SAO JOSE DAS PALMEIRAS,425,15,440,579,114,1133
PR,SAO JOSE DOS PINHAIS,59602,3113,62715,64786,19685,147186
PR,SAO MANOEL DO PARANA,219,9,228,433,59,720
PR,SAO MATEUS DO SUL,4806,309,5115,6281,1447,12843
PR,SAO MIGUEL DO IGUACU,3551,135,3686,5238,970,9894
PR,SAO PEDRO DO IGUACU,523,30,553,980,209,1742
PR,SAO PEDRO DO IVAI,1120,28,1148,1691,439,3278
PR,SAO PEDRO DO PARANA,355,18,373,508,112,993
PR,SAO SEBASTIAO DA AMOREIRA,815,44,859,1429,387,2675
PR,SAO TOME,615,19,634,1342,176,2152
PR,SAPOPEMA,852,32,884,1188,260,2332
PR,SARANDI,19830,534,20364,18880,4676,43920
PR,SAUDADE DO IGUACU,718,21,739,1029,239,2007
PR,SENGES,1662,133,1795,2771,920,5486
PR,SERRANOPOLIS DO IGUACU,634,25,659,733,162,1554
PR,SERTANEJA,861,51,912,1312,278,2502
PR,SERTANOPOLIS,2694,100,2794,3233,584,6611
PR,SIQUEIRA CAMPOS,3415,145,3560,4093,827,8480
PR,SULINA,333,13,346,547,65,958
PR,TAMARANA,900,57,957,1261,388,2606
PR,TAMBOARA,614,28,642,1112,220,1974
PR,TAPEJARA,1933,79,2012,2643,551,5206
PR,TAPIRA,683,42,725,1083,216,2024
PR,TEIXEIRA SOARES,933,75,1008,1588,342,2938
PR,TELEMACO BORBA,8788,415,9203,12599,3954,25756
PR,TERRA BOA,1880,89,1969,2585,690,5244
PR,TERRA RICA,1639,75,1714,2354,472,4540
PR,TERRA ROXA,2707,109,2816,3941,975,7732
PR,TIBAGI,2191,144,2335,3463,806,6604
PR,TIJUCAS DO SUL,2061,111,2172,2532,773,5477
PR,TOLEDO,27415,1046,28461,28987,6536,63984
PR,TOMAZINA,876,45,921,1440,258,2619
PR,TRES BARRAS DO PARANA,1173,44,1217,1552,314,3083
PR,TUNAS DO PARANA,796,46,842,1184,352,2378
PR,TUNEIRAS DO OESTE,720,42,762,1455,259,2476
PR,TUPASSI,1114,37,1151,1777,311,3239
PR,TURVO,1583,61,1644,1927,638,4209
PR,UBIRATA,3039,120,3159,4692,984,8835
PR,UMUARAMA,20763,750,21513,24564,6146,52223
PR,UNIAO DA VITORIA,8412,420,8832,11732,2639,23203
PR,UNIFLOR,242,9,251,532,124,907
PR,URAI,1252,54,1306,2112,488,3906
PR,VENTANIA,826,57,883,1157,451,2491
PR,VERA CRUZ DO OESTE,995,42,1037,1764,328,3129
PR,VERE,920,54,974,1196,289,2459
PR,VIRMOND,379,23,402,683,81,1166
PR,VITORINO,1448,104,1552,1716,385,3653
PR,WENCESLAU BRAZ,2231,114,2345,4001,944,7290
PR,XAMBRE,576,15,591,1151,228,1970
RJ,ANGRA DOS REIS,21470,822,22292,27659,10328,60279
RJ,APERIBE,1378,39,1417,1623,455,3495
RJ,ARARUAMA,16795,512,17307,19689,8314,45310
RJ,AREAL,2135,69,2204,2728,774,5706
RJ,ARMACAO DOS BUZIOS,9653,401,10054,9880,4855,24789
RJ,ARRAIAL DO CABO,5720,160,5880,6632,2731,15243
RJ,BARRA DO PIRAI,9635,377,10012,15466,5474,30952
RJ,BARRA MANSA,21453,833,22286,33292,9795,65373
RJ,BELFORD ROXO,42014,678,42692,47252,25543,115487
RJ,BOM JARDIM,3718,106,3824,5007,1171,10002
RJ,BOM JESUS DO ITABAPOANA,4121,186,4307,6780,1759,12846
RJ,CABO FRIO,36202,1185,37387,42928,19900,100215
RJ,CACHOEIRAS DE MACACU,5796,228,6024,8025,2826,16875
RJ,CAMBUCI,1297,51,1348,2602,607,4557
RJ,CAMPOS DOS GOYTACAZES,50614,2233,52847,69764,23614,146225
RJ,CANTAGALO,2258,103,2361,3813,949,7123
RJ,CARAPEBUS,1198,49,1247,1741,541,3529
RJ,CARDOSO MOREIRA,1226,42,1268,1761,417,3446
RJ,CARMO,1922,77,1999,3426,811,6236
RJ,CASIMIRO DE ABREU,5131,191,5322,8375,2933,16630
RJ,COMENDADOR LEVY GASPARIAN,1268,73,1341,2809,965,5115
RJ,CONCEICAO DE MACABU,1783,69,1852,3448,934,6234
RJ,CORDEIRO,3034,119,3153,4993,1279,9425
RJ,DUAS BARRAS,1298,61,1359,1900,566,3825
RJ,DUQUE DE CAXIAS,98686,3524,102210,125763,59852,287825
RJ,ENGENHEIRO PAULO DE FRONTIN,1250,41,1291,2947,836,5074
RJ,GUAPIMIRIM,6064,186,6250,7372,3337,16959
RJ,IGUABA GRANDE,3816,82,3898,4642,1724,10264
RJ,ITABORAI,22336,812,23148,28378,11658,63184
RJ,ITAGUAI,12388,616,13004,19060,7832,39896
RJ,ITALVA,1256,66,1322,2152,481,3955
RJ,ITAOCARA,2778,125,2903,4139,1122,8164
RJ,ITAPERUNA,13253,493,13746,19219,5342,38307
RJ,ITATIAIA,4115,218,4333,6274,1811,12418
RJ,JAPERI,7685,132,7817,9012,4343,21172
RJ,LAJE DO MURIAE,674,20,694,1614,377,2685
RJ,MACAE,31305,1837,33142,40404,14772,88318
RJ,MACUCO,1120,45,1165,1684,385,3234
RJ,MAGE,25255,584,25839,33671,14364,73874
RJ,MANGARATIBA,5435,212,5647,7556,3392,16595
RJ,MARICA,36680,642,37322,32111,11855,81288
RJ,MENDES,1966,74,2040,4156,1251,7447
RJ,MESQUITA,17143,231,17374,20147,10178,47699
RJ,MIGUEL PEREIRA,3834,150,3984,5647,2104,11735
RJ,MIRACEMA,3160,97,3257,5336,1279,9872
RJ,NATIVIDADE,1619,51,1670,3257,743,5670
RJ,NILOPOLIS,16241,373,16614,26297,11251,54162
RJ,NITEROI,98384,3628,102012,101820,37022,240854
RJ,NOVA FRIBURGO,32860,1012,33872,40482,10007,84361
RJ,NOVA IGUACU,92151,2182,94333,130946,53593,278872
RJ,PARACAMBI,4029,166,4195,6316,2662,13173
RJ,PARAIBA DO SUL,5152,198,5350,7923,2371,15644
RJ,PARATY,7900,272,8172,8856,3313,20341
RJ,PATY DO ALFERES,3512,102,3614,4329,1312,9255
RJ,PETROPOLIS,46515,1615,48130,59278,21524,128932
RJ,PINHEIRAL,2767,123,2890,4035,1313,8238
RJ,PIRAI,2615,171,2786,4961,1460,9207
RJ,PORCIUNCULA,1801,73,1874,3509,844,6227
RJ,PORTO REAL,2264,191,2455,3669,956,7080
RJ,QUATIS,1464,38,1502,2450,663,4615
RJ,QUEIMADOS,14229,396,14625,17087,7959,39671
RJ,QUISSAMA,1884,72,1956,2991,1019,5966
RJ,RESENDE,17909,980,18889,26796,8536,54221
RJ,RIO BONITO,8093,298,8391,11509,4941,24841
RJ,RIO CLARO,1791,53,1844,2791,836,5471
RJ,RIO DAS FLORES,988,35,1023,2216,723,3962
RJ,RIO DAS OSTRAS,22747,745,23492,26963,11067,61522
RJ,RIO DE JANEIRO,1031663,35818,1067481,1176068,496182,2739731
RJ,SANTA MARIA MADALENA,960,32,992,1672,426,3090
RJ,SANTO ANTONIO DE PADUA,5364,226,5590,8542,2120,16252
RJ,SAO FIDELIS,3226,125,3351,5225,1468,10044
RJ,SAO FRANCISCO DE ITABAPOANA,3371,132,3503,4111,1504,9118
RJ,SAO GONCALO,95258,2089,97347,126751,53159,277257
RJ,SAO JOAO DA BARRA,4319,401,4720,6435,1891,13046
RJ,SAO JOAO DE MERITI,43778,1106,44884,69146,30653,144683
RJ,SAO JOSE DE UBA,675,21,696,1157,222,2075
RJ,SAO JOSE DO VALE DO RIO PRETO,2926,66,2992,2982,935,6909
RJ,SAO PEDRO DA ALDEIA,13484,481,13965,16614,6568,37147
RJ,SAO SEBASTIAO DO ALTO,664,25,689,1161,369,2219
RJ,SAPUCAIA,2678,142,2820,3867,967,7654
RJ,SAQUAREMA,14570,444,15014,16977,8904,40895
RJ,SEROPEDICA,6790,253,7043,8214,3912,19169
RJ,SILVA JARDIM,2023,91,2114,3164,981,6259
RJ,SUMIDOURO,1393,55,1448,1824,398,3670
RJ,TANGUA,2921,111,3032,3718,1354,8104
RJ,TERESOPOLIS,26079,768,26847,30106,9762,66715
RJ,TRAJANO DE MORAES,956,47,1003,1634,373,3010
RJ,TRES RIOS,10576,539,11115,16921,5061,33097
RJ,VALENCA,7402,312,7714,12498,3814,24026
RJ,VARRE-SAI,1029,37,1066,1496,300,2862
RJ,VASSOURAS,4306,175,4481,6680,2197,13358
RJ,VOLTA REDONDA,33663,1504,35167,48291,15780,99238
RN,ACARI,904,56,960,1322,304,2586
RN,AFONSO BEZERRA,492,25,517,777,290,1584
RN,AGUA NOVA,128,2,130,250,42,422
RN,ALEXANDRIA,682,37,719,945,221,1885
RN,ALMINO AFONSO,216,13,229,458,112,799
RN,ALTO DO RODRIGUES,893,79,972,1374,486,2832
RN,ANGICOS,860,47,907,1440,585,2932
RN,ANTONIO MARTINS,200,10,210,326,97,633
RN,APODI,2168,139,2307,2483,582,5372
RN,AREIA BRANCA,1613,105,1718,2739,987,5444
RN,ARES,539,18,557,983,333,1873
RN,ASSU,4088,269,4357,5607,1758,11722
RN,BAIA FORMOSA,694,33,727,1292,388,2407
RN,BARAUNA,1247,116,1363,1558,558,3479
RN,BARCELONA,174,11,185,367,57,609
RN,BENTO FERNANDES,186,10,196,485,68,749
RN,BOA SAUDE,291,20,311,548,123,982
RN,BODO,147,18,165,383,51,599
RN,BOM JESUS,660,25,685,906,183,1774
RN,BREJINHO,822,43,865,873,211,1949
RN,CAICARA DO NORTE,310,15,325,515,142,982
RN,CAICARA DO RIO DO VENTO,168,24,192,441,75,708
RN,CAICO,6041,422,6463,8865,1779,17107
RN,CAMPO GRANDE,397,29,426,633,146,1205
RN,CAMPO REDONDO,426,24,450,751,167,1368
RN,CANGUARETAMA,1617,97,1714,2795,1116,5625
RN,CARAUBAS,1101,72,1173,1283,427,2883
RN,CARNAUBA DOS DANTAS,762,37,799,1022,199,2020
RN,CARNAUBAIS,515,32,547,850,196,1593
RN,CEARA-MIRIM,4049,279,4328,5900,2711,12939
RN,CERRO CORA,661,39,700,906,209,1815
RN,CORONEL EZEQUIEL,188,15,203,500,71,774
RN,CORONEL JOAO PESSOA,255,6,261,300,56,617
RN,CRUZETA,660,36,696,775,133,1604
RN,CURRAIS NOVOS,4007,251,4258,6354,1259,11871
RN,DOUTOR SEVERIANO,217,7,224,346,69,639
RN,ENCANTO,204,10,214,341,49,604
RN,EQUADOR,463,37,500,733,119,1352
RN,ESPIRITO SANTO,530,15,545,568,130,1243
RN,EXTREMOZ,5245,654,5899,5156,1900,12955
RN,FELIPE GUERRA,364,10,374,481,117,972
RN,FERNANDO PEDROZA,233,4,237,384,128,749
RN,FLORANIA,644,30,674,1025,194,1893
RN,FRANCISCO DANTAS,95,7,102,305,45,452
RN,FRUTUOSO GOMES,181,10,191,333,105,629
RN,GALINHOS,257,13,270,427,107,804
RN,GOIANINHA,2002,128,2130,2165,881,5176
RN,GOVERNADOR DIX-SEPT ROSADO,469,24,493,932,232,1657
RN,GROSSOS,584,33,617,1059,326,2002
RN,GUAMARE,1029,114,1143,2108,652,3903
RN,IELMO MARINHO,326,19,345,725,146,1216
RN,IPANGUACU,563,31,594,1262,364,2220
RN,IPUEIRA,151,7,158,337,29,524
RN,ITAJA,473,13,486,646,168,1300
RN,ITAU,268,20,288,468,111,867
RN,JACANA,401,20,421,671,127,1219
RN,JANDAIRA,325,33,358,693,154,1205
RN,JANDUIS,247,10,257,490,120,867
RN,JAPI,190,8,198,487,82,767
RN,JARDIM DE ANGICOS,83,11,94,287,42,423
RN,JARDIM DE PIRANHAS,722,52,774,1149,298,2221
RN,JARDIM DO SERIDO,1052,63,1115,1445,299,2859
RN,JOAO CAMARA,2478,189,2667,3193,1158,7018
RN,JOAO DIAS,110,6,116,235,33,384
RN,JOSE DA PENHA,237,14,251,393,74,718
RN,JUCURUTU,1082,97,1179,1434,246,2859
RN,JUNDIA,158,4,162,268,50,480
RN,LAGOA D'ANTA,222,13,235,413,90,738
RN,LAGOA DE PEDRAS,219,10,229,494,93,816
RN,LAGOA DE VELHOS,175,6,181,346,62,589
RN,LAGOA NOVA,1008,62,1070,1099,242,2411
RN,LAGOA SALGADA,492,21,513,684,142,1339
RN,LAJES,695,86,781,1169,338,2288
RN,LAJES PINTADAS,288,12,300,487,90,877
RN,LUCRECIA,257,12,269,323,93,685
RN,LUIS GOMES,313,14,327,585,136,1048
RN,MACAIBA,4925,637,5562,6018,2183,13763
RN,MACAU,2095,108,2203,3982,1419,7604
RN,MAJOR SALES,211,11,222,250,40,512
RN,MARCELINO VIEIRA,391,17,408,489,135,1032
RN,MARTINS,634,31,665,744,253,1662
RN,MAXARANGUAPE,548,10,558,1050,332,1940
RN,MESSIAS TARGINO,231,6,237,408,89,734
RN,MONTANHAS,470,18,488,851,217,1556
RN,MONTE ALEGRE,995,60,1055,1316,518,2889
RN,MONTE DAS GAMELEIRAS,120,6,126,331,41,498
RN,MOSSORO,28329,1766,30095,32015,10621,72731
RN,NATAL,107285,4935,112220,148638,50692,311550
RN,NISIA FLORESTA,2064,87,2151,2081,839,5071
RN,NOVA CRUZ,1906,176,2082,3176,846,6104
RN,OLHO D'AGUA DO BORGES,236,9,245,351,58,654
RN,OURO BRANCO,331,16,347,528,102,977
RN,PARANA,122,9,131,285,46,462
RN,PARAU,154,9,163,392,72,627
RN,PARAZINHO,295,34,329,559,123,1011
RN,PARELHAS,2216,157,2373,3477,699,6549
RN,PARNAMIRIM,30994,1278,32272,32593,11811,76676
RN,PASSA E FICA,663,39,702,738,236,1676
RN,PASSAGEM,317,5,322,394,46,762
RN,PATU,597,49,646,1136,304,2086
RN,PAU DOS FERROS,2866,197,3063,3864,925,7852
RN,PEDRA GRANDE,182,15,197,391,105,693
RN,PEDRA PRETA,94,15,109,261,47,417
RN,PEDRO AVELINO,282,47,329,684,252,1265
RN,PEDRO VELHO,533,28,561,923,270,1754
RN,PENDENCIAS,736,29,765,1263,421,2449
RN,PILOES,141,3,144,264,49,457
RN,POCO BRANCO,460,13,473,812,243,1528
RN,PORTALEGRE,418,20,438,516,100,1054
RN,PORTO DO MANGUE,258,14,272,452,120,844
RN,PUREZA,378,22,400,712,105,1217
RN,RAFAEL FERNANDES,295,6,301,417,85,803
RN,RAFAEL GODEIRO,133,5,138,284,52,474
RN,RIACHO DA CRUZ,130,6,136,215,49,400
RN,RIACHO DE SANTANA,151,3,154,288,48,490
RN,RIACHUELO,303,22,325,579,126,1030
RN,RIO DO FOGO,530,18,548,772,206,1526
RN,RODOLFO FERNANDES,527,8,535,405,64,1004
RN,RUY BARBOSA,153,6,159,369,55,583
RN,SANTA CRUZ,2844,156,3000,3991,1037,8028
RN,SANTA MARIA,440,9,449,569,107,1125
RN,SANTANA DO MATOS,672,47,719,996,278,1993
RN,SANTANA DO SERIDO,213,11,224,399,63,686
RN,SANTO ANTONIO,1216,94,1310,1616,501,3427
RN,SAO BENTO DO NORTE,181,26,207,452,112,771
RN,SAO BENTO DO TRAIRI,162,4,166,374,45,585
RN,SAO FERNANDO,277,16,293,388,65,746
RN,SAO FRANCISCO DO OESTE,229,11,240,367,73,680
RN,SAO GONCALO DO AMARANTE,8925,475,9400,10369,3903,23672
RN,SAO JOAO DO SABUGI,359,31,390,587,85,1062
RN,SAO JOSE DE MIPIBU,3381,256,3637,3496,1366,8499
RN,SAO JOSE DO CAMPESTRE,535,27,562,892,227,1681
RN,SAO JOSE DO SERIDO,348,23,371,451,69,891
RN,SAO MIGUEL,1475,69,1544,1701,326,3571
RN,SAO MIGUEL DO GOSTOSO,1096,61,1157,1131,370,2658
RN,SAO PAULO DO POTENGI,1322,56,1378,1620,438,3436
RN,SAO PEDRO,212,15,227,475,110,812
RN,SAO RAFAEL,356,15,371,643,124,1138
RN,SAO TOME,602,37,639,958,147,1744
RN,SAO VICENTE,430,22,452,614,86,1152
RN,SENADOR ELOI DE SOUZA,299,6,305,524,110,939
RN,SENADOR GEORGINO AVELINO,196,6,202,429,121,752
RN,SERRA CAIADA,410,25,435,599,158,1192
RN,SERRA DE SAO BENTO,364,12,376,509,97,982
RN,SERRA DO MEL,614,52,666,852,229,1747
RN,SERRA NEGRA DO NORTE,608,26,634,677,183,1494
RN,SERRINHA,326,10,336,522,115,973
RN,SERRINHA DOS PINTOS,290,7,297,273,41,611
RN,SEVERIANO MELO,289,10,299,449,83,831
RN,SITIO NOVO,238,7,245,416,64,725
RN,TABOLEIRO GRANDE,125,7,132,235,49,416
RN,TAIPU,298,12,310,718,156,1184
RN,TANGARA,831,43,874,1234,333,2441
RN,TENENTE ANANIAS,436,26,462,590,169,1221
RN,TENENTE LAURENTINO CRUZ,370,27,397,560,91,1048
RN,TIBAU,1435,41,1476,668,209,2353
RN,TIBAU DO SUL,2807,105,2912,2824,1193,6929
RN,TIMBAUBA DOS BATISTAS,199,4,203,354,61,618
RN,TOUROS,1643,105,1748,2500,843,5091
RN,TRIUNFO POTIGUAR,146,10,156,326,66,548
RN,UMARIZAL,706,45,751,856,194,1801
RN,UPANEMA,658,31,689,800,196,1685
RN,VARZEA,239,10,249,528,78,855
RN,VENHA-VER,111,4,115,241,54,410
RN,VERA CRUZ,670,25,695,862,250,1807
RN,VICOSA,103,3,106,177,24,307
RN,VILA FLOR,155,5,160,416,97,673
RO,ALTA FLORESTA D'OESTE,1900,91,1991,2572,813,5376
RO,ALTO ALEGRE DOS PARECIS,637,35,672,935,257,1864
RO,ALTO PARAISO,1007,45,1052,1507,542,3101
RO,ALVORADA D'OESTE,985,66,1051,1895,562,3508
RO,ARIQUEMES,11935,621,12556,18115,5004,35675
RO,BURITIS,2429,141,2570,3273,1254,7097
RO,CABIXI,459,25,484,770,187,1441
RO,CACAULANDIA,229,13,242,602,118,962
RO,CACOAL,11100,580,11680,14414,3907,30001
RO,CAMPO NOVO DE RONDONIA,437,35,472,1112,265,1849
RO,CANDEIAS DO JAMARI,1472,100,1572,2841,1205,5618
RO,CASTANHEIRAS,184,9,193,570,62,825
RO,CEREJEIRAS,2113,154,2267,2793,747,5807
RO,CHUPINGUAIA,817,64,881,1191,366,2438
RO,COLORADO DO OESTE,1675,85,1760,2935,794,5489
RO,CORUMBIARA,594,45,639,974,179,1792
RO,COSTA MARQUES,759,44,803,2145,750,3698
RO,CUJUBIM,1169,42,1211,2184,748,4143
RO,ESPIGAO D'OESTE,2823,99,2922,3550,913,7385
RO,GOVERNADOR JORGE TEIXEIRA,331,33,364,752,206,1322
RO,GUAJARA-MIRIM,2778,436,3214,6102,2264,11580
RO,ITAPUA DO OESTE,647,44,691,1092,293,2076
RO,JARU,4851,296,5147,7361,1946,14454
RO,JI-PARANA,17351,924,18275,24082,6720,49077
RO,MACHADINHO D'OESTE,2131,149,2280,3306,994,6580
RO,MINISTRO ANDREAZZA,414,32,446,677,173,1296
RO,MIRANTE DA SERRA,674,44,718,1200,307,2225
RO,MONTE NEGRO,715,49,764,1341,407,2512
RO,NOVA BRASILANDIA D'OESTE,1179,71,1250,1516,439,3205
RO,NOVA MAMORE,1468,109,1577,2373,710,4660
RO,NOVA UNIAO,365,18,383,648,127,1158
RO,NOVO HORIZONTE DO OESTE,391,25,416,861,170,1447
RO,OURO PRETO DO OESTE,3799,188,3987,6454,1685,12126
RO,PARECIS,286,27,313,564,115,992
RO,PIMENTA BUENO,4496,215,4711,6962,1768,13441
RO,PIMENTEIRAS DO OESTE,225,21,246,480,77,803
RO,PORTO VELHO,50669,3648,54317,84779,33823,172919
RO,PRESIDENTE MEDICI,1622,96,1718,2947,759,5424
RO,PRIMAVERA DE RONDONIA,246,11,257,478,103,838
RO,RIO CRESPO,217,21,238,548,103,889
RO,ROLIM DE MOURA,6284,282,6566,8177,2412,17155
RO,SANTA LUZIA D'OESTE,418,33,451,1050,238,1739
RO,SAO FELIPE D'OESTE,316,22,338,646,116,1100
RO,SAO FRANCISCO DO GUAPORE,1212,91,1303,1752,531,3586
RO,SAO MIGUEL DO GUAPORE,1807,140,1947,2315,704,4966
RO,SERINGUEIRAS,753,57,810,1330,309,2449
RO,TEIXEIROPOLIS,255,15,270,482,96,848
RO,THEOBROMA,370,23,393,804,139,1336
RO,URUPA,695,50,745,1408,283,2436
RO,VALE DO ANARI,414,34,448,762,150,1360
RO,VALE DO PARAISO,316,16,332,745,150,1227
RO,VILHENA,14457,838,15295,17015,4889,37199
RR,ALTO ALEGRE,507,45,552,1020,265,1837
RR,AMAJARI,289,27,316,606,107,1029
RR,BOA VISTA,40541,2580,43121,53392,18169,114682
RR,BONFIM,593,46,639,1076,280,1995
RR,CANTA,669,46,715,1087,305,2107
RR,CARACARAI,817,81,898,2419,731,4048
RR,CAROEBE,451,28,479,740,174,1393
RR,IRACEMA,313,19,332,657,177,1166
RR,MUCAJAI,816,63,879,1624,516,3019
RR,NORMANDIA,250,15,265,624,139,1028
RR,PACARAIMA,835,93,928,1201,557,2686
RR,RORAINOPOLIS,1895,161,2056,2283,1129,5468
RR,SAO JOAO DA BALIZA,429,36,465,1318,324,2107
RR,SAO LUIZ,355,23,378,1201,239,1818
RR,UIRAMUTA,227,13,240,391,69,700
RS,ACEGUA,717,64,781,770,241,1792
RS,AGUA SANTA,692,40,732,549,1013,2294
RS,AGUDO,1649,103,1752,2595,521,4868
RS,AJURICABA,739,43,782,1572,230,2584
RS,ALECRIM,504,24,528,1102,101,1731
RS,ALEGRETE,8410,526,8936,14284,4113,27333
RS,ALEGRIA,320,25,345,637,115,1097
RS,ALMIRANTE TAMANDARE DO SUL,216,20,236,311,48,595
RS,ALPESTRE,656,39,695,1204,140,2039
RS,ALTO ALEGRE,196,13,209,364,46,619
RS,ALTO FELIZ,376,17,393,598,74,1065
RS,ALVORADA,25240,634,25874,39934,12659,78467
RS,AMARAL FERRADOR,320,25,345,777,115,1237
RS,AMETISTA DO SUL,1115,44,1159,1061,225,2445
RS,ANDRE DA ROCHA,152,18,170,356,35,561
RS,ANTA GORDA,778,25,803,1200,91,2094
RS,ANTONIO PRADO,2186,99,2285,2684,327,5296
RS,ARAMBARE,736,43,779,1355,307,2441
RS,ARARICA,1295,64,1359,1627,414,3400
RS,ARATIBA,1007,64,1071,1497,203,2771
RS,ARROIO DO MEIO,3569,179,3748,4647,661,9056
RS,ARROIO DO PADRE,173,8,181,321,17,519
RS,ARROIO DO SAL,2502,102,2604,3348,989,6941
RS,ARROIO DOS RATOS,1494,95,1589,3261,924,5774
RS,ARROIO DO TIGRE,1172,56,1228,1781,322,3331
RS,ARROIO GRANDE,2062,138,2200,4035,1153,7388
RS,ARVOREZINHA,1487,53,1540,2191,213,3944
RS,AUGUSTO PESTANA,896,52,948,1464,335,2747
RS,AUREA,470,33,503,748,90,1341
RS,BAGE,12288,692,12980,22475,6187,41642
RS,BALNEARIO PINHAL,1884,88,1972,3077,1144,6193
RS,BARAO,778,43,821,1088,236,2145
RS,BARAO DE COTEGIPE,1168,57,1225,1247,242,2714
RS,BARAO DO TRIUNFO,347,26,373,751,120,1244
RS,BARRACAO,520,49,569,816,143,1528
RS,BARRA DO GUARITA,303,14,317,532,99,948
RS,BARRA DO QUARAI,557,41,598,690,279,1567
RS,BARRA DO RIBEIRO,1465,83,1548,3084,818,5450
RS,BARRA DO RIO AZUL,170,9,179,293,18,490
RS,BARRA FUNDA,382,23,405,487,75,967
RS,BARROS CASSAL,762,50,812,1652,213,2677
RS,BENJAMIN CONSTANT DO SUL,104,13,117,269,19,405
RS,BENTO GONCALVES,25599,956,26555,31152,5533,63240
RS,BOA VISTA DAS MISSOES,263,23,286,372,61,719
RS,BOA VISTA DO BURICA,1335,50,1385,1756,256,3397
RS,BOA VISTA DO CADEADO,140,19,159,295,46,500
RS,BOA VISTA DO INCRA,228,23,251,429,73,753
RS,BOA VISTA DO SUL,299,10,309,417,52,778
RS,BOM JESUS,1205,136,1341,2185,567,4093
RS,BOM PRINCIPIO,2651,106,2757,2956,464,6177
RS,BOM PROGRESSO,174,18,192,443,91,726
RS,BOM RETIRO DO SUL,1692,95,1787,2832,427,5046
RS,BOQUEIRAO DO LEAO,672,24,696,1088,208,1992
RS,BOSSOROCA,505,43,548,1233,249,2030
RS,BOZANO,147,18,165,255,35,455
RS,BRAGA,227,20,247,679,125,1051
RS,BROCHIER,649,22,671,1066,129,1866
RS,BUTIA,1953,134,2087,5016,1245,8348
RS,CACAPAVA DO SUL,3258,221,3479,5782,1483,10744
RS,CACEQUI,928,82,1010,2135,690,3835
RS,CACHOEIRA DO SUL,9448,509,9957,17037,4556,31550
RS,CACHOEIRINHA,23137,1807,24944,36014,10590,71548
RS,CACIQUE DOBLE,451,20,471,663,101,1235
RS,CAIBATE,569,33,602,848,240,1690
RS,CAICARA,469,21,490,845,105,1440
RS,CAMAQUA,8649,390,9039,13139,3333,25511
RS,CAMARGO,364,21,385,638,56,1079
RS,CAMBARA DO SUL,1137,71,1208,2095,508,3811
RS,CAMPESTRE DA SERRA,243,34,277,481,76,834
RS,CAMPINA DAS MISSOES,672,44,716,1150,181,2047
RS,CAMPINAS DO SUL,895,44,939,1395,198,2532
RS,CAMPO BOM,12065,411,12476,18215,4030,34721
RS,CAMPO NOVO,606,53,659,1502,386,2547
RS,CAMPOS BORGES,491,25,516,660,143,1319
RS,CANDELARIA,2650,145,2795,4441,913,8149
RS,CANDIDO GODOI,832,52,884,1209,89,2182
RS,CANDIOTA,1050,110,1160,1868,527,3555
RS,CANELA,10566,479,11045,12505,3436,26986
RS,CANGUCU,4136,209,4345,6515,1287,12147
RS,CANOAS,57639,2393,60032,87275,23975,171282
RS,CANUDOS DO VALE,181,8,189,342,15,546
RS,CAPAO BONITO DO SUL,165,20,185,380,48,613
RS,CAPAO DA CANOA,14555,703,15258,16999,5997,38254
RS,CAPAO DO CIPO,206,25,231,382,66,679
RS,CAPAO DO LEAO,2833,111,2944,4585,1218,8747
RS,CAPELA DE SANTANA,1301,53,1354,2116,603,4073
RS,CAPITAO,247,15,262,492,39,793
RS,CAPIVARI DO SUL,704,70,774,882,288,1944
RS,CARAA,563,26,589,776,195,1560
RS,CARAZINHO,9253,547,9800,16093,3404,29297
RS,CARLOS BARBOSA,4891,236,5127,5941,818,11886
RS,CARLOS GOMES,116,9,125,257,29,411
RS,CASCA,1593,94,1687,2324,320,4331
RS,CASEIROS,380,26,406,679,75,1160
RS,CATUIPE,977,62,1039,1685,353,3077
RS,CAXIAS DO SUL,90175,3602,93777,118619,25048,237444
RS,CENTENARIO,246,17,263,371,48,682
RS,CERRITO,498,24,522,883,199,1604
RS,CERRO BRANCO,261,12,273,605,140,1018
RS,CERRO GRANDE,252,11,263,442,57,762
RS,CERRO GRANDE DO SUL,743,40,783,1357,264,2404
RS,CERRO LARGO,2086,103,2189,3564,557,6310
RS,CHAPADA,1214,67,1281,2101,318,3700
RS,CHARQUEADAS,3793,246,4039,6511,1790,12340
RS,CHARRUA,174,11,185,301,43,529
RS,CHIAPETTA,509,38,547,900,244,1691
RS,CHUI,1640,124,1764,1764,1001,4529
RS,CHUVISCA,269,20,289,454,64,807
RS,CIDREIRA,2300,101,2401,4544,1630,8575
RS,CIRIACO,555,31,586,954,144,1684
RS,COLINAS,431,15,446,572,92,1110
RS,COLORADO,423,31,454,834,150,1438
RS,CONDOR,880,58,938,1210,308,2456
RS,CONSTANTINA,1426,67,1493,2174,265,3932
RS,COQUEIRO BAIXO,115,5,120,236,20,376
RS,COQUEIROS DO SUL,233,17,250,345,52,647
RS,CORONEL BARROS,303,24,327,454,100,881
RS,CORONEL BICACO,678,60,738,1370,358,2466
RS,CORONEL PILAR,127,5,132,221,15,368
RS,COTIPORA,479,19,498,759,82,1339
RS,COXILHA,334,26,360,516,137,1013
RS,CRISSIUMAL,1286,84,1370,2399,295,4064
RS,CRISTAL,848,55,903,1451,401,2755
RS,CRISTAL DO SUL,259,10,269,455,56,780
RS,CRUZ ALTA,7920,501,8421,14889,4009,27319
RS,CRUZALTENSE,122,9,131,220,12,363
RS,CRUZEIRO DO SUL,1591,61,1652,2416,533,4601
RS,DAVID CANABARRO,576,34,610,1020,82,1712
RS,DERRUBADAS,240,29,269,377,69,715
RS,DEZESSEIS DE NOVEMBRO,185,8,193,369,42,604
RS,DILERMANDO DE AGUIAR,214,18,232,421,84,737
RS,DOIS IRMAOS,5526,202,5728,6793,909,13430
RS,DOIS IRMAOS DAS MISSOES,137,18,155,350,58,563
RS,DOIS LAJEADOS,496,19,515,704,68,1287
RS,DOM FELICIANO,800,61,861,1302,319,2482
RS,DOM PEDRITO,4744,312,5056,7929,2342,15327
RS,DOM PEDRO DE ALCANTARA,310,15,325,505,84,914
RS,DONA FRANCISCA,331,20,351,618,134,1103
RS,DOUTOR MAURICIO CARDOSO,453,36,489,729,118,1336
RS,DOUTOR RICARDO,201,14,215,416,28,659
RS,ELDORADO DO SUL,4908,227,5135,7420,2416,14971
RS,ENCANTADO,3853,212,4065,5914,863,10842
RS,ENCRUZILHADA DO SUL,2058,143,2201,3898,1155,7254
RS,ENGENHO VELHO,97,5,102,255,31,388
RS,ENTRE IJUIS,1062,77,1139,1483,457,3079
RS,ENTRE RIOS DO SUL,344,27,371,738,91,1200
RS,EREBANGO,323,23,346,666,134,1146
RS,ERECHIM,21227,962,22189,26418,5035,53642
RS,ERNESTINA,456,27,483,689,125,1297
RS,ERVAL GRANDE,644,31,675,862,169,1706
RS,ERVAL SECO,576,57,633,1269,168,2070
RS,ESMERALDA,366,36,402,766,138,1306
RS,ESPERANCA DO SUL,240,16,256,380,43,679
RS,ESPUMOSO,2223,135,2358,3307,713,6378
RS,ESTACAO,836,57,893,1356,211,2460
RS,ESTANCIA VELHA,9170,303,9473,11188,2533,23194
RS,ESTEIO,11689,584,12273,21642,6049,39964
RS,ESTRELA,5326,288,5614,8152,1394,15160
RS,ESTRELA VELHA,224,12,236,388,44,668
RS,EUGENIO DE CASTRO,315,22,337,557,104,998
RS,FAGUNDES VARELA,355,14,369,493,52,914
RS,FARROUPILHA,11779,778,12557,16972,2980,32509
RS,FAXINAL DO SOTURNO,1009,62,1071,1408,334,2813
RS,FAXINALZINHO,292,17,309,447,67,823
RS,FAZENDA VILANOVA,617,33,650,921,176,1747
RS,FELIZ,2140,125,2265,3278,480,6023
RS,FLORES DA CUNHA,6376,246,6622,6792,957,14371
RS,FLORIANO PEIXOTO,121,10,131,286,18,435
RS,FONTOURA XAVIER,947,55,1002,1645,373,3020
RS,FORMIGUEIRO,572,40,612,1133,218,1963
RS,FORQUETINHA,258,9,267,401,28,696
RS,FORTALEZA DOS VALOS,563,36,599,849,218,1666
RS,FREDERICO WESTPHALEN,6003,288,6291,7657,1361,15309
RS,GARIBALDI,7253,386,7639,8484,1019,17142
RS,GARRUCHOS,188,19,207,426,92,725
RS,GAURAMA,764,55,819,1360,158,2337
RS,GENERAL CAMARA,726,63,789,1900,439,3128
RS,GENTIL,181,18,199,302,48,549
RS,GETULIO VARGAS,2711,140,2851,4094,809,7754
RS,GIRUA,1733,132,1865,4065,769,6699
RS,GLORINHA,964,62,1026,1602,522,3150
RS,GRAMADO,12077,916,12993,13935,2457,29385
RS,GRAMADO DOS LOUREIROS,166,9,175,358,48,581
RS,GRAMADO XAVIER,248,14,262,586,62,910
RS,GRAVATAI,39893,1625,41518,58080,18806,118404
RS,GUABIJU,188,12,200,360,34,594
RS,GUAIBA,12005,529,12534,22021,6306,40861
RS,GUAPORE,5015,242,5257,7018,826,13101
RS,GUARANI DAS MISSOES,810,57,867,1575,264,2706
RS,HARMONIA,731,44,775,1067,99,1941
RS,HERVAL,611,34,645,1424,282,2351
RS,HERVEIRAS,178,13,191,411,65,667
RS,HORIZONTINA,2650,142,2792,4706,752,8250
RS,HULHA NEGRA,410,43,453,780,145,1378
RS,HUMAITA,545,34,579,1253,164,1996
RS,IBARAMA,253,16,269,514,61,844
RS,IBIACA,602,28,630,812,117,1559
RS,IBIRAIARAS,942,40,982,1183,169,2334
RS,IBIRAPUITA,355,24,379,798,196,1373
RS,IBIRUBA,3666,223,3889,4498,1234,9621
RS,IGREJINHA,6229,246,6475,10466,2154,19095
RS,IJUI,14162,757,14919,19269,4452,38640
RS,ILOPOLIS,495,31,526,958,121,1605
RS,IMBE,3825,168,3993,6035,2188,12216
RS,IMIGRANTE,440,23,463,669,99,1231
RS,INDEPENDENCIA,625,38,663,1134,221,2018
RS,INHACORA,289,9,298,472,66,836
RS,IPE,771,48,819,825,124,1768
RS,IPIRANGA DO SUL,189,19,208,367,50,625
RS,IRAI,924,38,962,1855,415,3232
RS,ITAARA,821,41,862,1027,285,2174
RS,ITACURUBI,235,22,257,491,78,826
RS,ITAPUCA,157,10,167,306,30,503
RS,ITAQUI,3541,248,3789,6518,2489,12796
RS,ITATI,281,9,290,346,68,704
RS,ITATIBA DO SUL,315,25,340,548,63,951
RS,IVORA,183,13,196,337,48,581
RS,IVOTI,4536,188,4724,5235,728,10687
RS,JABOTICABA,413,24,437,629,94,1160
RS,JACUIZINHO,122,8,130,281,49,460
RS,JACUTINGA,459,37,496,854,106,1456
RS,JAGUARAO,3913,175,4088,7195,1925,13208
RS,JAGUARI,1172,84,1256,1981,424,3661
RS,JAQUIRANA,471,37,508,916,230,1654
RS,JARI,206,12,218,402,73,693
RS,JOIA,601,60,661,997,163,1821
RS,JULIO DE CASTILHOS,2406,178,2584,3907,1078,7569
RS,LAGOA BONITA DO SUL,133,7,140,341,40,521
RS,LAGOA DOS TRES CANTOS,285,15,300,457,65,822
RS,LAGOAO,439,21,460,727,128,1315
RS,LAGOA VERMELHA,3875,218,4093,5918,1136,11147
RS,LAJEADO,19511,1373,20884,24287,4162,49333
RS,LAJEADO DO BUGRE,189,11,200,441,89,730
RS,LAVRAS DO SUL,785,64,849,1760,354,2963
RS,LIBERATO SALZANO,418,26,444,854,89,1387
RS,LINDOLFO COLLOR,816,27,843,1208,199,2250
RS,LINHA NOVA,197,8,205,292,29,526
RS,MACAMBARA,330,31,361,571,191,1123
RS,MACHADINHO,794,46,840,1289,222,2351
RS,MAMPITUBA,178,10,188,382,64,634
RS,MANOEL VIANA,928,44,972,1372,405,2749
RS,MAQUINE,851,38,889,920,192,2001
RS,MARATA,336,13,349,544,71,964
RS,MARAU,6872,410,7282,7582,1235,16099
RS,MARCELINO RAMOS,772,47,819,1228,261,2308
RS,MARIANA PIMENTEL,312,21,333,614,109,1056
RS,MARIANO MORO,206,14,220,485,35,740
RS,MARQUES DE SOUZA,497,29,526,739,81,1346
RS,MATA,423,26,449,883,140,1472
RS,MATO CASTELHANO,230,21,251,430,58,739
RS,MATO LEITAO,683,17,700,854,194,1748
RS,MATO QUEIMADO,157,7,164,198,21,383
RS,MAXIMILIANO DE ALMEIDA,591,38,629,945,138,1712
RS,MINAS DO LEAO,689,56,745,1170,274,2189
RS,MIRAGUAI,498,34,532,930,287,1749
RS,MONTAURI,226,11,237,386,21,644
RS,MONTE ALEGRE DOS CAMPOS,152,17,169,331,54,554
RS,MONTE BELO DO SUL,368,22,390,446,50,886
RS,MONTENEGRO,8908,508,9416,14875,3593,27884
RS,MORMACO,279,14,293,516,66,875
RS,MORRINHOS DO SUL,369,11,380,490,48,918
RS,MORRO REDONDO,694,29,723,1076,156,1955
RS,MORRO REUTER,986,33,1019,1058,158,2235
RS,MOSTARDAS,1493,79,1572,2337,824,4733
RS,MUCUM,672,36,708,1503,186,2397
RS,MUITOS CAPOES,275,40,315,368,58,741
RS,MULITERNO,177,10,187,354,23,564
RS,NAO-ME-TOQUE,2782,161,2943,3440,861,7244
RS,NICOLAU VERGUEIRO,230,13,243,337,108,688
RS,NONOAI,1710,109,1819,2688,584,5091
RS,NOVA ALVORADA,461,29,490,534,42,1066
RS,NOVA ARACA,751,41,792,1114,129,2035
RS,NOVA BASSANO,1589,66,1655,1905,229,3789
RS,NOVA BOA VISTA,269,16,285,372,24,681
RS,NOVA BRESCIA,388,14,402,766,82,1250
RS,NOVA CANDELARIA,375,20,395,394,19,808
RS,NOVA ESPERANCA DO SUL,624,35,659,843,163,1665
RS,NOVA HARTZ,2424,122,2546,3862,882,7290
RS,NOVA PADUA,304,14,318,413,28,759
RS,NOVA PALMA,631,40,671,966,71,1708
RS,NOVA PETROPOLIS,4514,249,4763,6056,777,11596
RS,NOVA PRATA,4848,181,5029,6050,945,12024
RS,NOVA RAMADA,162,20,182,302,21,505
RS,NOVA ROMA DO SUL,518,26,544,684,60,1288
RS,NOVA SANTA RITA,4198,252,4450,5302,1400,11152
RS,NOVO BARREIRO,429,31,460,647,166,1273
RS,NOVO CABRAIS,331,21,352,571,70,993
RS,NOVO HAMBURGO,46290,1922,48212,70138,18015,136365
RS,NOVO MACHADO,228,34,262,458,52,772
RS,NOVO TIRADENTES,218,14,232,368,34,634
RS,NOVO XINGU,157,11,168,282,23,473
RS,OSORIO,7585,473,8058,11617,2673,22348
RS,PAIM FILHO,437,38,475,831,84,1390
RS,PALMARES DO SUL,1622,104,1726,3205,1118,6049
RS,PALMEIRA DAS MISSOES,4607,236,4843,7695,1976,14514
RS,PALMITINHO,940,44,984,1415,225,2624
RS,PANAMBI,5515,270,5785,9075,1657,16517
RS,PANTANO GRANDE,1143,86,1229,2234,660,4123
RS,PARAI,1257,64,1321,1721,175,3217
RS,PARAISO DO SUL,605,37,642,1050,153,1845
RS,PARECI NOVO,640,31,671,806,109,1586
RS,PAROBE,7327,233,7560,11763,3147,22470
RS,PASSA SETE,229,11,240,465,45,750
RS,PASSO DO SOBRADO,692,31,723,1015,148,1886
RS,PASSO FUNDO,39969,1916,41885,51490,14460,107835
RS,PAULO BENTO,295,17,312,453,39,804
RS,PAVERAMA,864,41,905,1258,228,2391
RS,PEDRAS ALTAS,175,9,184,386,75,645
RS,PEDRO OSORIO,830,58,888,2457,508,3853
RS,PEJUCARA,563,38,601,919,184,1704
RS,PELOTAS,47507,1998,49505,76146,20690,146341
RS,PICADA CAFE,857,44,901,1233,126,2260
RS,PINHAL,376,26,402,541,61,1004
RS,PINHAL DA SERRA,235,17,252,415,65,732
RS,PINHAL GRANDE,299,24,323,545,69,937
RS,PINHEIRINHO DO VALE,446,22,468,543,104,1115
RS,PINHEIRO MACHADO,984,73,1057,2572,482,4111
RS,PINTO BANDEIRA,401,19,420,377,46,843
RS,PIRAPO,163,14,177,409,36,622
RS,PIRATINI,1370,109,1479,2523,661,4663
RS,PLANALTO,1165,61,1226,1834,332,3392
RS,POCO DAS ANTAS,277,13,290,463,49,802
RS,PONTAO,446,31,477,717,182,1376
RS,PONTE PRETA,190,14,204,290,24,518
RS,PORTAO,5909,270,6179,7053,1616,14848
RS,PORTO ALEGRE,284488,13529,298017,441849,129474,869340
RS,PORTO LUCENA,418,24,442,938,190,1570
RS,PORTO MAUA,240,24,264,462,68,794
RS,PORTO VERA CRUZ,154,10,164,316,39,519
RS,PORTO XAVIER,1487,60,1547,2432,332,4311
RS,POUSO NOVO,176,15,191,392,72,655
RS,PRESIDENTE LUCENA,501,23,524,660,62,1246
RS,PROGRESSO,446,23,469,893,92,1454
RS,PROTASIO ALVES,249,13,262,384,40,686
RS,PUTINGA,410,16,426,744,58,1228
RS,QUARAI,3160,223,3383,4809,1683,9875
RS,QUATRO IRMAOS,152,10,162,350,35,547
RS,QUEVEDOS,188,17,205,415,64,684
RS,QUINZE DE NOVEMBRO,600,36,636,694,196,1526
RS,REDENTORA,514,32,546,1227,245,2018
RS,RELVADO,226,7,233,416,19,668
RS,RESTINGA SECA,2046,119,2165,3367,787,6319
RS,RIO DOS INDIOS,196,11,207,371,60,638
RS,RIO GRANDE,23484,1466,24950,43162,13049,81161
RS,RIO PARDO,2863,181,3044,7060,1721,11825
RS,RIOZINHO,477,35,512,829,101,1442
RS,ROCA SALES,1208,67,1275,2230,209,3714
RS,RODEIO BONITO,1008,42,1050,1410,158,2618
RS,ROLADOR,143,10,153,254,30,437
RS,ROLANTE,2683,101,2784,3947,682,7413
RS,RONDA ALTA,1212,72,1284,2036,363,3683
RS,RONDINHA,574,32,606,996,88,1690
RS,ROQUE GONZALES,764,38,802,1254,173,2229
RS,ROSARIO DO SUL,4000,272,4272,6665,2222,13159
RS,SAGRADA FAMILIA,223,15,238,448,90,776
RS,SALDANHA MARINHO,343,30,373,753,139,1265
RS,SALTO DO JACUI,1325,85,1410,2426,601,4437
RS,SALVADOR DAS MISSOES,412,26,438,440,68,946
RS,SALVADOR DO SUL,1034,66,1100,1759,238,3097
RS,SANANDUVA,2939,162,3101,3206,469,6776
RS,SANTA BARBARA DO SUL,1098,94,1192,2321,559,4072
RS,SANTA CECILIA DO SUL,155,8,163,289,41,493
RS,SANTA CLARA DO SUL,1059,59,1118,1319,161,2598
RS,SANTA CRUZ DO SUL,22289,1043,23332,29557,6298,59187
RS,SANTA MARGARIDA DO SUL,177,32,209,338,69,616
RS,SANTA MARIA,40562,2071,42633,58318,17322,118273
RS,SANTA MARIA DO HERVAL,787,49,836,1012,128,1976
RS,SANTANA DA BOA VISTA,511,39,550,1231,314,2095
RS,SANTANA DO LIVRAMENTO,11305,741,12046,16931,6151,35128
RS,SANTA ROSA,11857,587,12444,15607,3421,31472
RS,SANTA TEREZA,179,10,189,324,39,552
RS,SANTA VITORIA DO PALMAR,4168,248,4416,7643,2353,14412
RS,SANTIAGO,6518,348,6866,10716,2271,19853
RS,SANTO ANGELO,11096,606,11702,19067,4609,35378
RS,SANTO ANTONIO DA PATRULHA,5652,284,5936,8055,2187,16178
RS,SANTO ANTONIO DAS MISSOES,1016,71,1087,2033,589,3709
RS,SANTO ANTONIO DO PALMA,221,12,233,386,36,655
RS,SANTO ANTONIO DO PLANALTO,283,16,299,450,85,834
RS,SANTO AUGUSTO,1887,107,1994,3312,845,6151
RS,SANTO CRISTO,1847,97,1944,2561,363,4868
RS,SANTO EXPEDITO DO SUL,264,13,277,346,61,684
RS,SAO BORJA,6974,429,7403,10628,3291,21322
RS,SAO DOMINGOS DO SUL,457,19,476,719,102,1297
RS,SAO FRANCISCO DE ASSIS,1769,105,1874,3170,714,5758
RS,SAO FRANCISCO DE PAULA,2830,289,3119,4910,1036,9065
RS,SAO GABRIEL,5685,346,6031,11997,3109,21137
RS,SAO JERONIMO,2018,147,2165,5712,1285,9162
RS,SAO JOAO DA URTIGA,697,41,738,710,123,1571
RS,SAO JOAO DO POLESINE,439,21,460,569,90,1119
RS,SAO JORGE,358,22,380,606,42,1028
RS,SAO JOSE DAS MISSOES,162,14,176,381,74,631
RS,SAO JOSE DO HERVAL,210,16,226,443,95,764
RS,SAO JOSE DO HORTENCIO,506,26,532,805,70,1407
RS,SAO JOSE DO INHACORA,375,21,396,440,30,866
RS,SAO JOSE DO NORTE,2024,120,2144,3954,704,6802
RS,SAO JOSE DO OURO,1001,82,1083,1478,187,2748
RS,SAO JOSE DOS AUSENTES,463,67,530,553,89,1172
RS,SAO JOSE DO SUL,313,10,323,405,53,781
RS,SAO LEOPOLDO,33296,1288,34584,50440,14540,99564
RS,SAO LOURENCO DO SUL,4196,218,4414,7192,1606,13212
RS,SAO LUIZ GONZAGA,4650,260,4910,7922,1987,14819
RS,SAO MARCOS,3593,140,3733,4252,566,8551
RS,SAO MARTINHO,816,47,863,1518,167,2548
RS,SAO MARTINHO DA SERRA,268,12,280,474,93,847
RS,SAO MIGUEL DAS MISSOES,818,38,856,1075,241,2172
RS,SAO NICOLAU,480,24,504,985,163,1652
RS,SAO PAULO DAS MISSOES,555,37,592,1012,103,1707
RS,SAO PEDRO DA SERRA,429,19,448,671,94,1213
RS,SAO PEDRO DAS MISSOES,156,13,169,287,55,511
RS,SAO PEDRO DO BUTIA,423,25,448,487,83,1018
RS,SAO PEDRO DO SUL,1694,100,1794,3021,573,5388
RS,SAO SEBASTIAO DO CAI,3631,176,3807,6881,1329,12017
RS,SAO SEPE,2265,161,2426,4507,1144,8077
RS,SAO VALENTIM,397,28,425,947,88,1460
RS,SAO VALENTIM DO SUL,303,16,319,485,51,855
RS,SAO VALERIO DO SUL,115,9,124,314,56,494
RS,SAO VENDELINO,409,25,434,584,57,1075
RS,SAO VICENTE DO SUL,872,77,949,1717,362,3028
RS,SAPIRANGA,12620,490,13110,18728,4878,36716
RS,SAPUCAIA DO SUL,17893,583,18476,29357,7774,55607
RS,SARANDI,3606,227,3833,5002,803,9638
RS,SEBERI,1586,90,1676,2105,397,4178
RS,SEDE NOVA,233,27,260,648,129,1037
RS,SEGREDO,413,19,432,678,139,1249
RS,SELBACH,840,37,877,1130,201,2208
RS,SENADOR SALGADO FILHO,238,24,262,434,70,766
RS,SENTINELA DO SUL,461,27,488,801,167,1456
RS,SERAFINA CORREA,2591,110,2701,3194,449,6344
RS,SERIO,239,7,246,473,29,748
RS,SERTAO,685,51,736,1225,252,2213
RS,SERTAO SANTANA,609,39,648,880,149,1677
RS,SETE DE SETEMBRO,127,11,138,284,28,450
RS,SEVERIANO DE ALMEIDA,447,29,476,658,39,1173
RS,SILVEIRA MARTINS,258,10,268,546,103,917
RS,SINIMBU,644,29,673,1063,171,1907
RS,SOBRADINHO,2192,102,2294,4012,645,6951
RS,SOLEDADE,4193,244,4437,7439,1567,13443
RS,TABAI,537,31,568,842,147,1557
RS,TAPEJARA,4166,169,4335,4668,822,9825
RS,TAPERA,1730,100,1830,2881,572,5283
RS,TAPES,2107,103,2210,4864,970,8044
RS,TAQUARA,8357,314,8671,14682,3357,26710
RS,TAQUARI,3074,169,3243,5972,1140,10355
RS,TAQUARUCU DO SUL,402,19,421,496,40,957
RS,TAVARES,485,29,514,922,195,1631
RS,TENENTE PORTELA,1852,121,1973,3179,643,5795
RS,TERRA DE AREIA,1656,64,1720,2065,544,4329
RS,TEUTONIA,5401,259,5660,6672,971,13303
RS,TIO HUGO,440,36,476,593,171,1240
RS,TIRADENTES DO SUL,454,37,491,825,95,1411
RS,TOROPI,225,10,235,417,44,696
RS,TORRES,9110,434,9544,13256,3337,26137
RS,TRAMANDAI,8872,417,9289,14695,5176,29160
RS,TRAVESSEIRO,219,17,236,367,39,642
RS,TRES ARROIOS,327,29,356,511,27,894
RS,TRES CACHOEIRAS,1916,80,1996,1861,363,4220
RS,TRES COROAS,4101,141,4242,6271,1377,11890
RS,TRES DE MAIO,3487,185,3672,5742,829,10243
RS,TRES FORQUILHAS,247,5,252,382,56,690
RS,TRES PALMEIRAS,541,31,572,748,83,1403
RS,TRES PASSOS,3463,208,3671,6508,1091,11270
RS,TRINDADE DO SUL,988,51,1039,1179,260,2478
RS,TRIUNFO,2897,263,3160,5127,1584,9871
RS,TUCUNDUVA,805,57,862,1608,211,2681
RS,TUNAS,217,15,232,471,116,819
RS,TUPANCI DO SUL,139,9,148,256,27,431
RS,TUPANCIRETA,2170,167,2337,4060,1179,7576
RS,TUPANDI,778,40,818,982,94,1894
RS,TUPARENDI,1113,64,1177,1909,249,3335
RS,TURUCU,324,23,347,572,107,1026
RS,UBIRETAMA,157,18,175,309,19,503
RS,UNIAO DA SERRA,140,8,148,282,24,454
RS,UNISTALDA,228,16,244,416,64,724
RS,URUGUAIANA,13792,844,14636,23819,8671,47126
RS,VACARIA,8574,542,9116,12337,2931,24384
RS,VALE DO SOL,673,36,709,1108,163,1980
RS,VALE REAL,892,40,932,1179,213,2324
RS,VALE VERDE,320,25,345,520,92,957
RS,VANINI,312,10,322,504,23,849
RS,VENANCIO AIRES,8304,452,8756,13192,2244,24192
RS,VERA CRUZ,3253,136,3389,4461,1016,8866
RS,VERANOPOLIS,4046,228,4274,5752,725,10751
RS,VESPASIANO CORREA,273,7,280,352,33,665
RS,VIADUTOS,542,34,576,940,138,1654
RS,VIAMAO,28096,679,28775,46559,14634,89968
RS,VICENTE DUTRA,391,12,403,870,164,1437
RS,VICTOR GRAEFF,469,31,500,727,176,1403
RS,VILA FLORES,584,25,609,813,63,1485
RS,VILA LANGARO,170,15,185,266,41,492
RS,VILA MARIA,662,43,705,888,99,1692
RS,VILA NOVA DO SUL,376,35,411,608,144,1163
RS,VISTA ALEGRE,276,18,294,480,86,860
RS,VISTA ALEGRE DO PRATA,240,12,252,373,55,680
RS,VISTA GAUCHA,307,24,331,506,73,910
RS,VITORIA DAS MISSOES,250,20,270,341,61,672
RS,WESTFALIA,413,21,434,443,35,912
RS,XANGRI-LA,4698,378,5076,4432,1759,11267
SC,ABDON BATISTA,238,15,253,454,71,778
SC,ABELARDO LUZ,2022,133,2155,2962,777,5894
SC,AGROLANDIA,1968,66,2034,1954,471,4459
SC,AGRONOMICA,838,33,871,990,207,2068
SC,AGUA DOCE,920,73,993,1369,194,2556
SC,AGUAS DE CHAPECO,658,23,681,1177,258,2116
SC,AGUAS FRIAS,404,14,418,534,106,1058
SC,AGUAS MORNAS,1078,24,1102,965,182,2249
SC,ALFREDO WAGNER,1205,42,1247,1334,352,2933
SC,ALTO BELA VISTA,259,13,272,408,31,711
SC,ANCHIETA,892,35,927,1324,177,2428
SC,ANGELINA,544,31,575,804,132,1511
SC,ANITA GARIBALDI,850,45,895,1355,252,2502
SC,ANITAPOLIS,984,13,997,823,116,1936
SC,ANTONIO CARLOS,1952,65,2017,1784,275,4076
SC,APIUNA,1481,69,1550,1776,440,3766
SC,ARABUTA,633,19,652,614,68,1334
SC,ARAQUARI,9355,802,10157,8269,2601,21027
SC,ARARANGUA,13052,583,13635,16169,3569,33373
SC,ARMAZEM,1226,45,1271,1377,405,3053
SC,ARROIO TRINTA,688,31,719,902,74,1695
SC,ARVOREDO,326,23,349,434,59,842
SC,ASCURRA,1723,54,1777,2115,541,4433
SC,ATALANTA,485,16,501,697,109,1307
SC,AURORA,1100,43,1143,970,236,2349
SC,BALNEARIO ARROIO DO SILVA,2244,71,2315,2615,744,5674
SC,BALNEARIO BARRA DO SUL,2122,65,2187,2804,981,5972
SC,BALNEARIO CAMBORIU,45406,2223,47629,47658,15215,110502
SC,BALNEARIO DE PICARRAS,6693,448,7141,5977,1810,14928
SC,BALNEARIO GAIVOTA,2663,79,2742,2548,598,5888
SC,BALNEARIO RINCAO,2462,75,2537,1973,550,5060
SC,BANDEIRANTE,342,7,349,457,47,853
SC,BARRA BONITA,171,7,178,355,54,587
SC,BARRA VELHA,10099,453,10552,8886,2842,22280
SC,BELA VISTA DO TOLDO,353,22,375,693,107,1175
SC,BELMONTE,328,14,342,528,53,923
SC,BENEDITO NOVO,1554,56,1610,1930,364,3904
SC,BIGUACU,17733,478,18211,17961,4605,40777
SC,BLUMENAU,81168,3257,84425,88941,20809,194175
SC,BOCAINA DO SUL,307,16,323,488,83,894
SC,BOMBINHAS,6669,283,6952,5371,1911,14234
SC,BOM JARDIM DA SERRA,475,27,502,737,186,1425
SC,BOM JESUS,451,26,477,600,108,1185
SC,BOM JESUS DO OESTE,294,19,313,386,44,743
SC,BOM RETIRO,1225,68,1293,1694,268,3255
SC,BOTUVERA,788,28,816,798,157,1771
SC,BRACO DO NORTE,5424,242,5666,5440,1175,12281
SC,BRACO DO TROMBUDO,557,20,577,701,112,1390
SC,BRUNOPOLIS,227,19,246,447,78,771
SC,BRUSQUE,28737,1382,30119,30118,7014,67251
SC,CACADOR,9760,500,10260,12134,3117,25511
SC,CAIBI,969,46,1015,1347,115,2477
SC,CALMON,295,23,318,765,191,1274
SC,CAMBORIU,22689,571,23260,18783,6645,48688
SC,CAMPO ALEGRE,1838,121,1959,2244,612,4815
SC,CAMPO BELO DO SUL,708,41,749,1099,217,2065
SC,CAMPO ERE,1573,82,1655,2713,485,4853
SC,CAMPOS NOVOS,5118,316,5434,6339,1495,13268
SC,CANELINHA,1991,50,2041,2013,562,4616
SC,CANOINHAS,7097,406,7503,9842,2395,19740
SC,CAPAO ALTO,214,28,242,426,74,742
SC,CAPINZAL,3056,149,3205,3980,953,8138
SC,CAPIVARI DE BAIXO,3311,103,3414,3972,828,8214
SC,CATANDUVAS,1806,94,1900,2565,554,5019
SC,CAXAMBU DO SUL,474,27,501,957,136,1594
SC,CELSO RAMOS,325,16,341,549,74,964
SC,CERRO NEGRO,216,17,233,452,78,763
SC,CHAPADAO DO LAGEADO,253,9,262,407,52,721
SC,CHAPECO,55151,2017,57168,48191,9847,115206
SC,COCAL DO SUL,2670,105,2775,2908,537,6220
SC,CONCORDIA,13028,528,13556,15201,2272,31029
SC,CORDILHEIRA ALTA,922,50,972,870,136,1978
SC,CORONEL FREITAS,1417,52,1469,2109,419,3997
SC,CORONEL MARTINS,194,10,204,403,80,687
SC,CORREIA PINTO,1666,100,1766,2756,690,5212
SC,CORUPA,2579,87,2666,2720,605,5991
SC,CRICIUMA,42138,1598,43736,46558,10798,101092
SC,CUNHA PORA,2009,68,2077,2455,389,4921
SC,CUNHATAI,226,11,237,378,34,649
SC,CURITIBANOS,5303,319,5622,8202,2185,16009
SC,DESCANSO,1101,46,1147,1933,232,3312
SC,DIONISIO CERQUEIRA,2492,276,2768,3268,768,6804
SC,DONA EMMA,584,21,605,841,143,1589
SC,DOUTOR PEDRINHO,622,23,645,745,132,1522
SC,ENTRE RIOS,208,12,220,410,92,722
SC,ERMO,328,14,342,488,59,889
SC,ERVAL VELHO,641,44,685,942,162,1789
SC,FAXINAL DOS GUEDES,1581,80,1661,1967,571,4199
SC,FLOR DO SERTAO,211,8,219,322,33,574
SC,FLORIANOPOLIS,152442,5975,158417,168291,44402,371110
SC,FORMOSA DO SUL,392,22,414,595,61,1070
SC,FORQUILHINHA,4289,121,4410,4086,880,9376
SC,FRAIBURGO,3936,249,4185,6439,1471,12095
SC,FREI ROGERIO,200,14,214,350,70,634
SC,GALVAO,397,30,427,995,187,1609
SC,GAROPABA,7012,313,7325,6636,1598,15559
SC,GARUVA,3103,381,3484,3489,1096,8069
SC,GASPAR,14975,523,15498,14966,3661,34125
SC,GOVERNADOR CELSO RAMOS,3059,197,3256,2918,669,6843
SC,GRAO PARA,916,34,950,1165,208,2323
SC,GRAVATAL,1864,84,1948,2710,425,5083
SC,GUABIRUBA,4584,114,4698,3804,830,9332
SC,GUARACIABA,1320,67,1387,1757,255,3399
SC,GUARAMIRIM,8200,484,8684,7857,1904,18445
SC,GUARUJA DO SUL,749,35,784,1272,305,2361
SC,GUATAMBU,988,34,1022,1001,224,2247
SC,HERVAL D'OESTE,2770,82,2852,3481,844,7177
SC,IBIAM,247,11,258,442,66,766
SC,IBICARE,461,21,482,669,128,1279
SC,IBIRAMA,2968,120,3088,4004,867,7959
SC,ICARA,10153,403,10556,10641,2609,23806
SC,ILHOTA,3122,173,3295,3160,984,7439
SC,IMARUI,1295,36,1331,1969,356,3656
SC,IMBITUBA,10931,467,11398,12400,2998,26796
SC,IMBUIA,765,26,791,1037,172,2000
SC,INDAIAL,14514,781,15295,16160,4265,35720
SC,IOMERE,363,25,388,378,34,800
SC,IPIRA,652,27,679,901,135,1715
SC,IPORA DO OESTE,1723,58,1781,1717,163,3661
SC,IPUACU,486,40,526,724,188,1438
SC,IPUMIRIM,763,45,808,1148,179,2135
SC,IRACEMINHA,606,27,633,728,67,1428
SC,IRANI,1387,67,1454,2121,353,3928
SC,IRATI,232,10,242,416,47,705
SC,IRINEOPOLIS,1074,90,1164,1681,241,3086
SC,ITA,1117,51,1168,1746,209,3123
SC,ITAIOPOLIS,2217,127,2344,3320,706,6370
SC,ITAJAI,65868,7934,73802,68279,17919,160000
SC,ITAPEMA,26254,1030,27284,19051,6075,52410
SC,ITAPIRANGA,2522,121,2643,3216,367,6226
SC,ITAPOA,6676,442,7118,5783,2249,15150
SC,ITUPORANGA,4002,204,4206,4746,923,9875
SC,JABORA,634,22,656,867,117,1640
SC,JACINTO MACHADO,1169,56,1225,1902,256,3383
SC,JAGUARUNA,3747,142,3889,4223,942,9054
SC,JARAGUA DO SUL,38662,1392,40054,36064,8189,84307
SC,JARDINOPOLIS,248,14,262,459,49,770
SC,JOACABA,6407,380,6787,7577,1395,15759
SC,JOINVILLE,127866,6391,134257,132267,34978,301502
SC,JOSE BOITEUX,509,20,529,730,182,1441
SC,JUPIA,328,17,345,442,63,850
SC,LACERDOPOLIS,343,18,361,494,40,895
SC,LAGES,24579,1092,25671,36672,9009,71352
SC,LAGUNA,5795,235,6030,9615,2307,17952
SC,LAJEADO GRANDE,189,7,196,381,43,620
SC,LAURENTINO,1366,41,1407,1655,311,3373
SC,LAURO MULLER,1651,65,1716,2576,307,4599
SC,LEBON REGIS,956,57,1013,2179,427,3619
SC,LEOBERTO LEAL,283,25,308,511,62,881
SC,LINDOIA DO SUL,527,22,549,843,161,1553
SC,LONTRAS,2322,55,2377,2219,552,5148
SC,LUIZ ALVES,2118,58,2176,2096,578,4850
SC,LUZERNA,1082,43,1125,1000,189,2314
SC,MACIEIRA,212,6,218,409,42,669
SC,MAFRA,7551,490,8041,10263,2188,20492
SC,MAJOR GERCINO,415,12,427,664,116,1207
SC,MAJOR VIEIRA,596,55,651,1108,289,2048
SC,MARACAJA,1111,66,1177,1619,254,3050
SC,MARAVILHA,5499,222,5721,6253,1011,12985
SC,MAREMA,234,13,247,477,112,836
SC,MASSARANDUBA,2930,65,2995,2874,616,6485
SC,MATOS COSTA,288,32,320,740,161,1221
SC,MELEIRO,1056,45,1101,1393,225,2719
SC,MIRIM DOCE,292,11,303,536,72,911
SC,MODELO,736,33,769,1224,212,2205
SC,MONDAI,1377,54,1431,2308,325,4064
SC,MONTE CARLO,794,45,839,1417,369,2625
SC,MONTE CASTELO,894,57,951,1598,351,2900
SC,MORRO DA FUMACA,3097,104,3201,3228,552,6981
SC,MORRO GRANDE,300,14,314,485,73,872
SC,NAVEGANTES,17861,1081,18942,16675,5766,41383
SC,NOVA ERECHIM,864,37,901,1046,212,2159
SC,NOVA ITABERABA,579,22,601,807,145,1553
SC,NOVA TRENTO,2465,71,2536,2858,483,5877
SC,NOVA VENEZA,2240,96,2336,2347,421,5104
SC,NOVO HORIZONTE,266,14,280,437,64,781
SC,ORLEANS,3491,142,3633,4098,747,8478
SC,OTACILIO COSTA,2321,150,2471,3169,1009,6649
SC,OURO,974,41,1015,1296,254,2565
SC,OURO VERDE,207,16,223,366,49,638
SC,PAIAL,212,10,222,348,55,625
SC,PAINEL,193,17,210,393,84,687
SC,PALHOCA,47620,1929,49549,47147,12859,109555
SC,PALMA SOLA,1032,42,1074,1444,208,2726
SC,PALMEIRA,293,26,319,435,119,873
SC,PALMITOS,2265,109,2374,3168,474,6016
SC,PAPANDUVA,2195,110,2305,3053,675,6033
SC,PARAISO,424,20,444,591,101,1136
SC,PASSO DE TORRES,2174,112,2286,2209,542,5037
SC,PASSOS MAIA,355,28,383,620,113,1116
SC,PAULO LOPES,1583,55,1638,1822,416,3876
SC,PEDRAS GRANDES,484,24,508,740,151,1399
SC,PENHA,7961,300,8261,7812,2359,18432
SC,PERITIBA,490,18,508,680,79,1267
SC,PESCARIA BRAVA,978,20,998,982,144,2124
SC,PETROLANDIA,690,31,721,787,193,1701
SC,PINHALZINHO,4633,215,4848,4731,769,10348
SC,PINHEIRO PRETO,434,37,471,725,110,1306
SC,PIRATUBA,1228,63,1291,1518,238,3047
SC,PLANALTO ALEGRE,406,24,430,584,97,1111
SC,POMERODE,6296,276,6572,6799,1234,14605
SC,PONTE ALTA,468,34,502,993,249,1744
SC,PONTE ALTA DO NORTE,348,36,384,690,229,1303
SC,PONTE SERRADA,1518,62,1580,2771,604,4955
SC,PORTO BELO,7307,396,7703,6409,2049,16161
SC,PORTO UNIAO,4401,307,4708,6186,1236,12130
SC,POUSO REDONDO,2478,98,2576,2822,628,6026
SC,PRAIA GRANDE,1276,46,1322,1812,258,3392
SC,PRESIDENTE CASTELLO BRANCO,260,16,276,469,30,775
SC,PRESIDENTE GETULIO,2869,119,2988,3020,702,6710
SC,PRESIDENTE NEREU,261,12,273,499,77,849
SC,PRINCESA,318,15,333,449,70,852
SC,QUILOMBO,1479,60,1539,2468,324,4331
SC,RANCHO QUEIMADO,751,29,780,774,169,1723
SC,RIO DAS ANTAS,617,42,659,938,210,1807
SC,RIO DO CAMPO,826,34,860,1218,251,2329
SC,RIO DO OESTE,986,33,1019,1457,359,2835
SC,RIO DOS CEDROS,1772,60,1832,1878,364,4074
SC,RIO DO SUL,15631,602,16233,18095,3391,37719
SC,RIO FORTUNA,746,28,774,654,94,1522
SC,RIO NEGRINHO,5441,311,5752,6822,2227,14801
SC,RIO RUFINO,245,12,257,413,90,760
SC,RIQUEZA,576,21,597,834,141,1572
SC,RODEIO,2268,64,2332,3122,598,6052
SC,ROMELANDIA,449,13,462,1060,162,1684
SC,SALETE,1312,41,1353,1635,365,3353
SC,SALTINHO,393,17,410,552,133,1095
SC,SALTO VELOSO,684,34,718,843,141,1702
SC,SANGAO,1793,42,1835,1436,409,3680
SC,SANTA CECILIA,1916,127,2043,3451,842,6336
SC,SANTA HELENA,269,6,275,472,45,792
SC,SANTA ROSA DE LIMA,311,15,326,504,74,904
SC,SANTA ROSA DO SUL,1118,60,1178,1402,270,2850
SC,SANTA TEREZINHA,640,35,675,946,159,1780
SC,SANTA TEREZINHA DO PROGRESSO,273,8,281,493,81,855
SC,SANTIAGO DO SUL,170,7,177,327,24,528
SC,SANTO AMARO DA IMPERATRIZ,4506,140,4646,4908,1229,10783
SC,SAO BENTO DO SUL,13034,653,13687,15429,4227,33343
SC,SAO BERNARDINO,303,10,313,530,110,953
SC,SAO BONIFACIO,342,18,360,565,76,1001
SC,SAO CARLOS,1654,71,1725,2599,422,4746
SC,SAO CRISTOVAO DO SUL,566,51,617,898,271,1786
SC,SAO DOMINGOS,1288,67,1355,2067,349,3771
SC,SAO FRANCISCO DO SUL,9585,559,10144,11808,3637,25589
SC,SAO JOAO BATISTA,5349,160,5509,5928,1566,13003
SC,SAO JOAO DO ITAPERIU,778,24,802,702,177,1681
SC,SAO JOAO DO OESTE,1003,44,1047,1057,89,2193
SC,SAO JOAO DO SUL,964,93,1057,1482,233,2772
SC,SAO JOAQUIM,2900,185,3085,3615,945,7645
SC,SAO JOSE,57431,2718,60149,72272,18094,150515
SC,SAO JOSE DO CEDRO,2166,93,2259,2857,334,5450
SC,SAO JOSE DO CERRITO,710,42,752,1164,274,2190
SC,SAO LOURENCO DO OESTE,4494,219,4713,5113,1007,10833
SC,SAO LUDGERO,2231,80,2311,2179,447,4937
SC,SAO MARTINHO,524,20,544,556,92,1192
SC,SAO MIGUEL DA BOA VISTA,168,11,179,330,27,536
SC,SAO MIGUEL DO OESTE,8581,327,8908,11330,1508,21746
SC,SAO PEDRO DE ALCANTARA,742,12,754,876,117,1747
SC,SAUDADES,1319,51,1370,1382,278,3030
SC,SCHROEDER,3590,74,3664,3555,836,8055
SC,SEARA,2531,126,2657,3068,465,6190
SC,SERRA ALTA,479,26,505,644,95,1244
SC,SIDEROPOLIS,1772,68,1840,2438,547,4825
SC,SOMBRIO,5431,250,5681,7302,1512,14495
SC,SUL BRASIL,251,16,267,497,80,844
SC,TAIO,3259,117,3376,4103,796,8275
SC,TANGARA,987,61,1048,1644,287,2979
SC,TIGRINHOS,246,9,255,339,44,638
SC,TIJUCAS,10317,652,10969,9052,2461,22482
SC,TIMBE DO SUL,600,29,629,753,140,1522
SC,TIMBO,9830,341,10171,10280,2112,22563
SC,TIMBO GRANDE,607,42,649,1468,325,2442
SC,TRES BARRAS,1833,90,1923,3235,692,5850
SC,TREVISO,427,22,449,567,83,1099
SC,TREZE DE MAIO,1060,49,1109,1311,223,2643
SC,TREZE TILIAS,1787,88,1875,1665,249,3789
SC,TROMBUDO CENTRAL,1210,44,1254,1654,300,3208
SC,TUBARAO,22812,937,23749,27603,5451,56803
SC,TUNAPOLIS,681,25,706,722,72,1500
SC,TURVO,2181,84,2265,2328,356,4949
SC,UNIAO DO OESTE,309,19,328,675,124,1127
SC,URUBICI,2295,90,2385,2136,429,4950
SC,URUPEMA,311,15,326,441,109,876
SC,URUSSANGA,2881,101,2982,3936,566,7484
SC,VARGEAO,487,30,517,810,146,1473
SC,VARGEM,248,21,269,496,96,861
SC,VARGEM BONITA,460,34,494,849,206,1549
SC,VIDAL RAMOS,714,43,757,1059,227,2043
SC,VIDEIRA,8373,418,8791,10634,2199,21624
SC,VITOR MEIRELES,633,21,654,833,90,1577
SC,WITMARSUM,595,20,615,684,86,1385
SC,XANXERE,10915,454,11369,12135,2820,26324
SC,XAVANTINA,398,21,419,692,88,1199
SC,XAXIM,5092,167,5259,5558,1177,11994
SC,ZORTEA,423,14,437,693,175,1305
SE,AMPARO DE SAO FRANCISCO,102,4,106,354,62,522
SE,AQUIDABA,826,45,871,1332,317,2520
SE,ARACAJU,82347,3850,86197,110124,33888,230209
SE,ARAUA,380,15,395,740,175,1310
SE,AREIA BRANCA,605,24,629,1201,291,2121
SE,BARRA DOS COQUEIROS,3430,171,3601,4122,1285,9008
SE,BOQUIM,1140,59,1199,1995,481,3675
SE,BREJO GRANDE,198,20,218,649,126,993
SE,CAMPO DO BRITO,1100,49,1149,1293,288,2730
SE,CANHOBA,106,12,118,361,45,524
SE,CANINDE DE SAO FRANCISCO,1334,92,1426,2342,690,4458
SE,CAPELA,1398,64,1462,2229,746,4437
SE,CARIRA,773,49,822,1222,331,2375
SE,CARMOPOLIS,778,121,899,1804,585,3288
SE,CEDRO DE SAO JOAO,229,19,248,648,143,1039
SE,CRISTINAPOLIS,693,39,732,1254,326,2312
SE,CUMBE,176,6,182,347,64,593
SE,DIVINA PASTORA,212,17,229,530,101,860
SE,ESTANCIA,4598,245,4843,7420,2011,14274
SE,FEIRA NOVA,174,17,191,477,74,742
SE,FREI PAULO,760,32,792,1010,237,2039
SE,GARARU,216,11,227,565,101,893
SE,GENERAL MAYNARD,157,9,166,463,83,712
SE,GRACCHO CARDOSO,190,20,210,420,72,702
SE,ILHA DAS FLORES,242,20,262,517,109,888
SE,INDIAROBA,619,24,643,1100,212,1955
SE,ITABAIANA,8226,414,8640,8917,2151,19708
SE,ITABAIANINHA,1628,88,1716,2311,541,4568
SE,ITABI,178,17,195,473,80,748
SE,ITAPORANGA D'AJUDA,1586,76,1662,2618,795,5075
SE,JAPARATUBA,733,51,784,1715,416,2915
SE,JAPOATA,511,32,543,957,227,1727
SE,LAGARTO,5903,370,6273,8009,2172,16454
SE,LARANJEIRAS,1206,124,1330,2023,777,4130
SE,MACAMBIRA,231,19,250,418,95,763
SE,MALHADA DOS BOIS,199,10,209,436,114,759
SE,MALHADOR,387,21,408,688,168,1264
SE,MARUIM,690,48,738,1409,368,2515
SE,MOITA BONITA,655,19,674,828,171,1673
SE,MONTE ALEGRE DE SERGIPE,588,32,620,1069,266,1955
SE,MURIBECA,295,23,318,622,149,1089
SE,NEOPOLIS,933,69,1002,1711,384,3097
SE,NOSSA SENHORA APARECIDA,311,25,336,499,105,940
SE,NOSSA SENHORA DA GLORIA,2755,166,2921,3013,770,6704
SE,NOSSA SENHORA DAS DORES,1356,68,1424,1897,659,3980
SE,NOSSA SENHORA DE LOURDES,226,16,242,482,81,805
SE,NOSSA SENHORA DO SOCORRO,12980,595,13575,16853,6519,36947
SE,PACATUBA,416,25,441,1044,190,1675
SE,PEDRA MOLE,88,7,95,252,33,380
SE,PEDRINHAS,376,16,392,833,154,1379
SE,PINHAO,202,14,216,549,93,858
SE,PIRAMBU,393,31,424,925,237,1586
SE,POCO REDONDO,851,55,906,1325,337,2568
SE,POCO VERDE,964,79,1043,1528,257,2828
SE,PORTO DA FOLHA,642,39,681,1280,354,2315
SE,PROPRIA,1854,176,2030,3645,964,6639
SE,RIACHAO DO DANTAS,508,18,526,1034,177,1737
SE,RIACHUELO,426,27,453,947,241,1641
SE,RIBEIROPOLIS,899,56,955,1254,253,2462
SE,ROSARIO DO CATETE,496,55,551,993,359,1903
SE,SALGADO,1075,53,1128,1532,416,3076
SE,SANTA LUZIA DO ITANHY,350,16,366,869,164,1399
SE,SANTANA DO SAO FRANCISCO,249,12,261,558,111,930
SE,SANTA ROSA DE LIMA,148,16,164,427,60,651
SE,SANTO AMARO DAS BROTAS,493,30,523,1101,224,1848
SE,SAO CRISTOVAO,6462,200,6662,8734,3226,18622
SE,SAO DOMINGOS,451,26,477,657,149,1283
SE,SAO FRANCISCO,152,11,163,360,67,590
SE,SAO MIGUEL DO ALEIXO,107,12,119,290,51,460
SE,SIMAO DIAS,1870,138,2008,2924,752,5684
SE,SIRIRI,339,19,358,805,152,1315
SE,TELHA,148,10,158,370,76,604
SE,TOBIAS BARRETO,3001,189,3190,4472,1212,8874
SE,TOMAR DO GERU,445,23,468,799,181,1448
SE,UMBAUBA,1512,67,1579,2176,605,4360
SP,ADAMANTINA,6487,655,7142,9247,1586,17975
SP,ADOLFO,795,107,902,1138,153,2193
SP,AGUAI,4903,761,5664,6915,1330,13909
SP,AGUAS DA PRATA,1462,212,1674,2006,314,3994
SP,AGUAS DE LINDOIA,3841,165,4006,5279,1194,10479
SP,AGUAS DE SANTA BARBARA,1516,375,1891,1895,466,4252
SP,AGUAS DE SAO PEDRO,942,37,979,1627,388,2994
SP,AGUDOS,6194,384,6578,8597,2220,17395
SP,ALAMBARI,1003,89,1092,1106,185,2383
SP,ALFREDO MARCONDES,1143,157,1300,1036,149,2485
SP,ALTAIR,562,249,811,912,150,1873
SP,ALTINOPOLIS,3236,620,3856,3951,726,8533
SP,ALTO ALEGRE,1415,811,2226,1609,152,3987
SP,ALUMINIO,1756,63,1819,2818,812,5449
SP,ALVARES FLORENCE,1905,454,2359,1400,128,3887
SP,ALVARES MACHADO,5312,492,5804,4285,1029,11118
SP,ALVARO DE CARVALHO,422,78,500,823,99,1422
SP,ALVINLANDIA,484,75,559,825,133,1517
SP,AMERICANA,45926,1535,47461,52727,14961,115149
SP,AMERICO BRASILIENSE,3994,144,4138,6799,1707,12644
SP,AMERICO DE CAMPOS,1517,302,1819,1705,244,3768
SP,AMPARO,11346,577,11923,15154,3122,30199
SP,ANALANDIA,883,193,1076,1394,265,2735
SP,ANDRADINA,9807,1017,10824,14573,3056,28453
SP,ANGATUBA,4696,396,5092,5044,993,11129
SP,ANHEMBI,1217,380,1597,1526,421,3544
SP,ANHUMAS,1195,301,1496,1033,190,2719
SP,APARECIDA,5626,261,5887,12376,2952,21215
SP,APARECIDA D'OESTE,1254,345,1599,1409,307,3315
SP,APIAI,4708,324,5032,5345,1364,11741
SP,ARACARIGUAMA,3331,250,3581,4073,1313,8967
SP,ARACATUBA,38464,2409,40873,48965,13253,103091
SP,ARACOIABA DA SERRA,6425,245,6670,6240,1528,14438
SP,ARAMINA,883,421,1304,1212,251,2767
SP,ARANDU,1309,182,1491,1311,368,3170
SP,ARAPEI,365,25,390,755,138,1283
SP,ARARAQUARA,40373,1896,42269,51835,13150,107254
SP,ARARAS,20508,1558,22066,24604,6600,53270
SP,ARCO-IRIS,823,401,1224,856,47,2127
SP,AREALVA,2741,559,3300,2258,285,5843
SP,AREIAS,571,45,616,1137,154,1907
SP,AREIOPOLIS,1086,139,1225,1964,520,3709
SP,ARIRANHA,1161,250,1411,1856,297,3564
SP,ARTUR NOGUEIRA,9029,968,9997,8905,2219,21121
SP,ARUJA,14655,490,15145,14922,4214,34281
SP,ASPASIA,660,163,823,754,61,1638
SP,ASSIS,19039,1238,20277,24384,6763,51424
SP,ATIBAIA,35282,1328,36610,35078,8870,80558
SP,AURIFLAMA,4221,563,4784,3892,630,9306
SP,AVAI,1106,246,1352,1347,189,2888
SP,AVANHANDAVA,1359,500,1859,2409,515,4783
SP,AVARE,14910,979,15889,20559,5717,42165
SP,BADY BASSITT,6113,251,6364,5531,1387,13282
SP,BALBINOS,299,77,376,487,123,986
SP,BALSAMO,2459,294,2753,2938,428,6119
SP,BANANAL,1483,137,1620,2324,438,4382
SP,BARAO DE ANTONINA,745,87,832,751,130,1713
SP,BARBOSA,977,332,1309,1578,331,3218
SP,BARIRI,5659,848,6507,6994,1381,14882
SP,BARRA BONITA,5743,446,6189,9193,1722,17104
SP,BARRA DO CHAPEU,1699,108,1807,877,167,2851
SP,BARRA DO TURVO,1654,31,1685,1173,355,3213
SP,BARRETOS,21551,2157,23708,24903,6743,55354
SP,BARRINHA,3586,186,3772,4839,1648,10259
SP,BARUERI,81381,4500,85881,72960,22897,181738
SP,BASTOS,3010,287,3297,4704,801,8802
SP,BATATAIS,10062,1170,11232,12031,2876,26139
SP,BAURU,71371,2693,74064,93357,26623,194044
SP,BEBEDOURO,12801,1488,14289,16475,4236,35000
SP,BENTO DE ABREU,392,181,573,722,121,1416
SP,BERNARDINO DE CAMPOS,1870,349,2219,2561,538,5318
SP,BERTIOGA,11958,376,12334,9952,3848,26134
SP,BILAC,1852,592,2444,2456,179,5079
SP,BIRIGUI,21795,1347,23142,26111,6432,55685
SP,BIRITIBA-MIRIM,3716,116,3832,5253,1335,10420
SP,BOA ESPERANCA DO SUL,1815,402,2217,2873,624,5714
SP,BOCAINA,1837,300,2137,2643,517,5297
SP,BOFETE,2919,381,3300,2561,635,6496
SP,BOITUVA,11853,679,12532,11689,3201,27422
SP,BOM JESUS DOS PERDOES,4021,109,4130,4783,1205,10118
SP,BOM SUCESSO DE ITARARE,552,68,620,782,214,1616
SP,BORA,248,76,324,443,54,821
SP,BORACEIA,869,153,1022,1288,255,2565
SP,BORBOREMA,3709,1201,4910,4558,788,10256
SP,BOREBI,493,88,581,822,153,1556
SP,BOTUCATU,25247,1313,26560,30179,8339,65078
SP,BRAGANCA PAULISTA,33707,1035,34742,39120,9337,83199
SP,BRAUNA,1177,383,1560,1645,245,3450
SP,BREJO ALEGRE,553,117,670,741,103,1514
SP,BRODOWSKI,4923,378,5301,5653,1049,12003
SP,BROTAS,4442,774,5216,5342,1100,11658
SP,BURI,3553,379,3932,3842,1025,8799
SP,BURITAMA,4084,668,4752,4599,917,10268
SP,BURITIZAL,1215,438,1653,1290,202,3145
SP,CABRALIA PAULISTA,876,122,998,1626,222,2846
SP,CABREUVA,6769,327,7096,7687,2556,17339
SP,CACAPAVA,12063,501,12564,17118,4873,34555
SP,CACHOEIRA PAULISTA,3664,240,3904,6515,1419,11838
SP,CACONDE,5790,580,6370,5163,727,12260
SP,CAFELANDIA,3023,668,3691,4134,778,8603
SP,CAIABU,910,161,1071,1148,197,2416
SP,CAIEIRAS,14008,432,14440,15318,4535,34293
SP,CAIUA,1435,268,1703,1370,151,3224
SP,CAJAMAR,14820,1592,16412,15387,4774,36573
SP,CAJATI,3205,231,3436,3855,1217,8508
SP,CAJOBI,1520,399,1919,2433,413,4765
SP,CAJURU,4189,530,4719,5251,986,10956
SP,CAMPINA DO MONTE ALEGRE,1173,88,1261,2384,571,4216
SP,CAMPINAS,227663,9359,237022,268896,73445,579363
SP,CAMPO LIMPO PAULISTA,10388,214,10602,12944,3746,27292
SP,CAMPOS DO JORDAO,9195,478,9673,13335,3927,26935
SP,CAMPOS NOVOS PAULISTA,1340,595,1935,1329,238,3502
SP,CANANEIA,1795,83,1878,2645,884,5407
SP,CANAS,587,43,630,1154,296,2080
SP,CANDIDO MOTA,5997,1748,7745,6326,1408,15479
SP,CANDIDO RODRIGUES,722,236,958,880,172,2010
SP,CANITAR,773,67,840,1152,230,2222
SP,CAPAO BONITO,7547,493,8040,9359,2061,19460
SP,CAPELA DO ALTO,3152,151,3303,3941,769,8013
SP,CAPIVARI,7075,686,7761,9408,2333,19502
SP,CARAGUATATUBA,22050,822,22872,27348,9516,59736
SP,CARAPICUIBA,50555,826,51381,61655,20282,133318
SP,CARDOSO,3027,789,3816,3747,740,8303
SP,CASA BRANCA,4548,839,5387,6694,1326,13407
SP,CASSIA DOS COQUEIROS,896,181,1077,1044,124,2245
SP,CASTILHO,3854,643,4497,4441,835,9773
SP,CATANDUVA,19858,1116,20974,27756,6530,55260
SP,CATIGUA,840,221,1061,1476,187,2724
SP,CEDRAL,3098,366,3464,3190,608,7262
SP,CERQUEIRA CESAR,3425,592,4017,4190,921,9128
SP,CERQUILHO,7714,355,8069,9418,1955,19442
SP,CESARIO LANGE,2802,305,3107,3710,632,7449
SP,CHARQUEADA,2328,547,2875,3626,546,7047
SP,CHAVANTES,1572,209,1781,3028,584,5393
SP,CLEMENTINA,1167,358,1525,1552,350,3427
SP,COLINA,2925,542,3467,3521,667,7655
SP,COLOMBIA,1447,439,1886,1633,353,3872
SP,CONCHAL,3760,649,4409,5314,1040,10763
SP,CONCHAS,3592,489,4081,3585,1142,8808
SP,CORDEIROPOLIS,4003,436,4439,4820,905,10164
SP,COROADOS,1438,461,1899,1999,326,4224
SP,CORONEL MACEDO,931,197,1128,959,142,2229
SP,CORUMBATAI,1072,273,1345,1121,163,2629
SP,COSMOPOLIS,6992,377,7369,10254,3128,20751
SP,COSMORAMA,2910,701,3611,2686,384,6681
SP,COTIA,49020,1584,50604,46959,15364,112927
SP,CRAVINHOS,6046,746,6792,7607,2037,16436
SP,CRISTAIS PAULISTA,1969,339,2308,2082,369,4759
SP,CRUZALIA,751,327,1078,923,145,2146
SP,CRUZEIRO,9010,407,9417,17050,4530,30997
SP,CUBATAO,15377,850,16227,18454,5288,39969
SP,CUNHA,5963,390,6353,4436,638,11427
SP,DESCALVADO,6259,1046,7305,6749,1555,15609
SP,DIADEMA,52905,1369,54274,66536,22281,143091
SP,DIRCE REIS,483,132,615,571,36,1222
SP,DIVINOLANDIA,3946,382,4328,4077,384,8789
SP,DOBRADA,957,142,1099,1649,389,3137
SP,DOIS CORREGOS,4024,770,4794,5365,1066,11225
SP,DOLCINOPOLIS,533,159,692,704,101,1497
SP,DOURADO,1451,202,1653,2404,462,4519
SP,DRACENA,8391,744,9135,10080,2432,21647
SP,DUARTINA,2399,198,2597,3588,566,6751
SP,DUMONT,1806,478,2284,2057,405,4746
SP,ECHAPORA,1617,457,2074,1643,408,4125
SP,ELDORADO,2662,223,2885,2430,629,5944
SP,ELIAS FAUSTO,3033,375,3408,3114,687,7209
SP,ELISIARIO,421,103,524,725,105,1354
SP,EMBAUBA,504,269,773,785,79,1637
SP,EMBU DAS ARTES,32868,1048,33916,39261,13621,86798
SP,EMBU-GUACU,8291,179,8470,10049,3319,21838
SP,EMILIANOPOLIS,751,165,916,641,103,1660
SP,ENGENHEIRO COELHO,3124,281,3405,3335,807,7547
SP,ESPIRITO SANTO DO PINHAL,7101,552,7653,9011,1744,18408
SP,ESPIRITO SANTO DO TURVO,954,199,1153,1350,207,2710
SP,ESTIVA GERBI,1666,133,1799,2331,479,4609
SP,ESTRELA D'OESTE,2439,574,3013,2382,423,5818
SP,ESTRELA DO NORTE,641,125,766,787,114,1667
SP,EUCLIDES DA CUNHA PAULISTA,1930,309,2239,1658,301,4198
SP,FARTURA,3529,432,3961,3827,715,8503
SP,FERNANDOPOLIS,12029,906,12935,16230,3651,32816
SP,FERNANDO PRESTES,1590,452,2042,1543,221,3806
SP,FERNAO,590,133,723,535,41,1299
SP,FERRAZ DE VASCONCELOS,20434,417,20851,25921,8199,54971
SP,FLORA RICA,419,185,604,623,81,1308
SP,FLOREAL,1032,353,1385,1119,117,2621
SP,FLORIDA PAULISTA,2097,733,2830,2366,396,5592
SP,FLORINEA,810,368,1178,987,206,2371
SP,FRANCA,72075,2209,74284,84094,22219,180597
SP,FRANCISCO MORATO,17357,309,17666,20526,6907,45099
SP,FRANCO DA ROCHA,15836,1013,16849,19512,5950,42311
SP,GABRIEL MONTEIRO,794,237,1031,1121,82,2234
SP,GALIA,1259,240,1499,1578,320,3397
SP,GARCA,7389,665,8054,9960,2233,20247
SP,GASTAO VIDIGAL,914,308,1222,1140,107,2469
SP,GAVIAO PEIXOTO,677,164,841,1167,219,2227
SP,GENERAL SALGADO,2316,672,2988,3593,497,7078
SP,GETULINA,1752,696,2448,2332,507,5287
SP,GLICERIO,1004,427,1431,1533,225,3189
SP,GUAICARA,2009,406,2415,2876,714,6005
SP,GUAIMBE,946,213,1159,1605,356,3120
SP,GUAIRA,6605,1306,7911,8010,1846,17767
SP,GUAPIACU,4049,545,4594,4861,867,10322
SP,GUAPIARA,5108,223,5331,3575,624,9530
SP,GUARA,2523,426,2949,4169,1243,8361
SP,GUARACAI,1861,424,2285,2401,213,4899
SP,GUARACI,1725,402,2127,2269,511,4907
SP,GUARANI D'OESTE,567,164,731,871,135,1737
SP,GUARANTA,1199,272,1471,1749,244,3464
SP,GUARARAPES,5169,1163,6332,7070,1545,14947
SP,GUARAREMA,5412,276,5688,7272,1680,14640
SP,GUARATINGUETA,16783,845,17628,25034,6446,49108
SP,GUAREI,2597,183,2780,2342,527,5649
SP,GUARIBA,5065,289,5354,6632,1661,13647
SP,GUARUJA,47677,1245,48922,52217,19314,120453
SP,GUARULHOS,204266,7997,212263,235624,75807,523694
SP,GUATAPARA,1289,617,1906,1750,368,4024
SP,GUZOLANDIA,1293,441,1734,1473,186,3393
SP,HERCULANDIA,1832,609,2441,2273,365,5079
SP,HOLAMBRA,3683,287,3970,2718,518,7206
SP,HORTOLANDIA,37916,1023,38939,39001,12820,90760
SP,IACANGA,2128,323,2451,2490,531,5472
SP,IACRI,1623,561,2184,1923,212,4319
SP,IARAS,1324,143,1467,1144,254,2865
SP,IBATE,3935,155,4090,5075,1898,11063
SP,IBIRA,2640,444,3084,3520,575,7179
SP,IBIRAREMA,1647,506,2153,2676,408,5237
SP,IBITINGA,12814,1394,14208,16621,3082,33911
SP,IBIUNA,13164,475,13639,10731,3511,27881
SP,ICEM,1241,200,1441,2022,436,3899
SP,IEPE,1596,445,2041,2069,289,4399
SP,IGARACU DO TIETE,2452,150,2602,4275,1121,7998
SP,IGARAPAVA,3637,970,4607,5483,1392,11482
SP,IGARATA,2106,56,2162,2129,495,4786
SP,IGUAPE,4318,209,4527,5603,1473,11603
SP,ILHABELA,7196,211,7407,7836,2409,17652
SP,ILHA COMPRIDA,2533,53,2586,3435,1176,7197
SP,ILHA SOLTEIRA,3807,366,4173,4920,1175,10268
SP,INDAIATUBA,50640,1726,52366,48619,12645,113630
SP,INDIANA,1182,145,1327,1477,320,3124
SP,INDIAPORA,1105,384,1489,1307,150,2946
SP,INUBIA PAULISTA,699,126,825,1065,182,2072
SP,IPAUSSU,1763,185,1948,2938,621,5507
SP,IPERO,4001,175,4176,5083,1451,10710
SP,IPEUNA,1423,420,1843,1536,238,3617
SP,IPIGUA,1476,196,1672,1220,234,3126
SP,IPORANGA,708,39,747,949,196,1892
SP,IPUA,1843,435,2278,2698,724,5700
SP,IRACEMAPOLIS,3354,150,3504,4653,1067,9224
SP,IRAPUA,1599,454,2053,1900,268,4221
SP,IRAPURU,1420,429,1849,1790,312,3951
SP,ITABERA,4369,649,5018,3866,829,9713
SP,ITAI,4082,612,4694,4851,1000,10545
SP,ITAJOBI,4357,1266,5623,4308,694,10625
SP,ITAJU,1072,311,1383,958,101,2442
SP,ITANHAEM,15955,466,16421,20816,7330,44567
SP,ITAOCA,838,38,876,644,150,1670
SP,ITAPECERICA DA SERRA,19434,547,19981,23357,8301,51639
SP,ITAPETININGA,23369,1257,24626,34458,7836,66920
SP,ITAPEVA,15277,1195,16472,21539,5395,43406
SP,ITAPEVI,27109,838,27947,30692,10978,69617
SP,ITAPIRA,10476,581,11057,13288,3040,27385
SP,ITAPIRAPUA PAULISTA,1135,72,1207,676,123,2006
SP,ITAPOLIS,8739,2517,11256,10757,1372,23385
SP,ITAPORANGA,2778,334,3112,3507,649,7268
SP,ITAPUI,1893,211,2104,2995,608,5707
SP,ITAPURA,859,143,1002,1154,159,2315
SP,ITAQUAQUECETUBA,41431,1114,42545,46213,15627,104385
SP,ITARARE,7113,1009,8122,11701,2595,22418
SP,ITARIRI,1646,66,1712,2189,533,4434
SP,ITATIBA,19192,637,19829,21411,5046,46286
SP,ITATINGA,2766,341,3107,3891,612,7610
SP,ITIRAPINA,1984,291,2275,3520,661,6456
SP,ITIRAPUA,1055,124,1179,1511,279,2969
SP,ITOBI,1324,182,1506,2041,395,3942
SP,ITU,27768,1143,28911,32915,9342,71168
SP,ITUPEVA,12191,740,12931,10736,2828,26495
SP,ITUVERAVA,5851,1088,6939,8035,1739,16713
SP,JABORANDI,1195,416,1611,1495,359,3465
SP,JABOTICABAL,12721,1778,14499,16349,3783,34631
SP,JACAREI,35129,1150,36279,43675,12699,92653
SP,JACI,1844,264,2108,1760,347,4215
SP,JACUPIRANGA,2398,213,2611,4094,945,7650
SP,JAGUARIUNA,10889,579,11468,12168,2906,26542
SP,JALES,10427,889,11316,13708,2411,27435
SP,JAMBEIRO,1152,88,1240,1474,268,2982
SP,JANDIRA,15214,447,15661,19108,6001,40770
SP,JARDINOPOLIS,7292,747,8039,8931,2637,19607
SP,JARINU,6135,273,6408,5629,1501,13538
SP,JAU,20768,1433,22201,27730,7540,57471
SP,JERIQUARA,725,220,945,835,143,1923
SP,JOANOPOLIS,2976,150,3126,2470,586,6182
SP,JOAO RAMALHO,816,233,1049,1157,199,2405
SP,JOSE BONIFACIO,8589,1123,9712,8738,1651,20101
SP,JULIO MESQUITA,586,93,679,879,178,1736
SP,JUMIRIM,626,130,756,593,110,1459
SP,JUNDIAI,90219,3498,93717,93683,20391,207791
SP,JUNQUEIROPOLIS,3774,931,4705,4998,1108,10811
SP,JUQUIA,2726,139,2865,4018,1045,7928
SP,JUQUITIBA,3393,109,3502,5836,1852,11190
SP,LAGOINHA,1636,140,1776,1331,125,3232
SP,LARANJAL PAULISTA,4994,886,5880,5637,1149,12666
SP,LAVINIA,1170,478,1648,1431,202,3281
SP,LAVRINHAS,700,66,766,1517,226,2509
SP,LEME,15402,953,16355,18703,4088,39146
SP,LENCOIS PAULISTA,10959,1068,12027,14982,3422,30431
SP,LIMEIRA,54740,2583,57323,64603,15964,137890
SP,LINDOIA,1344,66,1410,1693,408,3511
SP,LINS,11279,944,12223,16789,4623,33635
SP,LORENA,10801,526,11327,17907,5374,34608
SP,LOURDES,576,139,715,705,70,1490
SP,LOUVEIRA,7418,875,8293,10145,1657,20095
SP,LUCELIA,3151,468,3619,4523,878,9020
SP,LUCIANOPOLIS,462,135,597,678,57,1332
SP,LUIS ANTONIO,1693,253,1946,2715,740,5401
SP,LUIZIANIA,846,289,1135,1179,163,2477
SP,LUPERCIO,637,114,751,999,241,1991
SP,LUTECIA,868,304,1172,1090,137,2399
SP,MACATUBA,2421,489,2910,3983,780,7673
SP,MACAUBAL,2256,521,2777,2372,236,5385
SP,MACEDONIA,1317,489,1806,1281,186,3273
SP,MAGDA,866,271,1137,1297,147,2581
SP,MAIRINQUE,6949,248,7197,9924,2632,19753
SP,MAIRIPORA,12892,380,13272,14513,4824,32609
SP,MANDURI,1923,393,2316,2361,468,5145
SP,MARABA PAULISTA,1323,367,1690,1104,126,2920
SP,MARACAI,2673,678,3351,3198,802,7351
SP,MARAPOAMA,1070,299,1369,952,117,2438
SP,MARIAPOLIS,1036,282,1318,1197,83,2598
SP,MARILIA,44519,2094,46613,54404,14661,115678
SP,MARINOPOLIS,566,145,711,716,55,1482
SP,MARTINOPOLIS,4210,759,4969,5267,1046,11282
SP,MATAO,12196,951,13147,16268,3956,33371
SP,MAUA,48355,1317,49672,60787,17867,128326
SP,MENDONCA,1463,225,1688,1497,261,3446
SP,MERIDIANO,1263,240,1503,1298,202,3003
SP,MESOPOLIS,606,161,767,598,74,1439
SP,MIGUELOPOLIS,3071,820,3891,4044,1096,9031
SP,MINEIROS DO TIETE,1838,274,2112,3048,751,5911
SP,MIRACATU,3166,195,3361,3482,857,7700
SP,MIRA ESTRELA,1135,333,1468,1122,120,2710
SP,MIRANDOPOLIS,4937,817,5754,5149,1157,12060
SP,MIRANTE DO PARANAPANEMA,4629,603,5232,3528,588,9348
SP,MIRASSOL,11753,681,12434,14024,3135,29593
SP,MIRASSOLANDIA,1323,244,1567,1490,178,3235
SP,MOCOCA,10135,793,10928,14727,2982,28637
SP,MOGI DAS CRUZES,73774,2092,75866,83535,24608,184009
SP,MOGI GUACU,22656,1387,24043,31489,6827,62359
SP,MOGI MIRIM,15892,1534,17426,20929,4286,42641
SP,MOMBUCA,842,616,1458,1181,162,2801
SP,MONCOES,727,151,878,798,69,1745
SP,MONGAGUA,10162,263,10425,11239,4486,26150
SP,MONTE ALEGRE DO SUL,2004,96,2100,1940,307,4347
SP,MONTE ALTO,8718,901,9619,11790,1859,23268
SP,MONTE APRAZIVEL,5725,1473,7198,6868,1099,15165
SP,MONTE AZUL PAULISTA,3556,594,4150,3932,855,8937
SP,MONTE CASTELO,1088,433,1521,993,158,2672
SP,MONTEIRO LOBATO,1102,57,1159,1553,394,3106
SP,MONTE MOR,9904,461,10365,10259,2886,23510
SP,MORRO AGUDO,4335,1000,5335,5824,1050,12209
SP,MORUNGABA,2593,151,2744,2963,661,6368
SP,MOTUCA,812,155,967,1026,167,2160
SP,MURUTINGA DO SUL,1244,241,1485,1236,155,2876
SP,NANTES,542,180,722,792,133,1647
SP,NARANDIBA,916,229,1145,1098,229,2472
SP,NATIVIDADE DA SERRA,1799,134,1933,1759,405,4097
SP,NAZARE PAULISTA,2834,93,2927,3325,776,7028
SP,NEVES PAULISTA,2272,382,2654,2608,395,5657
SP,NHANDEARA,3284,952,4236,4234,403,8873
SP,NIPOA,961,257,1218,1257,209,2684
SP,NOVA ALIANCA,1602,256,1858,1514,272,3644
SP,NOVA CAMPINA,1133,99,1232,1418,316,2966
SP,NOVA CANAA PAULISTA,925,271,1196,836,60,2092
SP,NOVA CASTILHO,510,223,733,641,40,1414
SP,NOVA EUROPA,1175,183,1358,2214,428,4000
SP,NOVA GRANADA,3681,541,4222,4764,696,9682
SP,NOVA GUATAPORANGA,429,106,535,617,92,1244
SP,NOVA INDEPENDENCIA,704,220,924,1024,203,2151
SP,NOVAIS,757,323,1080,1055,177,2312
SP,NOVA LUZITANIA,627,98,725,1074,140,1939
SP,NOVA ODESSA,10170,415,10585,11947,3195,25727
SP,NOVO HORIZONTE,7299,1622,8921,8831,1789,19541
SP,NUPORANGA,1793,548,2341,1724,425,4490
SP,OCAUCU,959,258,1217,936,187,2340
SP,OLEO,816,304,1120,939,87,2146
SP,OLIMPIA,11096,1710,12806,13686,3190,29682
SP,ONDA VERDE,946,180,1126,1255,237,2618
SP,ORIENTE,1147,194,1341,1750,393,3484
SP,ORINDIUVA,1108,309,1417,1395,290,3102
SP,ORLANDIA,5593,428,6021,7300,2184,15505
SP,OSASCO,115848,3539,119387,143373,42596,305356
SP,OSCAR BRESSANE,925,200,1125,849,154,2128
SP,OSVALDO CRUZ,5619,603,6222,8613,1378,16213
SP,OURINHOS,16756,890,17646,25658,6448,49752
SP,OUROESTE,2080,304,2384,1954,418,4756
SP,OURO VERDE,1252,270,1522,1777,349,3648
SP,PACAEMBU,2242,604,2846,2741,503,6090
SP,PALESTINA,2853,785,3638,3564,375,7577
SP,PALMARES PAULISTA,1004,96,1100,1975,362,3437
SP,PALMEIRA D'OESTE,2814,732,3546,3046,295,6887
SP,PALMITAL,4913,1310,6223,5493,1214,12930
SP,PANORAMA,2603,238,2841,3287,1064,7192
SP,PARAGUACU PAULISTA,7194,1076,8270,9383,2371,20024
SP,PARAIBUNA,3079,221,3300,3636,919,7855
SP,PARAISO,1293,363,1656,1418,255,3329
SP,PARANAPANEMA,3716,562,4278,3491,1071,8840
SP,PARANAPUA,941,276,1217,1271,148,2636
SP,PARAPUA,2586,642,3228,3472,452,7152
SP,PARDINHO,1624,149,1773,1585,353,3711
SP,PARIQUERA-ACU,2823,142,2965,3391,741,7097
SP,PARISI,766,134,900,807,80,1787
SP,PATROCINIO PAULISTA,2874,632,3506,3310,647,7463
SP,PAULICEIA,1448,191,1639,1320,452,3411
SP,PAULINIA,19272,1066,20338,21626,5370,47334
SP,PAULISTANIA,480,70,550,644,77,1271
SP,PAULO DE FARIA,1325,394,1719,2159,391,4269
SP,PEDERNEIRAS,7001,798,7799,8759,2079,18637
SP,PEDRA BELA,2281,91,2372,1096,176,3644
SP,PEDRANOPOLIS,1201,413,1614,1191,91,2896
SP,PEDREGULHO,3031,503,3534,3587,654,7775
SP,PEDREIRA,7537,238,7775,8878,1929,18582
SP,PEDRINHAS PAULISTA,931,436,1367,777,153,2297
SP,PEDRO DE TOLEDO,1163,46,1209,2092,418,3719
SP,PENAPOLIS,10206,1974,12180,14798,2875,29853
SP,PEREIRA BARRETO,4285,592,4877,6830,1364,13071
SP,PEREIRAS,2109,204,2313,2187,539,5039
SP,PERUIBE,11654,364,12018,15652,5136,32806
SP,PIACATU,1389,403,1792,1689,188,3669
SP,PIEDADE,11411,503,11914,8157,2069,22140
SP,PILAR DO SUL,5488,374,5862,5275,1013,12150
SP,PINDAMONHANGABA,21490,921,22411,27215,8716,58342
SP,PINDORAMA,2270,460,2730,3085,733,6548
SP,PINHALZINHO,3510,117,3627,2915,616,7158
SP,PIQUEROBI,1077,238,1315,1057,204,2576
SP,PIQUETE,1294,68,1362,2944,631,4937
SP,PIRACAIA,5366,151,5517,5586,1489,12592
SP,PIRACICABA,70522,5964,76486,83410,21783,181679
SP,PIRAJU,5226,578,5804,7839,1600,15243
SP,PIRAJUI,3346,608,3954,5046,983,9983
SP,PIRANGI,2734,745,3479,3056,560,7095
SP,PIRAPORA DO BOM JESUS,2311,93,2404,4903,1400,8707
SP,PIRAPOZINHO,3884,337,4221,5609,1083,10913
SP,PIRASSUNUNGA,10791,1367,12158,15158,3202,30518
SP,PIRATININGA,3356,206,3562,3021,704,7287
SP,PITANGUEIRAS,4100,841,4941,5902,1443,12286
SP,PLANALTO,1201,249,1450,1329,206,2985
SP,PLATINA,888,402,1290,988,124,2402
SP,POA,16954,433,17387,34536,9462,61385
SP,POLONI,1676,486,2162,2251,231,4644
SP,POMPEIA,3718,646,4364,4778,992,10134
SP,PONGAI,854,239,1093,990,200,2283
SP,PONTAL,4393,526,4919,6049,1584,12552
SP,PONTALINDA,957,260,1217,1072,146,2435
SP,PONTES GESTAL,564,143,707,968,118,1793
SP,POPULINA,1010,228,1238,1159,176,2573
SP,PORANGABA,2404,209,2613,2101,474,5188
SP,PORTO FELIZ,10173,958,11131,11031,2535,24697
SP,PORTO FERREIRA,9089,592,9681,12030,2860,24571
SP,POTIM,2078,49,2127,2984,883,5994
SP,POTIRENDABA,4214,622,4836,4261,645,9742
SP,PRACINHA,304,91,395,438,64,897
SP,PRADOPOLIS,3078,145,3223,3159,795,7177
SP,PRAIA GRANDE,63995,2055,66050,63637,22497,152184
SP,PRATANIA,862,156,1018,1159,169,2346
SP,PRESIDENTE ALVES,850,136,986,1354,187,2527
SP,PRESIDENTE BERNARDES,3653,642,4295,3457,562,8314
SP,PRESIDENTE EPITACIO,7657,689,8346,9538,2410,20294
SP,PRESIDENTE PRUDENTE,43391,1906,45297,55078,13605,113980
SP,PRESIDENTE VENCESLAU,5853,506,6359,8571,1687,16617
SP,PROMISSAO,6575,1153,7728,7239,2022,16989
SP,QUADRA,977,151,1128,825,166,2119
SP,QUATA,2117,428,2545,2664,585,5794
SP,QUEIROZ,436,179,615,755,131,1501
SP,QUELUZ,1156,91,1247,2467,496,4210
SP,QUINTANA,1133,296,1429,1482,251,3162
SP,RAFARD,1311,239,1550,2045,444,4039
SP,RANCHARIA,5386,1026,6412,6727,1588,14727
SP,REDENCAO DA SERRA,1001,102,1103,1072,200,2375
SP,REGENTE FEIJO,3492,330,3822,4030,881,8733
SP,REGINOPOLIS,1238,223,1461,1803,240,3504
SP,REGISTRO,8656,505,9161,11465,3306,23932
SP,RESTINGA,1313,197,1510,1528,298,3336
SP,RIBEIRA,680,54,734,916,209,1859
SP,RIBEIRAO BONITO,2066,435,2501,2589,676,5766
SP,RIBEIRAO BRANCO,3904,363,4267,2721,592,7580
SP,RIBEIRAO CORRENTE,982,287,1269,1051,205,2525
SP,RIBEIRAO DOS INDIOS,602,129,731,509,49,1289
SP,RIBEIRAO DO SUL,1249,411,1660,1472,201,3333
SP,RIBEIRAO GRANDE,1352,50,1402,1222,206,2830
SP,RIBEIRAO PIRES,15206,374,15580,20413,5454,41447
SP,RIBEIRAO PRETO,153776,5853,159629,177665,48795,386089
SP,RIFAINA,1053,137,1190,1309,275,2774
SP,RINCAO,1223,228,1451,2563,479,4493
SP,RINOPOLIS,2365,590,2955,3019,447,6421
SP,RIO CLARO,30722,1784,32506,41948,9891,84345
SP,RIO DAS PEDRAS,4308,684,4992,5287,1438,11717
SP,RIO GRANDE DA SERRA,4170,58,4228,6280,1773,12281
SP,RIOLANDIA,1715,574,2289,2364,302,4955
SP,RIVERSUL,1268,152,1420,1437,209,3066
SP,ROSANA,3484,215,3699,3630,779,8108
SP,ROSEIRA,1502,95,1597,2305,601,4503
SP,RUBIACEA,598,310,908,839,123,1870
SP,RUBINEIA,981,93,1074,1140,192,2406
SP,SABINO,1069,315,1384,1580,180,3144
SP,SAGRES,567,191,758,810,100,1668
SP,SALES,1269,226,1495,1563,254,3312
SP,SALES OLIVEIRA,2004,354,2358,2379,545,5282
SP,SALESOPOLIS,2604,162,2766,3458,701,6925
SP,SALMOURAO,647,233,880,1031,145,2056
SP,SALTINHO,1902,365,2267,1764,352,4383
SP,SALTO,20315,612,20927,23534,6673,51134
SP,SALTO DE PIRAPORA,5654,280,5934,6688,1545,14167
SP,SALTO GRANDE,1410,298,1708,2050,384,4142
SP,SANDOVALINA,939,207,1146,1063,216,2425
SP,SANTA ADELIA,2322,543,2865,3604,857,7326
SP,SANTA ALBERTINA,1423,377,1800,1835,177,3812
SP,SANTA BARBARA D'OESTE,26623,1039,27662,33639,8639,69940
SP,SANTA BRANCA,1944,99,2043,3071,673,5787
SP,SANTA CLARA D'OESTE,764,143,907,882,106,1895
SP,SANTA CRUZ DA CONCEICAO,1039,355,1394,1360,268,3022
SP,SANTA CRUZ DA ESPERANCA,432,123,555,658,86,1299
SP,SANTA CRUZ DAS PALMEIRAS,3242,347,3589,5199,1092,9880
SP,SANTA CRUZ DO RIO PARDO,9740,1449,11189,12246,1993,25428
SP,SANTA ERNESTINA,737,189,926,1305,305,2536
SP,SANTA FE DO SUL,6823,353,7176,8975,1897,18048
SP,SANTA GERTRUDES,3091,165,3256,4502,1011,8769
SP,SANTA ISABEL,7511,226,7737,10259,2827,20823
SP,SANTA LUCIA,764,90,854,1584,252,2690
SP,SANTA MARIA DA SERRA,1024,198,1222,1470,272,2964
SP,SANTA MERCEDES,571,171,742,906,155,1803
SP,SANTANA DA PONTE PENSA,685,233,918,691,54,1663
SP,SANTANA DE PARNAIBA,31102,1094,32196,42145,12737,87078
SP,SANTA RITA D'OESTE,920,299,1219,1498,63,2780
SP,SANTA RITA DO PASSA QUATRO,4730,686,5416,6276,1057,12749
SP,SANTA ROSA DE VITERBO,3888,449,4337,5262,1080,10679
SP,SANTA SALETE,695,162,857,713,57,1627
SP,SANTO ANASTACIO,3705,523,4228,4666,1067,9961
SP,SANTO ANDRE,126663,3506,130169,150677,41207,322053
SP,SANTO ANTONIO DA ALEGRIA,2250,385,2635,2226,303,5164
SP,SANTO ANTONIO DE POSSE,3896,275,4171,5056,1145,10372
SP,SANTO ANTONIO DO ARACANGUA,2097,906,3003,1962,307,5272
SP,SANTO ANTONIO DO JARDIM,1756,235,1991,1652,252,3895
SP,SANTO ANTONIO DO PINHAL,2029,47,2076,2090,394,4560
SP,SANTO EXPEDITO,572,88,660,792,127,1579
SP,SANTOPOLIS DO AGUAPEI,694,293,987,1154,226,2367
SP,SANTOS,87717,3745,91462,111497,31967,234926
SP,SAO BENTO DO SAPUCAI,2823,67,2890,3014,354,6258
SP,SAO BERNARDO DO CAMPO,131792,3865,135657,158111,45266,339034
SP,SAO CAETANO DO SUL,39460,1416,40876,51650,11739,104265
SP,SAO CARLOS,46535,1907,48442,56649,15136,120227
SP,SAO FRANCISCO,847,191,1038,1172,120,2330
SP,SAO JOAO DA BOA VISTA,17087,975,18062,21885,3959,43906
SP,SAO JOAO DAS DUAS PONTES,573,187,760,685,112,1557
SP,SAO JOAO DE IRACEMA,478,147,625,640,28,1293
SP,SAO JOAO DO PAU D'ALHO,595,144,739,778,73,1590
SP,SAO JOAQUIM DA BARRA,7045,459,7504,9734,2656,19894
SP,SAO JOSE DA BELA VISTA,1161,292,1453,1637,391,3481
SP,SAO JOSE DO BARREIRO,834,80,914,1453,256,2623
SP,SAO JOSE DO RIO PARDO,9297,633,9930,11881,2386,24197
SP,SAO JOSE DO RIO PRETO,105760,3825,109585,127661,33766,271012
SP,SAO JOSE DOS CAMPOS,123233,4056,127289,152155,39945,319389
SP,SAO LOURENCO DA SERRA,1922,66,1988,3402,1063,6453
SP,SAO LUIZ DO PARAITINGA,3071,275,3346,2860,400,6606
SP,SAO MANUEL,5366,452,5818,8536,2278,16632
SP,SAO MIGUEL ARCANJO,7664,534,8198,7065,1317,16580
SP,SAO PAULO,2663920,85401,2749321,2950879,922468,6622668
SP,SAO PEDRO,7156,659,7815,9255,2220,19290
SP,SAO PEDRO DO TURVO,2255,744,2999,1969,288,5256
SP,SAO ROQUE,13738,771,14509,16490,4165,35164
SP,SAO SEBASTIAO,13377,528,13905,16072,5478,35455
SP,SAO SEBASTIAO DA GRAMA,2214,263,2477,2844,579,5900
SP,SAO SIMAO,2386,392,2778,3145,916,6839
SP,SAO VICENTE,52026,1005,53031,57872,20609,131512
SP,SARAPUI,2343,155,2498,2479,480,5457
SP,SARUTAIA,609,102,711,1114,153,1978
SP,SEBASTIANOPOLIS DO SUL,952,286,1238,1280,112,2630
SP,SERRA AZUL,1238,257,1495,2103,624,4222
SP,SERRANA,6822,244,7066,8917,2815,18798
SP,SERRA NEGRA,6166,284,6450,7575,1403,15428
SP,SERTAOZINHO,21665,1284,22949,26261,6601,55811
SP,SETE BARRAS,2630,225,2855,2599,517,5971
SP,SEVERINIA,1897,297,2194,3275,725,6194
SP,SILVEIRAS,1030,103,1133,1191,252,2576
SP,SOCORRO,10619,514,11133,9549,1636,22318
SP,SOROCABA,137699,4508,142207,158272,42313,342792
SP,SUD MENNUCCI,1546,356,1902,2588,419,4909
SP,SUMARE,42456,1370,43826,49197,14693,107716
SP,SUZANAPOLIS,1012,215,1227,1053,88,2368
SP,SUZANO,45568,1108,46676,52810,17144,116630
SP,TABAPUA,2414,892,3306,3400,409,7115
SP,TABATINGA,3237,1106,4343,3950,545,8838
SP,TABOAO DA SERRA,40519,1006,41525,46119,16390,104034
SP,TACIBA,1521,318,1839,1368,378,3585
SP,TAGUAI,1904,207,2111,2125,575,4811
SP,TAIACU,1076,381,1457,1224,314,2995
SP,TAIUVA,1202,463,1665,1610,221,3496
SP,TAMBAU,3170,705,3875,4438,867,9180
SP,TANABI,6254,1550,7804,6946,985,15735
SP,TAPIRAI,1405,62,1467,1678,444,3589
SP,TAPIRATIBA,1804,144,1948,3020,745,5713
SP,TAQUARAL,358,161,519,747,95,1361
SP,TAQUARITINGA,9196,1703,10899,11821,2678,25398
SP,TAQUARITUBA,3981,569,4550,4868,1142,10560
SP,TAQUARIVAI,1013,141,1154,1254,286,2694
SP,TARABAI,1151,136,1287,1584,249,3120
SP,TARUMA,2855,393,3248,3799,1004,8051
SP,TATUI,18690,846,19536,24421,5468,49425
SP,TAUBATE,48259,1755,50014,65368,17369,132751
SP,TEJUPA,819,189,1008,933,115,2056
SP,TEODORO SAMPAIO,4045,411,4456,5635,1413,11504
SP,TERRA ROXA,1339,377,1716,1991,359,4066
SP,TIETE,7383,886,8269,8841,1576,18686
SP,TIMBURI,643,134,777,935,125,1837
SP,TORRE DE PEDRA,662,25,687,581,97,1365
SP,TORRINHA,2254,456,2710,2813,492,6015
SP,TRABIJU,271,56,327,535,102,964
SP,TREMEMBE,5635,187,5822,8528,1947,16297
SP,TRES FRONTEIRAS,1433,245,1678,1835,293,3806
SP,TUIUTI,1574,65,1639,1349,236,3224
SP,TUPA,10477,1268,11745,17257,3356,32358
SP,TUPI PAULISTA,3114,648,3762,3371,709,7842
SP,TURIUBA,807,350,1157,825,69,2051
SP,TURMALINA,823,307,1130,836,76,2042
SP,UBARANA,801,119,920,1182,200,2302
SP,UBATUBA,18439,536,18975,18984,6312,44271
SP,UBIRAJARA,1115,232,1347,1422,138,2907
SP,UCHOA,2262,560,2822,2791,474,6087
SP,UNIAO PAULISTA,462,155,617,783,94,1494
SP,URANIA,2097,426,2523,3099,344,5966
SP,URU,434,101,535,581,93,1209
SP,URUPES,3508,864,4372,4168,498,9038
SP,VALENTIM GENTIL,2948,222,3170,2896,510,6576
SP,VALINHOS,25618,834,26452,26546,5573,58571
SP,VALPARAISO,2882,436,3318,4244,1102,8664
SP,VARGEM,1663,90,1753,1693,371,3817
SP,VARGEM GRANDE DO SUL,6463,459,6922,7965,1587,16474
SP,VARGEM GRANDE PAULISTA,9105,361,9466,8925,2798,21189
SP,VARZEA PAULISTA,15717,307,16024,18059,5031,39114
SP,VERA CRUZ,1760,224,1984,2320,501,4805
SP,VINHEDO,16270,663,16933,16318,3748,36999
SP,VIRADOURO,2745,594,3339,3943,935,8217
SP,VISTA ALEGRE DO ALTO,1260,247,1507,1620,264,3391
SP,VITORIA BRASIL,414,99,513,517,39,1069
SP,VOTORANTIM,18700,643,19343,21831,5495,46669
SP,VOTUPORANGA,17001,1023,18024,22794,4510,45328
SP,ZACARIAS,874,349,1223,903,110,2236
TO,ABREULANDIA,196,6,202,451,83,736
TO,AGUIARNOPOLIS,280,22,302,532,145,979
TO,ALIANCA DO TOCANTINS,455,34,489,849,249,1587
TO,ALMAS,581,36,617,920,240,1777
TO,ALVORADA,1078,82,1160,1990,574,3724
TO,ANANAS,681,52,733,1284,346,2363
TO,ANGICO,166,14,180,337,74,591
TO,APARECIDA DO RIO NEGRO,450,13,463,609,172,1244
TO,ARAGOMINAS,192,12,204,484,110,798
TO,ARAGUACEMA,407,35,442,1029,219,1690
TO,ARAGUACU,734,80,814,1628,345,2787
TO,ARAGUAINA,23078,1310,24388,26691,9177,60256
TO,ARAGUANA,280,14,294,607,169,1070
TO,ARAGUATINS,1917,126,2043,3101,986,6130
TO,ARAPOEMA,462,33,495,1239,311,2045
TO,ARRAIAS,547,66,613,1474,348,2435
TO,AUGUSTINOPOLIS,1534,87,1621,2136,716,4473
TO,AURORA DO TOCANTINS,230,12,242,548,111,901
TO,AXIXA DO TOCANTINS,512,22,534,1196,270,2000
TO,BABACULANDIA,342,21,363,781,230,1374
TO,BANDEIRANTES DO TOCANTINS,223,16,239,468,75,782
TO,BARRA DO OURO,233,16,249,424,91,764
TO,BARROLANDIA,386,20,406,788,228,1422
TO,BERNARDO SAYAO,249,13,262,566,122,950
TO,BOM JESUS DO TOCANTINS,238,12,250,475,104,829
TO,BRASILANDIA DO TOCANTINS,125,4,129,320,48,497
TO,BREJINHO DE NAZARE,410,25,435,726,201,1362
TO,BURITI DO TOCANTINS,456,21,477,753,177,1407
TO,CACHOEIRINHA,157,4,161,411,71,643
TO,CAMPOS LINDOS,485,52,537,678,252,1467
TO,CARIRI DO TOCANTINS,357,47,404,741,215,1360
TO,CARMOLANDIA,187,5,192,470,62,724
TO,CARRASCO BONITO,118,3,121,396,69,586
TO,CASEARA,420,35,455,865,240,1560
TO,CENTENARIO,117,13,130,315,44,489
TO,CHAPADA DA NATIVIDADE,204,12,216,455,83,754
TO,CHAPADA DE AREIA,83,5,88,226,35,349
TO,COLINAS DO TOCANTINS,3794,244,4038,5492,1621,11151
TO,COLMEIA,739,47,786,1286,301,2373
TO,COMBINADO,451,22,473,751,149,1373
TO,CONCEICAO DO TOCANTINS,277,12,289,643,150,1082
TO,COUTO DE MAGALHAES,341,26,367,800,186,1353
TO,CRISTALANDIA,579,45,624,1371,394,2389
TO,CRIXAS DO TOCANTINS,137,8,145,375,78,598
TO,DARCINOPOLIS,442,32,474,662,189,1325
TO,DIANOPOLIS,1854,135,1989,3196,1042,6227
TO,DIVINOPOLIS DO TOCANTINS,697,37,734,1082,262,2078
TO,DOIS IRMAOS DO TOCANTINS,439,26,465,652,179,1296
TO,DUERE,307,33,340,628,180,1148
TO,ESPERANTINA,351,16,367,839,197,1403
TO,FATIMA,321,25,346,607,133,1086
TO,FIGUEIROPOLIS,396,36,432,844,279,1555
TO,FILADELFIA,348,30,378,762,255,1395
TO,FORMOSO DO ARAGUAIA,1809,86,1895,3007,906,5808
TO,FORTALEZA DO TABOCAO,263,30,293,532,160,985
TO,GOIANORTE,313,28,341,525,119,985
TO,GOIATINS,461,29,490,811,240,1541
TO,GUARAI,2682,176,2858,4479,1382,8719
TO,GURUPI,11848,664,12512,16392,5827,34731
TO,IPUEIRAS,124,4,128,374,53,555
TO,ITACAJA,423,23,446,774,227,1447
TO,ITAGUATINS,217,20,237,777,163,1177
TO,ITAPIRATINS,206,16,222,435,117,774
TO,ITAPORA DO TOCANTINS,161,12,173,356,46,575
TO,JAU DO TOCANTINS,251,20,271,498,107,876
TO,JUARINA,160,5,165,373,47,585
TO,LAGOA DA CONFUSAO,1621,108,1729,1602,695,4026
TO,LAGOA DO TOCANTINS,245,9,254,413,91,758
TO,LAJEADO,396,15,411,805,268,1484
TO,LAVANDEIRA,110,3,113,237,40,390
TO,LIZARDA,175,10,185,373,80,638
TO,LUZINOPOLIS,175,9,184,337,76,597
TO,MARIANOPOLIS DO TOCANTINS,456,36,492,637,161,1290
TO,MATEIROS,322,20,342,496,114,952
TO,MAURILANDIA DO TOCANTINS,191,5,196,472,64,732
TO,MIRACEMA DO TOCANTINS,1748,93,1841,4393,1125,7359
TO,MIRANORTE,1331,71,1402,2520,699,4621
TO,MONTE DO CARMO,341,23,364,839,149,1352
TO,MONTE SANTO DO TOCANTINS,166,10,176,365,55,596
TO,MURICILANDIA,156,5,161,465,66,692
TO,NATIVIDADE,851,51,902,1609,403,2914
TO,NAZARE,224,9,233,561,94,888
TO,NOVA OLINDA,697,30,727,1121,334,2182
TO,NOVA ROSALANDIA,295,17,312,558,120,990
TO,NOVO ACORDO,391,20,411,694,171,1276
TO,NOVO ALEGRE,107,8,115,344,49,508
TO,NOVO JARDIM,155,9,164,447,67,678
TO,OLIVEIRA DE FATIMA,94,4,98,262,33,393
TO,PALMAS,58274,2844,61118,62488,20601,144207
TO,PALMEIRANTE,267,35,302,477,116,895
TO,PALMEIRAS DO TOCANTINS,271,11,282,547,99,928
TO,PALMEIROPOLIS,754,44,798,1170,375,2343
TO,PARAISO DO TOCANTINS,7406,403,7809,9441,2808,20058
TO,PARANA,542,42,584,1164,335,2083
TO,PAU D'ARCO,275,9,284,567,142,993
TO,PEDRO AFONSO,1410,88,1498,2171,768,4437
TO,PEIXE,912,62,974,1602,434,3010
TO,PEQUIZEIRO,323,18,341,788,149,1278
TO,PINDORAMA DO TOCANTINS,275,12,287,530,116,933
TO,PIRAQUE,143,14,157,402,57,616
TO,PIUM,467,40,507,923,283,1713
TO,PONTE ALTA DO BOM JESUS,226,18,244,599,109,952
TO,PONTE ALTA DO TOCANTINS,544,31,575,805,244,1624
TO,PORTO ALEGRE DO TOCANTINS,230,7,237,420,81,738
TO,PORTO NACIONAL,8136,592,8728,10028,3699,22455
TO,PRAIA NORTE,272,12,284,537,177,998
TO,PRESIDENTE KENNEDY,300,23,323,649,138,1110
TO,PUGMIL,169,7,176,366,78,620
TO,RECURSOLANDIA,179,14,193,376,66,635
TO,RIACHINHO,161,7,168,417,97,682
TO,RIO DA CONCEICAO,148,10,158,291,60,509
TO,RIO DOS BOIS,191,8,199,414,66,679
TO,RIO SONO,328,23,351,547,126,1024
TO,SAMPAIO,240,9,249,492,118,859
TO,SANDOLANDIA,342,16,358,582,208,1148
TO,SANTA FE DO ARAGUAIA,529,39,568,946,230,1744
TO,SANTA MARIA DO TOCANTINS,144,16,160,351,92,603
TO,SANTA RITA DO TOCANTINS,177,25,202,411,68,681
TO,SANTA ROSA DO TOCANTINS,350,19,369,537,166,1072
TO,SANTA TEREZA DO TOCANTINS,203,12,215,370,97,682
TO,SANTA TEREZINHA DO TOCANTINS,135,6,141,311,45,497
TO,SAO BENTO DO TOCANTINS,298,16,314,469,122,905
TO,SAO FELIX DO TOCANTINS,236,8,244,351,62,657
TO,SAO MIGUEL DO TOCANTINS,552,55,607,804,249,1660
TO,SAO SALVADOR DO TOCANTINS,172,19,191,411,112,714
TO,SAO SEBASTIAO DO TOCANTINS,189,9,198,672,95,965
TO,SAO VALERIO DA NATIVIDADE,300,18,318,621,134,1073
TO,SILVANOPOLIS,408,25,433,698,186,1317
TO,SITIO NOVO DO TOCANTINS,464,20,484,843,214,1541
TO,SUCUPIRA,121,7,128,336,47,511
TO,TAGUATINGA,849,84,933,1455,498,2886
TO,TAIPAS DO TOCANTINS,132,0,132,334,61,527
TO,TALISMA,239,24,263,620,87,970
TO,TOCANTINIA,343,11,354,875,212,1441
TO,TOCANTINOPOLIS,1430,73,1503,2491,696,4690
TO,TUPIRAMA,123,17,140,313,43,496
TO,TUPIRATINS,110,13,123,264,31,418
TO,WANDERLANDIA,520,32,552,957,283,1792
TO,XAMBIOA,829,79,908,1499,539,2946
